-17.3632859247579,-47.912760634154
18.0182642909476,-14.9123917126248
138.88571589346,-179.399359507022
-165.689697902085,-104.321135155916
129.032313516919,176.108260190722
-160.462141157588,-293.363189563424
-390.890829313082,-235.258939126319
277.185248386319,-248.413267139537
-341.385212480503,273.78294329099
210.523122300764,260.640101383988
78.2058845038238,253.135388935975
384.678963125991,-95.5966329435473
154.143419170409,413.935391869786
-330.284332259388,339.616976271384
415.289142650785,-179.561849770398
-462.923046023299,-351.732060327606
188.834110510931,-457.101889461995
-80.4939639817727,-618.042570052583
413.599511441588,198.914584349015
-508.921611591931,95.9807389403204
-215.031618038025,-405.329802547199
-6.11078716143548,558.631207933446
462.876424471678,-228.083163224168
22.1264669404758,560.397049452675
-413.092220651008,-284.194983479952
-607.621364567782,277.102031491698
455.170504753875,-198.564306754384
355.252770264466,-502.056591437874
649.230840578924,65.5956079761834
713.620118040683,347.736442962613
-525.805167879578,-10.2475693040219
-53.8437818164321,-685.197134030072
-707.296544578892,189.518184222308
-131.236857943113,740.02889468015
32.2077376693866,-592.196805156588
-541.75085918243,180.999848653196
-692.817432107249,-314.538895782443
-400.999752442794,529.426993770355
92.5628906448584,687.456982806336
-269.820220435487,-632.958944112104
747.928796079582,-619.783029645791
688.549376831168,218.967810332135
665.89450753847,391.213514434642
-405.584945085595,-624.487763505738
654.736193483442,799.927557393732
856.277486490299,-304.010924403103
-378.534634574298,970.896190501295
247.035038264779,-738.593807780329
59.7613727806855,885.832067421388
-818.542952235046,1.12756061361254
800.901730566074,-118.991111615838
-723.030446762291,701.085390756394
416.921826126552,817.358899999683
392.896617051549,-930.451824504299
-855.299404985714,-652.2941961104
-997.8500954908,388.571280669501
760.27766770073,-492.230727832907
437.058341323856,-624.334021113153
-268.132429419151,-968.095716433693
-864.310935384337,-220.794768465464
810.600546236445,172.554448322408
-253.292658069943,886.290546065438
86.7628408784641,-841.35022154664
-920.878137710509,21.5258433302568
-893.41332195399,-156.667849387026
234.058816886741,957.653402445576
935.979967484845,588.594216877898
-670.664920947853,-657.669793351481
836.409024762924,-157.66901342008
866.703874787394,367.342266172569
405.81678919683,-999.537226985878
-892.026439295413,-464.612211599381
641.2109067079,775.360220759385
-967.603000265342,368.356629893387
-31.7068423677716,998.631474742972
-653.080701247426,612.917293655617
-602.205252911818,1012.35917965214
535.862919282579,888.993113712215
-135.712701813599,-978.501904403126
627.714007650481,-626.403446965941
-702.188324462843,-966.046536126624
-1003.78317476819,706.523516532889
1061.71114054342,344.84369915836
201.011593045234,-927.680081777226
-777.483605626127,822.420237550283
-99.6093862988443,-1213.46747260006
-442.708888142589,1072.81983049084
440.222593740892,-956.017149877834
-899.928596535118,-753.217106444821
-855.260311910771,-995.415681888574
1240.03089085973,-441.09411783333
-1207.96457078274,-108.337915729063
-1056.16450654423,456.85495912224
648.221361619851,1209.58985407524
778.563318988604,-872.815787701863
1116.55100021944,82.7924368184858
149.300571143319,1170.60592281507
-246.71791879299,1023.44267723089
1240.21271379141,-144.743309962384
-415.522997023584,-981.08947218011
174.055757471291,-1178.67340735506
-1121.64949495522,656.820018665936
-1290.2182575826,-320.177503364102
1015.04211924915,904.412961356241
1004.7832580934,-853.674748401005
994.637166542402,1065.46258321491
-955.882494923911,-969.502362721105
-1125.43035551827,-445.601611027173
1099.50529995094,158.748152583051
1203.43617209346,317.601218460738
-942.546920299626,841.060024964923
25.1256266134893,1179.57322373879
1171.08248692828,-44.5988524405039
-761.83990156675,-1295.65381745455
-516.168469050021,1202.49087865479
-1309.82732694747,82.9987824785077
-340.189591919341,1269.4170831081
-122.163312816605,-1224.59198328147
-1007.43076277945,912.596160991618
248.78227077206,1313.50505823842
1238.13909153553,-507.450213075352
619.705786542637,-1231.47916793636
-1254.33464040115,-739.759312103436
1319.84199487297,-294.286442863769
1233.94781273708,468.581875313231
731.776820640473,-1106.48786995759
458.088673652082,1110.84938663938
480.48248652226,1326.5830053136
275.385923357061,-1349.82370210612
-1289.09988072808,282.613416783772
1251.95791708413,-600.841708404292
763.542910580932,-1323.25212383658
817.957299606059,971.926181664689
-194.316504534011,-1456.97890080084
-1391.77544159633,-347.525357427412
968.149398055941,1002.12541754204
-964.965872350334,-1069.61379081657
-1214.96734771778,-391.737402096194
-1410.78781439436,408.625902356219
1052.82001290837,993.252487024947
1380.12680917142,144.469755946767
-496.517050207505,-1309.49051804768
-48.344709491615,1484.40999168068
-724.593008145062,1269.40476765139
593.170561269989,-1342.61673672894
1289.8132763005,728.188974195902
1126.41421165872,-1012.05702916795
-914.827995743615,1179.20193777797
-1164.27223932077,-706.044683374154
-1375.88924638646,622.496156203622
924.827974987985,1213.66306264255
1491.85112897012,-280.87203540843
-690.25745559783,1420.29087675244
1486.68206139488,353.89186275129
1095.35178868145,-1214.62786391061
1263.18655399759,-891.387805804183
-906.702239162185,1442.78130395614
548.006614503693,1566.47022221842
153.448923431189,-1550.87938485585
-716.581889684946,-1235.13108319275
-1276.25684494678,1200.51394127868
-1528.48063318129,-303.548637427174
71.3029655070727,1584.89783827271
715.014572277177,-1319.0016110516
-1186.30373924291,-1156.73258504347
-1495.45758718052,630.668053726252
-678.08194339044,1602.64313064015
-1549.74474163138,-106.440553984777
-1645.32399887371,469.902531887887
-122.798147045293,-1718.34893544559
-1604.63017770803,144.636503076057
643.057276350503,-1624.07150919635
-1496.34185870034,966.057442799935
-97.6125153959543,1476.81840003697
-400.397655470421,-1540.07303832333
-1380.95374319257,-1084.50596321619
1553.46146066404,-367.948073846552
613.621807603927,1679.07130034066
-1369.6761348922,-832.741034831015
-671.381319986011,-1491.95227610773
332.944864751807,-1587.30412338207
819.133922101219,-1447.33388626014
1643.50930121926,-255.891106364289
-757.266622030917,-1258.96977106376
-405.980665363055,1596.62005791614
1413.41876882821,789.168102099849
-1383.9701401113,662.15636727556
1613.67707274366,-597.611629149238
-1619.34585442384,-457.397398826005
-934.539833410886,-1358.29966170284
1017.51709950835,1283.5863594666
1366.54865500275,965.238223555938
-725.476097023879,-1623.51705920292
1703.75247911672,413.064403510795
1333.57584803635,-832.986902329147
1249.74380096883,1208.31807072449
1723.17087409001,86.9515342455537
1672.54653452687,64.8750998750983
-332.408837507821,1601.76409155109
1224.57319156738,-1125.87083858773
-1413.28186478101,1114.10841561921
-23.523236891271,1711.80016892243
1629.40925792818,635.61893656877
-1956.82695692154,-11.5195583338644
-0.793951310720459,-1753.99962055369
-952.410144786595,1463.62892203028
-1711.82475363439,84.8128589954009
-278.918649455616,-1738.29684449385
1872.0122874861,-593.721686337549
-1381.77180771968,-1231.70011878619
616.062027496957,1641.77379412027
-1304.98297798592,-1232.17710920265
457.470147121701,-1941.14195299849
1702.90932629584,483.185396420466
-620.926820783191,1892.23955452789
831.776553786723,-1581.19838707894
-1755.77736874199,786.655370627223
1701.13184517518,-663.504855215144
960.118725454673,1519.28009604451
-1086.96042101746,1370.27182701359
-1775.5076085548,-432.960470213633
308.254823728808,-1717.17142190219
569.160784800687,1748.7125791829
-1663.50227475675,-749.775922595827
459.640596467553,1720.51422892494
-1713.51897857184,-323.395062685246
-1673.17297714245,-878.25974480115
1662.71221030554,1100.29565305862
-751.089288728758,-1714.99264878104
-274.661383739299,1981.92776376839
1265.99379676916,1328.51157910819
-1678.59785813028,761.031978787427
1278.50810388546,-1377.58169188475
-1323.3805900236,1385.88013812358
-83.3692075194405,1960.46903171791
679.769561054737,1780.43737871047
141.809106565535,1942.23828913291
1893.4130467431,-19.4768918366646
1021.35874377382,-1605.61888752311
-1446.47193243439,864.303404831569
1606.67122449153,-1190.67369236049
1912.13978272592,-309.27513179004
-1835.71705028137,467.54114837225
607.496496777713,-1804.30364750103
-917.461415851988,1658.3768204371
1814.43003293656,879.883711662197
-1131.48839902558,-1465.53652493303
1690.44477497075,959.232489200312
-1834.84602553387,139.197331581375
1575.17060720201,-962.721858083944
1796.46889429756,-399.984606076981
-1163.95372227448,-1546.8314032769
-1889.04700368543,-802.651429069725
-315.770108945803,-1921.43791821865
-661.687264979225,-1662.80677255526
1288.36057108095,1463.80412447044
-1279.1121312949,-1409.21557649713
741.184655792409,-1772.18062741944
1991.38297098728,-196.058878795641
2037.40706217199,667.589397200222
1257.46947400642,1685.38523624953
-1179.92482325086,1652.00864798282
-785.157046307709,-1922.9064251395
-1885.60031743258,922.899552622543
305.881583458294,-2021.92282247932
485.635106102939,2019.8754216833
1492.96356173827,-1441.93257332396
-2020.09697181376,-222.726882194358
1204.35089729573,-1717.99230142286
-1455.04524755705,1222.0518640105
-820.657605141765,1814.80810001181
-1761.84460388292,-1138.65188227417
1660.04500005419,-1135.56829189163
2138.36411623942,51.664437589729
1010.61160786649,-1654.53773768261
851.238940363791,1662.8044108876
1978.28061265616,-746.81516939811
305.507958512785,1955.43044341175
-747.759336504518,2055.22649579693
-2172.09460738918,351.000878290363
-2036.86337458128,107.433105819838
-193.041903204764,-2036.40716173408
-1760.04964032468,1096.08768831824
782.827975240712,-1995.60407189426
-536.394102955432,-1969.30468176473
-1515.30742422287,-1277.0880463904
1885.5637956978,-1066.14238925792
570.660492319852,-1883.88148345958
-1362.77237324736,-1726.69703814753
1845.76660830903,1057.03687653139
2177.65025648639,60.568880669033
289.377833911681,2070.56094427432
-1939.58988682264,-561.459484678626
1535.48805976346,1468.93226691093
-818.118540222045,-1889.93552396378
-2085.23799927443,-582.717792774372
1767.71773001369,1269.72042808228
1998.40590244152,428.468399770823
1702.76871743743,-1209.63409971534
1692.06030439612,1285.89842542635
-604.182042282388,2023.51233277601
60.8141242614528,-1991.74499480571
-2018.9124350744,788.795561009041
-1456.46398689572,1599.45635461584
531.355236677044,1991.23601562785
-2046.16554909806,-389.17575733693
434.755180741369,-2095.46222690931
-1745.82809468329,1331.48016032059
-81.186225116543,2256.34609273748
1616.54956935003,-1684.69469843709
-1695.69972061762,1491.6430461028
-1768.89528787118,-1230.37142113615
2095.31780288216,343.570177771789
2226.60671081632,73.5397684850204
-2173.0617209694,465.905989078862
-478.474699957821,-1996.98173194376
-2045.29153221276,-886.512024045746
-1219.72350650124,1891.50579712878
-2110.16267735455,116.74514650157
1072.21864849174,1986.3077275262
2251.83385351899,-625.407072656609
-402.311296561339,2185.63848594746
-752.72699485974,-2233.46036040214
-1391.53471797155,1502.58165699808
2047.11060675346,-349.978546095944
-405.290479940872,2260.80987365007
413.133641649279,2209.43684798069
-1252.70505355135,-1893.84680484997
-1023.29503093597,1965.18174695649
-859.119088892478,2138.38215910892
1489.97200412582,-1851.87570572632
1994.50733402564,692.503949506187
862.764528190916,-2255.39938883597
-1484.45462049144,-1492.89266720102
92.9569640879082,-2428.30537486745
-2200.20432256872,-57.5805968016759
1967.21124844098,1141.81345810864
2043.06212118612,-988.084882825177
-946.09894469348,-1846.13941447514
-2040.67299536141,-1305.16619650426
863.109302434889,2127.81686460621
-2275.70620437916,-429.935635990357
1499.57092628924,1838.95959930644
-758.715204753932,2190.83222435684
752.896148496736,2012.47492450656
439.001680268224,-2313.52337283843
1565.64241258563,-1680.15390265093
1184.76579025777,1936.93514763022
2164.48916258702,356.02684204915
1809.68909555978,1392.0134566669
1939.87349331592,-1429.8807789441
-21.0745013690259,2217.74980510864
1850.98510853998,1428.91133560062
2446.36345470104,-264.763736337712
-2133.13567199483,719.900288144812
2457.73580242074,110.290782737351
-1978.49404251156,-906.355550844724
-1886.45603790102,1310.3513913107
806.953061795932,-2178.85510299421
-1174.06093094679,-2098.46171179506
-2198.84468166357,161.373735414191
-2464.49195731874,673.938289561194
1777.96187323754,-1285.35747830453
-1828.65715464198,-1466.19230430738
-618.698917855898,-2284.83462768178
-2311.70300053914,-639.739048211645
-1474.65813516472,1884.10461452765
2189.01581616649,1029.88761362414
-1339.52699325518,1966.17229133204
1317.05682290303,-1990.85343609552
2305.15148318078,-439.563462975942
1193.38236545307,2223.47251124319
-2091.00941956654,1235.7598028702
-1496.64790182752,-1766.04114620061
2296.95394063716,829.912760337457
2229.63073185612,-1079.75461800087
-46.9916493039821,-2341.22161165659
1442.61150979446,1882.64108346261
-1238.46869311674,-2079.32043283164
-2289.48589368725,-252.662150840494
-233.037453570699,-2417.23362743332
1750.56121667708,-1739.7652273633
2220.84638710217,-358.644345268837
644.217122926929,2544.74264063324
-932.224823933802,2266.79763153081
-1975.24476286855,-1435.61581936734
-333.445133289744,2272.29145142225
2438.8980972723,-163.3860186556
-1744.38511929247,1956.08669646539
2338.04563485069,324.13656477637
433.590648166936,2610.53624266529
-1040.84617324077,2110.46697814846
2603.57627014572,133.800095264856
450.324337499203,-2342.95981688643
-2160.70902469023,1051.86353246355
1042.04100358615,-2217.21416466961
1233.58122413123,2252.50733213405
-1906.89468219554,1784.8724808598
-148.21310556629,2531.59907422323
1631.37630936474,-1905.19066074307
-1096.52176338996,-2418.48069760667
-2060.20665505534,1423.83412359096
-2174.72692017494,-1016.31152583641
2278.39570093824,-801.826569434299
1122.61377984878,-2320.0980470983
1078.56732197137,-2367.35187590699
63.9432479575353,-2451.838721404
-2477.47046555935,396.524899547212
2323.47871400746,1003.31113439207
-2479.394132618,-376.222552481598
1817.31598587402,-1776.19454480226
-2496.27882901043,366.450201643133
-91.1989057590006,-2419.79092861455
-316.170108590859,2634.72219895028
-2408.53401498628,458.015752872659
-2331.84723830214,-1408.76479185625
-1902.19097957784,-1731.55691513146
2295.48812153918,1364.71923995114
-2564.9371023301,-620.963952259665
-2541.50764688089,-631.903572376618
2094.6519096097,-1435.01171777847
2222.37731066729,-1156.89951295149
-667.137741380713,-2579.27087577857
-379.397564331725,-2673.76532476359
994.583789591285,2339.67701367109
1401.02349784366,-2082.59041632535
-873.013447641684,-2366.41919856804
-1724.69055562494,-1864.87496739775
-2279.16006922316,1338.87238187145
2552.94759349788,-844.741492959575
-917.767608534027,2394.19427780951
2719.42910552629,-304.269464809267
-1586.03097076385,-2167.57396257797
1461.28494978274,2103.98224888106
1689.82798652266,1973.31544290818
584.985718653679,-2657.51086208965
695.822094639259,2497.44855006505
270.075030520893,2565.58003559966
173.801754868833,2571.26591306064
2033.10057935954,1451.1313466026
2158.55681200286,1491.17360344604
2015.8683914453,1638.69412406575
2193.34127336612,-1332.54351927096
-495.195060441489,2453.63132794034
-2440.59174643498,961.853269476357
-1598.65058023616,2038.62702237503
-545.444463010707,-2416.3634198815
-2431.54467548697,-975.347232811786
-1760.28709720019,1968.67938525538
1859.81684783466,1895.96037159975
802.131718281402,-2518.02939001125
-2513.71805420556,800.29693134539
-105.86824524645,2635.86835115938
2747.03707073781,487.902256870742
-1387.44420642464,2306.42781392149
2557.67837225148,162.28936691697
-1060.01025128114,-2562.68697074088
2598.45591792552,-827.181982395027
1769.3537444504,-1987.75227696438
-2532.26372150967,-827.35527291047
-2057.34393519413,1759.40649281744
-1504.09336140568,-2362.03524745599
-2585.64067858447,-30.8163886989832
-468.634712530449,2653.93146567451
-1573.17131087535,2343.81235893959
927.263537219988,-2403.77613406738
2414.52862739718,829.941938031676
2193.31612919751,-1719.06532638041
-38.607243376595,-2697.54922234195
1602.21832417603,-2259.42012866607
-2137.28742205156,1665.70962174344
518.74364511419,-2746.79250737424
-2735.50550809492,431.923115008539
-2006.08507992685,-1842.51171595764
476.997927082439,2654.08467117742
-723.123325361036,2420.46156607603
-2427.82223778675,1342.0887607215
-2708.02734031212,-504.02600261243
1257.09656435347,2555.18576040409
-1734.00680675587,-1915.69743029229
-2728.40545818629,114.065604728102
2697.7961467022,-345.517963119558
-2419.81819402556,-1152.48414083383
674.235723707917,-2639.41286207278
-2720.82424826358,687.717912997359
2625.27089159415,855.983252915938
-968.856608087831,2581.00987335658
1586.13607762631,2439.26354081788
-2409.20801084612,-1650.76819163755
1065.24710393498,2680.23989568405
-2454.70121654261,-1392.54337243612
-2548.32431400291,1094.31119582526
-2736.79663519782,-15.105481527678
2151.01275844832,1672.00407763536
-2543.51988882439,-1096.77797660742
2921.49140485906,-190.497478317393
2115.56885514894,1842.94388052319
2115.19616428374,-2026.40380473678
-1280.67327326533,-2437.05195570721
-12.2227302288504,2840.4179060807
2367.57615731094,-1454.36831886682
-1570.03612070602,2352.08841371237
-482.780782821646,-2805.38298783323
2707.90770536303,475.686633819004
-1248.97086083088,-2563.79581833526
2950.17151120839,96.9023000019972
-1176.28536288101,2633.00370678836
2397.0835965713,1338.10441782189
1017.31789775488,2526.93041693601
-369.732556900473,-2770.78010919685
-2329.73396251543,1671.17165699263
1122.53934444246,-2505.45500369132
2600.66830518881,-693.695486668702
2689.52426096893,-1025.37090628725
-773.911455456573,-2701.75560965195
-1663.06779224563,-2464.73499294555
-1856.01661203334,-2230.51997912793
2505.95204687241,-990.709123863977
1666.8337779468,-2323.81622214515
440.977709896221,-2747.80582083079
-247.013065179691,-3007.563666739
-1739.51890814098,2416.68025963861
2186.54495557654,-1818.37790416708
1971.3338434615,1968.53579487409
691.319434380633,-2754.20373486405
467.689497971146,2795.2434847177
2418.66257013569,1411.99125534966
-2843.22924209836,-545.120511922083
-340.608619679211,2776.66439206051
875.695119275371,-2660.37786160914
2756.04124679307,-615.691935669553
2563.3745778244,-1567.28248866109
-2419.75166609377,1338.45718082449
1121.60910449003,2703.16089891311
-591.23237948474,2681.09186558111
1864.44810410506,2150.70537984701
2644.54211890788,1192.03744406066
-2696.28216986049,-815.336624657915
-2680.59982371681,1126.63621035055
-2933.46268436988,-286.060350476894
-2923.8669732471,-73.1682544206281
-2722.598239586,-630.329996842831
-2052.31114612877,2094.52971641392
-2847.26528803732,780.548654318894
1570.98379108569,-2677.02559789314
458.777395552441,2864.81832076969
1669.65561599033,2520.18403866614
2928.55330269628,720.754928548272
-129.548117920467,2956.14472742618
3038.98523998199,224.146751346839
2768.91179983086,865.780589825743
2613.45500910707,1763.93986908633
-2185.42860185309,-1668.77081680018
-2107.30870384466,2078.66977171601
-2267.6163289831,-1767.59542481021
-1424.40808665783,2617.38189229761
-2510.99069303224,-1578.76197822703
2897.45947797696,-677.412102810795
2703.51322839327,-945.459671742368
2121.03269812295,-2234.30213883114
121.477941503563,-2808.54209315642
3094.61798690503,-373.992515825859
-2584.41953731668,-1470.99114065348
313.905351006269,2934.59506456862
3208.30591690455,-88.6595670064639
2554.73113584431,-1565.66451731489
816.622132201365,2988.8433535211
-1841.28670767182,2394.29312806757
-1537.54746995772,-2350.31748087836
83.7500249397578,-3188.07203835015
2892.35906174191,772.591987099707
1649.20471130781,-2683.75312386191
-890.763487655522,3000.86437278243
-1001.98694093577,-2934.4190924897
-2619.77748287404,1472.64373402442
2646.39274529462,1595.71160749641
2591.46461507616,-1905.67335609375
1095.71870448186,2968.22375503249
1118.01035130787,-2910.86924053694
518.893062169851,-2814.21061134279
3228.06655838766,145.500902244352
-2492.52406445097,1759.97998709598
-960.600381842961,-2814.67595277421
-1960.82549105988,-2354.65996646296
1492.59487731262,2609.84814998262
-361.984187931701,3110.9124965236
-3071.34755182585,415.718236742987
1663.60444655856,2639.17417570914
-2271.62851780375,-2058.72090087993
869.159938750078,-2978.88248534533
-1461.10590250067,-2628.96237988044
2043.24491094729,2117.65003212859
466.62085500864,3171.02365342346
-3031.19588114413,-803.722106614864
-2979.17262530986,837.327035333076
2570.17578383115,-1702.26884912015
-2955.93453636484,-1529.35842850824
1878.07344751574,2382.84012356132
2395.25928975126,1962.1714158448
1184.66012337429,2776.55298763581
-2935.91078738577,-1054.0755603034
-3061.74983738308,187.940028097325
-1705.94963675976,2886.67435681498
2729.41949102315,1254.90550420832
-2226.9939723843,1862.79777852034
-719.761393449414,-3205.91011122319
-1981.2502868929,2229.26748399054
-2908.17191238,1186.01532055677
-995.041188789754,-2983.33905709838
1696.99388148807,-2564.98190121409
130.470998386353,2967.51983501676
-1215.9121722937,2939.50672269888
323.668461901408,-3106.19945926221
-478.034934428943,-3263.51239295182
-2102.16500949533,2271.09666516731
3012.09211952095,-671.005120622723
-3275.22159975939,-79.8542762234673
-2750.66696936939,1245.94472629822
2909.34251190714,-1400.22639917506
2274.38036309174,-2182.5617425282
-1287.27028467208,-3013.8563434033
-533.857658746588,3146.32573369292
-2045.53744167618,2472.12874359468
3170.66567727249,-439.522363000213
-2860.24892294371,1021.25253138284
843.171413212048,3003.85569376064
-2982.56321554984,-420.893917910799
-11.2687865920506,-3338.13604888229
-1572.17636877812,-2919.46099369381
1981.29585785383,-2638.51300409857
-192.37694504302,-3205.30239112012
2182.99195149989,-2646.63898815791
-1806.31965197797,-2593.60628046702
-2257.97222828125,-2597.72702820836
2609.29848820677,-1842.08854965095
2482.90604596624,-2183.7211697179
-675.551717615983,3117.79837216003
3173.49329174459,298.697526926389
-3207.42835694163,596.525369453617
3160.00380116633,632.62736464531
-736.272447246406,3041.26443215199
715.892820991414,-3097.67293058604
-1331.04117140105,2915.27770095016
-2767.51554702807,1644.34021307879
1272.36151830507,-3152.10464058798
2198.2247159429,2277.26592377199
-121.29280291199,3341.79080443709
-3023.19149308767,350.71744473362
1987.26480906115,2689.70087207048
1795.93223756068,2782.06603604606
1319.67829545009,-2845.6372438357
2405.90317327948,-2313.2684539493
-3028.98695668585,-1188.4026351236
-2118.16356181559,-2702.83012072084
-2586.96505407194,2168.10982747087
3206.56838907327,-1051.45368982594
-2193.84142809648,-2470.8484667063
-2682.41386796741,-1905.19668530806
-3390.58132448859,15.010020564883
2880.00530842424,1862.85454944035
-2713.64764802533,-1761.62679751845
-2943.59789021104,-1153.5177043503
3101.85000048152,-758.384044599959
-1612.19435477154,2863.09766427931
-3486.66070183946,-379.161902413379
-3121.03425350715,-539.175964999706
3151.93079226335,367.028190199188
2973.48178865062,1615.77828331116
-3087.3688171352,-601.91497055149
680.680765298532,-3242.41507848524
3023.02918200389,1376.24477318922
3349.98899741259,199.361084246745
1325.59291743417,3007.56748188853
143.225747341564,3506.7889869599
-723.570174443086,-3328.16636997925
3117.9091221322,1091.94722854176
-2946.90178868591,1741.90227170515
-3414.5419685561,-1076.0738797217
2629.14170315272,2152.41680862026
3398.83042839997,52.2799776894607
560.945011352328,3146.94040962655
-1144.26403873285,3195.62842547752
-177.018255955228,3343.08762083256
3018.93602764672,-1570.84890367613
3364.33665081117,-410.831186118625
-2518.97314289656,-2382.63132252821
-2215.96994741346,2712.45396401264
3547.53928423633,336.218741869935
1110.51366646325,-3201.26997700744
-3296.36871109655,1010.20843408698
867.153113520871,3340.48545418085
3359.06781691909,-1174.35692455922
-2190.36512086024,-2600.12926321397
3205.57504861438,814.842209413841
-1235.37760834492,-3156.93180571393
-1594.90076844313,-2931.82413285682
-205.183140910217,-3340.53904146738
1725.64049334351,2849.70349714708
2860.24488261005,-1911.08243461545
2253.99619886945,-2781.07288291725
1972.9714443303,-2934.04720626471
1318.32935417176,3136.32166013048
2411.78821391549,2623.21818924637
-282.758262293244,3502.23140767182
2149.70247291472,-2524.46063404856
-696.098797807844,3285.45389645687
-1530.43725516932,3154.70749906178
-3517.83202937275,225.47738728301
3014.66082956684,1526.42033775357
3195.55089658193,-1125.85615380491
-1803.36129727919,2741.62550828573
2690.70608846817,2068.78663221397
2149.05783576484,2753.01905898112
2903.9657879527,1706.36663405836
937.406601951706,-3412.23195776847
-2312.64780753062,2584.25602914866
-413.829473584603,-3389.07034747612
-3228.09851753305,1232.14746820149
586.066506330394,-3550.17521924221
-1190.23752191094,-3193.63055554679
-1631.77386224348,2862.03069845192
1908.87698357327,-2871.88714437411
-2650.84766701479,2100.10206589617
3304.47391516625,1434.64205768349
144.464312280217,3325.19358370977
3056.15449449263,-1998.31314261114
3302.49212770095,-746.649243610069
3441.18234767343,-255.22058742888
-2767.6524590978,-2103.95338315943
-3444.23590479335,595.544607333142
-3301.41915003304,-924.576659638804
-2727.16533172995,-2063.56531862109
-3005.19536452248,-1775.17672180723
-2697.19152631679,2594.53136769702
1642.12178198502,3058.48295188238
-3175.10321879419,1527.90054333966
417.204363159751,3439.49943274798
3373.57839148779,981.470745653512
-3571.61984940174,-485.244919287762
566.928681272239,3354.30778155584
-1757.06192976725,-3201.41635534839
-886.390693391654,-3564.93385307343
3388.90003407654,623.359384070502
1455.72892410732,-3297.84582569981
889.580881604753,-3480.96872865346
2610.33176203112,2402.60756395246
1779.42130705374,-3023.73554879812
169.847691072047,-3442.24142204029
-3595.16877129272,-60.1206006543988
-331.272446471558,3518.15429974873
-3145.93960130618,1770.14417594339
2568.73010971069,-2537.2605648939
-2830.88002298972,1743.53174473902
-2535.7112273042,-2549.87054331365
1204.98136172254,3573.16564376041
-2723.794355181,-2311.11952435801
3093.81298858752,-1814.60679350201
-3471.96136522797,-1359.74909711525
3211.23197603524,-1207.7910511729
-1283.78684955726,3339.81751317479
1305.56443155901,-3437.37748030424
309.882397723402,-3578.80041775661
-1537.06527941234,3331.2285470708
-1199.43093791439,-3403.7469250072
2508.27573965269,-2323.41819933397
-3724.52101945637,246.644927794001
-726.500072928704,3517.73239284026
141.956234041778,-3586.29804329549
3109.52605608888,1606.10448064791
1347.5092042272,3143.63041119631
-2877.18857687073,-1760.73551833236
3686.42964873255,511.89190270766
-431.775424101002,-3641.96187026087
-2100.02344781462,-3064.84341840199
2318.66349524311,2733.65008400342
2877.45254963841,-2097.36609396614
-3749.07440999161,-666.658744142276
-3628.48380261068,122.267076666112
346.589396313662,-3582.23074869151
-2901.21928999439,2055.6455111725
1504.65269134537,3194.36619324303
1747.78250313512,3274.28036090998
-3416.09732888011,661.115382744171
-3318.16552093628,-1695.80734168818
592.389078154637,3645.27944606994
2750.47743793537,2430.83830347241
3385.42952610173,1467.87185200345
-2142.87627652943,3134.95826321986
-2497.23624998233,2761.25235705354
-3476.613257566,1306.94355294026
-1006.06611451838,-3630.8016256681
-1912.21943872465,3141.08196335303
3435.90595105748,-1058.6268709723
1671.59668488211,-3417.23452161914
3115.05645453536,-1988.16330239018
-2289.40340865337,-2922.22369754334
2139.23398091649,-3036.06631539834
153.039630824666,3604.63431441632
-3039.4919099679,1965.91700433846
1855.66269507196,3034.24846747018
3677.95631661337,-912.370497148151
-1454.31526044259,-3238.69977736241
-540.760570722085,3634.27020600464
2556.47239086735,2810.0223293849
-3302.60711448427,-1455.79286849101
2604.35517134528,-2807.79250165916
-3762.87769618801,-166.973238897239
-3572.05348064879,-992.201644914805
3309.06406007648,-1493.55100307465
-1937.95219109978,-3291.08075567689
3972.31248814658,-402.432244162396
-169.543626996693,-3699.10946022184
-2181.92370514673,3054.26392697188
-1689.0532136217,-3409.11258311735
-3586.04731723971,1098.78315617212
3794.09014109551,97.818092667154
-3666.52505981447,1019.04960803879
-2560.39397398031,-2814.76309127718
857.696714096392,3628.42438495117
979.99378869027,-3651.49812165713
2792.0397410764,-2431.21027596737
-991.57578377213,3591.98060162487
3752.09443564778,1374.73612205858
1848.99534875815,-3294.10004710376
845.340729608046,-3442.6417204338
-2902.67749066928,2506.33498653332
-3294.71706671016,1704.75171446673
-2897.27847321946,-2420.56458530877
3574.07580872826,-1207.32736066051
3797.2503705235,881.041097999649
-2497.57087478818,2587.13443419129
-1220.28339242577,-3606.39406346462
3748.42913690998,-772.515579143104
-3352.00904801379,1468.0877876617
-3601.66367496394,-1017.03608290326
-1596.75879978072,3313.94447313621
2456.81123205061,-3042.17437163182
3386.1479534407,2155.1578200668
3921.10795537157,-112.051120443155
3821.67177811978,356.93336638461
2860.23009296005,-2496.7355547204
-3827.99190384346,214.179172917573
-2902.18968665121,2417.02313497595
-3987.43724245003,-246.904788294689
-802.410217827392,3961.2195126492
-3857.14327505347,-840.4979148996
3479.79453176511,1329.43910565761
-1402.32590134147,3377.22202851833
-3146.00990472799,-2338.2493948509
1990.44175730126,3382.74059633126
1330.65593247676,3809.85599541261
2220.50459576528,2961.96027872898
-3888.86815191175,-513.797502246537
459.872073927186,-3826.33123496498
2945.21036186257,2243.17761579337
3358.76998656192,1819.09573399971
-1315.87865390051,3461.36048843526
514.998449837095,3828.37511201215
1930.00815038483,-3523.95962923227
2796.16298249516,2686.5861316365
-1885.33367745546,-3373.91033451131
2906.20838289202,-2396.7041200539
-724.59796830272,-3687.95157759066
-325.48099249403,3890.90895550859
-2806.48010899623,-2719.22431437842
3505.20732529688,-1719.57349594828
2407.17821657241,-3010.32607219782
1685.18704659105,-3563.36155943753
-3329.7632272844,-1899.27799109784
3720.21303774978,-224.036558543544
-3943.54984407292,624.441298867924
435.143787700818,3887.88305858353
3729.86348267852,-1431.51335544431
3462.39119572565,1798.46385997119
308.276959094632,4028.15125805834
-485.905786874443,-3989.40352855246
-2850.44984079896,-3077.86981854773
3393.49812745245,-1611.26081383017
-3787.23920205205,-1500.35870413626
-1365.47722214685,-3832.24051266921
1258.96784364038,3621.06820439968
-2281.86472717792,-3214.67008660112
-774.234437680474,3872.11351941117
773.882460181144,-3780.16401771355
-1248.70388711504,3767.26315156148
2684.2775125899,2981.96685777641
3746.13625188161,1291.60609181078
-2928.77559555005,2492.62913377533
4137.79830172455,-2.51134437223777
-3754.99028200814,1921.91135154526
-62.2228508211088,-3781.44268001118
-3242.05322426289,-2286.56339284563
-2719.79114432427,3055.18333113423
1156.86488070744,-3640.19004204776
-3613.09825993691,1371.74866962997
-1870.87001127424,-3640.93964464015
1952.67347208853,3418.77953600811
-3855.02701643156,-985.174890017861
3676.85060061585,-1289.29659064336
2708.4685394683,-3175.41859147989
365.55782236727,-3884.45980330455
-1391.03667545401,-3724.34107727033
-2094.95908521656,3406.48591087128
3843.585027732,-185.374304497117
2717.3947523178,2666.92053374852
-3851.47901418242,1643.10760725721
-3325.1150557501,2269.89877531
-268.611152237925,3834.38440053032
-3558.95139181607,2261.24391273708
-1655.32479015537,3571.11135298671
3177.42355550935,2640.60263813844
3519.1947096298,1984.35307864323
3988.58370225702,-561.300643011429
-2945.19589577336,2937.47164210021
3987.23129518405,711.324648036667
4028.41791316113,436.445160981822
3466.69196202188,-2370.0981197932
-429.061972435183,4018.37414408059
-14.1079165617389,4065.58053049395
2715.96038565331,2896.79986016569
-4153.38650786013,-41.0915428055815
1542.60478313742,4038.72594754021
3765.45020991027,1526.42122166661
-4042.28276651452,153.258692018256
-3939.04577739674,-1277.0971214747
1597.98219313022,-3787.34201604262
-921.783621053588,-3938.91839567702
616.043042750769,-3898.78507148661
-4296.28035140441,588.367161938875
3874.36702987257,1232.50495897369
3787.89121333969,672.835204345778
-4172.94461029609,891.084966394002
4002.36461590319,-823.116006337813
-2492.31197315248,3322.60493394093
2149.0337854816,-3462.31730246067
907.481884521899,4080.33164860741
-3191.99989793611,-2487.45412533362
2287.54280661173,3233.38070249674
-727.486463820311,-4161.16144618377
-1612.23269163235,3845.8175908109
-2394.65718430227,-3087.43439235439
2598.9073867651,3126.45595541577
-2209.94834337021,-3439.89019618753
-127.252853920819,-4106.20258316588
-3727.39241631607,-2180.16541466593
-4066.92415107778,-711.497205231791
3400.49276258235,-1893.84529172333
4042.96395498989,-1601.88483625867
-1279.76759060317,-3964.64784852256
-2915.69011957275,-2898.99757849292
1401.8965532614,-3903.33896403477
3049.42273661947,-2961.65343753556
-141.068736590529,-4264.29662946689
-1446.93540179756,3895.73026872896
-934.15418430887,3861.53605697599
-4121.83427120926,375.926059733698
404.430238269726,4370.36814921171
-3011.38741427809,3134.33189789632
-3028.65079387225,-3055.55292302437
-3503.07951487397,-2276.46860264369
-1791.24830091064,-3791.40454059177
-3267.59908847738,-2710.24867822089
-4295.86851492408,-227.079296901083
-3030.49850169487,2814.45427745847
-3741.16544892116,2110.58641240947
641.855092600355,4105.28523934378
-2540.68022404346,3119.08950724035
1218.47622533276,4202.56975929567
2975.00493123877,-2641.98271306628
-4034.69811209954,1171.47315378653
-697.480559848479,3955.72211066619
1553.00687624361,3632.13497657804
419.220998363253,-4102.33472277496
825.385537623715,-4157.05203676105
637.756024802905,-4192.54237133444
413.666908138269,4334.11172298683
2087.87491494476,3671.20020543548
-3885.20527994945,-1026.9098082635
1765.21861073493,3584.59253110236
1634.44234695974,-3788.29971217419
4355.35878220308,507.349720702554
-4145.68370734549,-741.229060973605
-3497.59462717071,2626.83867755609
-4209.9895789068,734.993250365728
-3629.975841713,-1931.04141518956
4336.32471217169,-135.400671417118
1059.81832578534,-4215.33988924938
3344.31315319042,2720.71547033775
3459.26603206008,2522.42600151707
-3969.63291999452,1570.55204162472
-484.384062812279,-4363.93601736547
4181.44122787296,-1405.32790572301
3572.06505493152,-2369.79939283749
3648.25768454593,-2306.46319039682
2681.62289152213,-3403.58957600836
2173.45304102074,3590.67899312041
1842.22354887382,-3645.97252254199
-1718.23736450194,-3887.04332267968
2851.21934581951,-3240.5332851583
-3737.18513928522,-1814.83407877704
1273.52001185377,4056.80920846263
3191.30670866037,3291.98731922643
3938.77212878928,1292.37245259096
-3855.07365219953,-1651.79516297748
4202.66851735233,1705.2517782432
-1016.95302611354,-4380.95295794435
4012.46090859626,2155.2761965607
4009.33627981825,-1482.46647566869
-4114.74945275294,-688.710456956769
3866.44894565565,-1907.02030641351
-2310.18936078182,3763.55555116772
3933.1838161027,1115.19612801266
-1440.02237797431,4271.02119249985
-2127.66512999754,-3863.20043861193
-268.626113095705,4358.72282274064
4213.02322422693,-873.443865722439
-2605.60350019664,-3519.27182802643
2178.61518539631,-3570.16432470808
-4230.13648039379,950.597383793505
-3383.7579639464,2889.91184372629
-3906.97995617977,1918.92504869519
2166.92496253542,-3821.83864497092
-33.1205222574597,-4151.82903138281
3854.01836171739,2508.56047577974
2329.90136913198,3677.55533679643
-4332.0363614918,-273.505601567258
-2796.96554362431,-3286.44169819394
-2933.37118327068,3575.85079363266
-850.797327427866,4533.37780130258
3360.50442451641,-3066.86382750374
-1229.18443321103,4227.00766182369
2387.85833538458,-3495.26750734526
-4359.33915748077,-1079.99044235419
3345.40013412808,2928.421790272
3854.2954155141,2079.89943088745
4344.31074977371,-17.0299101712747
-4391.47326265547,132.956704306251
-3279.68089488498,-3184.53274811171
-4117.05064983188,1464.11950706281
4420.13142784149,-301.192333444883
-3587.95778233998,2668.01266929371
-3426.71668412802,-2859.69518975839
-3570.06520955203,2533.74270790631
2596.79074593308,3449.20944652324
-3779.01987163546,-2477.82413668924
1384.9375549479,-4334.61276773264
4364.44180598945,1246.16792576034
814.513737713302,4378.54140663826
4211.76738098423,-882.204308505184
1265.69176488502,4417.45697401345
-2139.18372493805,-3901.31674568069
3199.51781191834,-3051.42517418526
-2299.37638212077,3820.93617855099
4003.81622643413,-1750.45020033909
2845.76470256405,-3354.95745123415
4571.49383192232,-519.735171844456
4404.16271185152,292.261753345477
-3922.90872319978,-2446.79292868353
275.748824305567,4293.45820754312
624.851690432775,-4341.37543223257
4244.080389658,700.393110025058
-4426.09147374877,6.75299531714126
74.372571388502,4373.3209827929
3163.27284458853,-3224.79321857612
-1960.43482399116,4043.57645189672
4295.68494835766,-1283.94682559582
-4293.58946338132,-1438.99682095633
216.833092505141,-4465.02547010055
4545.05975787799,-331.818518823398
-4427.7426854436,-925.915916674942
-2367.25872845418,3587.31042111253
-2641.66336380664,-3832.6643168902
-4241.04292117513,1657.60848301784
1971.31644166891,4064.00003499402
4024.16400028019,2198.01148660473
1799.2423541279,-4026.58048927408
3566.79516640812,-2789.11996884245
-3736.75066987892,-2823.69800452137
3436.03694619737,3121.35313324336
2554.12487987047,3657.21516675894
3825.30092497622,2658.31071417886
1908.76564298653,-4152.20432888998
-1488.47758090501,-4226.65504417157
1752.63682800643,4163.29837757863
-461.008571421617,-4728.13687628675
-3370.25514773457,2914.42919800437
-3943.0545431593,2562.44994572731
4205.59672974163,-1673.39881779924
-475.2239372098,4664.1666707288
-818.557526206894,-4547.95961910519
4185.28226206656,-2343.67255124477
-1589.54055484759,-4080.65402497795
-3189.08430508857,3385.95351227546
-1044.26504361464,-4546.36682122746
-2148.39709134301,-3744.65235065785
-1543.54517127406,4218.15359566099
396.527408482797,4576.27266555315
-1514.35919006344,4499.85691064165
3930.79952223847,2552.43383589268
-4341.42132921437,-1670.08925584778
18.4764384389711,-4423.4992546658
974.59245592346,-4740.77933796716
-3473.03131257451,2913.15541320424
-3173.42546931649,-3284.92006566967
-4054.59558248761,2166.57920789539
-4109.87518098499,-2292.38851915302
1203.28192520408,4589.59363064434
-4465.45217679363,1179.56618965237
3750.02593353332,-3060.26335242861
-2684.85593113076,3903.7003136451
-4549.60553486255,801.233956621589
-2912.18675778982,-3531.76864403514
-4715.21776759219,-1215.16133577882
2891.51223546376,3407.97684687817
3877.91564076091,-2534.48440641495
-4359.3926015137,1637.95055823091
4458.50062744461,-1277.7510373034
-4450.39117863874,-1279.48285954552
-1453.94865113012,-4486.67313350426
2679.94636641805,-3661.78809946828
-612.423286952943,4467.18740152926
157.011599225258,4700.58468336386
4767.87621823516,6.25199775676846
4435.13669933734,2202.83550307198
-3454.26899039211,-2995.86798789455
4286.47380137316,-1960.49391140907
-2447.41117254662,-4232.86099315843
-3979.12840881945,2509.43751686248
1591.22499966665,-4429.12084167175
1551.80520936318,-4411.22414125163
3762.44493363312,2848.79610801371
-4707.15670221932,-111.811072888103
-241.08035869644,4529.35843521428
-587.511628334616,4576.05207132128
4592.9569552013,1158.11851347997
-1569.71702968426,-4313.80787543824
4964.43940390383,257.472843077497
-3305.7605456532,3712.73296708943
-2072.27769183372,4140.99491138014
4761.3367683785,-837.062317448657
312.258487024266,-4805.92080315344
1918.69313117781,-4353.94357410387
-1256.81211757842,-4564.76690207549
1893.49111896463,4118.03188852956
4076.5373691943,-2818.66170560874
-1014.97645537625,4573.69909212963
-4461.20576789714,-333.18358071718
4691.11344798828,824.77016579559
3323.00586420956,3400.44064062185
3080.69320845137,3485.37003030893
4652.91281927092,1310.45090466183
2507.31511751058,3940.45953302655
-4497.93860538299,-1434.19906421502
1529.64360431443,4595.0419954266
4289.82989933724,1895.92278964913
-4674.34672037381,498.633815793585
-2547.49406538514,4058.39860716184
-2024.48385449827,4287.41586997789
4411.56467212658,1225.57623770987
-2643.54107957107,-4077.78533891657
-167.433675887987,-4830.1370692089
2321.4066083689,-4473.81978206019
2692.88410000351,-3906.35845975963
2323.67391124398,4183.69319597431
-4688.34812348712,1001.18418290911
-3888.60037613948,-3153.48124279014
-4190.64578138348,2357.43381549595
3579.89090459419,3151.73064486044
-4096.63418969035,-2059.95722635799
3391.3225466651,-3685.43969392883
-4499.65968751227,688.139922972579
-4015.34852885366,3017.42788374352
4471.64117689446,-1751.59763345527
-1760.5433238766,4642.34912428172
-3261.95086255179,3240.46391905222
-3135.43949924578,-3513.55093710315
4127.72950075673,-2610.44957815273
-2999.03585957952,3754.48263235004
-4196.50128633763,-2229.8462469592
-833.49546811966,-4739.47133257658
4773.1498941923,-253.985079468229
660.683845487312,4782.78139808134
1999.73557095557,4732.19659946648
1030.99730008087,4788.24071309327
-3306.07524335953,-3414.78513843688
4847.46022028809,1227.04307023558
418.714703398133,-4929.53135012147
-4713.50250172473,396.675016915618
-3704.17097707044,-3274.52635727557
710.489720364696,-4825.45870532517
-4992.07785819285,-226.431864544315
-3950.17642665147,-2964.91226869005
-721.574776927812,-4698.81349535548
-200.740006371279,-5158.17747199469
-4431.81709592539,2499.64911859484
911.450224355793,4917.49867951111
-4625.25044582691,-701.8706462012
-4721.49814421188,-428.062787358617
3891.97114763713,2610.49849942878
4843.51551908645,231.900079198975
3168.32022535169,4068.01683640651
529.730789851259,-4649.09885577648
-4955.14947788908,886.448015719528
-1014.29230834274,-4801.75423165883
-4756.26077665931,-874.005593569536
-1143.96564745672,4742.08283714415
269.823188396191,4957.23958353534
-4808.93379778003,1674.4350184003
4832.24341919429,-179.142280718543
5111.06051476722,-375.319406315771
-4966.67860152287,-1019.30416569639
-1998.127762409,4774.46060038506
3370.4795886271,-3371.59385713811
1326.93669488306,-4983.14251403168
4282.52202853899,-2515.60463008982
4040.92412741498,2784.64653457979
4690.89183965701,-1625.66452690804
-1465.04722566643,4813.9245354825
3695.72074109506,3472.65191982445
-2341.11659841373,-4392.46061239432
5096.64853208923,-893.015655654877
2064.21079487914,-4781.07613983153
3995.9270330671,-2976.70215893994
1756.91731259545,4972.42616483318
-524.450398640478,4848.48272719908
-1776.9855358532,-4769.28264756359
423.688657527722,4934.59814061911
4762.28065759379,846.174617248264
3387.80198151119,3769.28487859018
2204.44890633102,4604.48134057925
-3084.55502049956,3765.96334514288
4696.97245197844,-1536.12614352442
168.447039445992,-4783.78735308807
3227.48167519171,3760.20816633766
4775.73583847679,-1177.61552219176
-3924.43606013085,3194.67223052909
2433.02042127281,4142.98285362827
3548.2546977585,-3765.25648532148
3782.02386319094,-3366.03829885333
-4581.50131210856,1950.8052806978
-4867.69967594755,-1792.90102540783
4441.50403666939,1809.54789687874
-2653.48268945266,4484.36564546055
-70.9399538735294,4796.55619625172
-2880.50538757223,-4076.84353338933
4041.52051806119,2606.06768323989
5045.45326577519,1275.55964037763
1074.49601481315,-4960.98802399098
4493.17777049341,-1988.86258558007
-1637.46046688727,4880.56817567299
-4353.38227550017,-2113.15380851193
2824.30531897458,-4276.66132296562
2374.91185397368,-4656.47321980471
-3469.25174991329,-3579.44964533637
-4827.55186826092,-1857.68496702386
1494.63236927814,-5065.32586235394
-4829.03281465955,1570.04495039121
4325.46635975415,2710.97880618518
-4176.53105245668,2824.65145383629
-3209.38161708171,4080.29178871114
-2918.33406010293,4025.21699213207
-2106.5424012944,-4449.68287388175
-3713.96825713027,3404.11313061612
-2578.27121925698,-4730.17318498538
-756.719206129521,5155.71755451325
5098.17855599472,172.848971747132
5045.87672692268,969.439652850526
4846.06492573494,-737.237274536408
-3110.28907180967,-3735.01326799463
-5149.44039283397,1130.94030817022
-1622.73037991669,-4912.50087830647
2974.10688695512,-4112.37835761032
3295.85258668205,-4017.73392245471
4422.19976956858,-2439.8391112609
1422.75604169835,4953.7096591602
-4745.08101135343,2330.71369349113
-3785.46957397417,-3167.95846390284
-5318.30818512921,470.637545394028
220.293184433426,5190.13194724317
4630.75253135294,2227.83191128484
-4936.77128367461,769.485771785645
-3626.16713396245,3787.15230490549
-4207.06411069907,-2814.08032108815
1971.5100982189,4823.93005938075
-223.605949236099,-5401.60549798411
4792.67383414994,2058.44771787665
-2504.74998200432,4398.46873660155
5357.19084300921,240.361655086911
-1548.63989333069,4962.11909850105
-614.649677833527,-5027.19063233058
-4125.09555158697,-3119.02081116449
4515.89922437662,-3072.8306865095
1445.50205559284,-4914.58922089188
-5058.25902509116,-896.641168876557
5015.07614749382,-1336.96039091764
4600.21561355112,2157.19203866027
-1383.46862237478,-5041.75117183969
911.079682344352,5205.38673522258
2299.93202689339,-4430.92519765798
-1048.50597288587,-5209.42315692405
-4874.93191527576,-1090.58357330351
5288.3255661941,-1253.15777392861
-4885.75286231311,-1588.75785884115
704.949541643409,-5100.75130600499
3592.74286864551,-3802.44172468147
2910.1259664014,-4246.64362681958
2929.2948762651,4268.07570385039
-5113.6610372442,-842.819083837903
-1252.05491191897,5084.39319129068
734.647038468643,5181.35037349659
-2145.43260541445,-4754.43648688844
3884.16802219551,3575.93575895587
-5242.09387101826,133.770701076066
-1798.71662653268,-4923.35092557454
4378.38786251772,3391.05892980331
1274.81254283361,5108.19177731797
275.781025535728,-5315.35010608534
-4184.15959188799,-3435.48974920538
4614.54554055276,-2852.22019712391
3941.43557836221,-3220.53269532874
-4836.55884406691,1829.71194562816
4109.94160137008,-3612.5295702587
-4630.97559807316,2906.88246466782
3987.17422508045,3437.97088671636
-4265.59182295948,-3324.70997221012
-4612.49736682492,-2303.03672560824
4968.87097375309,-2145.70429471753
1614.19835805992,5183.59195484048
-175.636930662813,5432.9377341884
1592.59354283677,-5201.91700186091
4787.20953888523,-2009.51077068926
2260.91477120888,4451.80560309196
-2730.09285045715,-4496.10921677586
-3993.52719863616,3408.76587572624
-4944.66543234128,-1937.98771094079
4907.30709425906,1693.9739105994
3008.65562216798,4459.01479815154
-4730.73045450996,-2762.29362361567
2377.27574582964,-4754.53633782239
-2075.87521511333,4674.26029920761
2256.27986164201,4824.54320782112
-1151.41790799744,5164.30894160748
-4708.40574785184,1944.50685739626
-5141.36374893832,11.3556443593081
-244.050015115056,-5636.19960797036
-3649.18052995161,-3778.85718948064
-5253.4955277475,934.948065244233
-4365.31337969589,3123.84695545424
-4519.37165819028,2411.00321378656
-2512.45314321266,4768.83409174551
-2585.32447508533,-4838.1170564514
4889.89345303187,-2632.61468905802
-4876.96130923963,2710.87010431323
-5525.10041234876,1352.38920873545
-1048.6610392085,-5391.01386913813
2002.94627157081,-5036.34227230911
-3430.61721889163,4311.863037957
-3638.87306697534,-3999.2071625964
-3424.76283305411,4336.13507636921
5246.89485066878,1744.56504450288
5526.16536207596,225.636460635015
-4676.84806419362,3007.12404089998
5625.34404977799,-170.916236673981
-971.883371578836,5175.16536169482
-3324.28353780865,-4476.04607853691
-2149.63912319818,-5176.95756625937
-4520.45387101656,-2761.66298926038
4420.65394482874,3165.29716092299
407.015616192386,5535.97027916899
5219.39685932278,941.245192190794
-5217.91819120806,-1410.14070739162
-5368.00546163671,390.639271665846
4298.51082900335,3442.19808241958
-370.544247540048,5434.90124480069
4556.20786160028,2861.87749295038
-1385.93915083075,-5435.04502360861
3169.5170077391,-4281.81227974996
1976.6926978128,5085.94447775663
5100.30973464778,2494.1064143127
1209.77189058504,-5410.22950333873
-521.445692422679,-5432.36109123528
-1490.22651192109,4970.51938232217
718.118663285635,-5378.30367489051
4670.43315060883,-2871.37216200404
4428.91017796866,-2812.53892660896
-3659.65260496499,3819.62675146011
-653.851720816562,5727.22787715787
-2756.56641498656,4560.28879779834
2350.34450355318,-4907.94880144422
-5176.12471991052,2466.07412942953
5365.15717991163,187.437621642914
5340.23422051782,-736.19124887791
3546.35951674355,-4071.11899207111
2786.46420074985,-4679.76447884913
3872.35696212233,3894.38706649514
-5623.78246862726,-119.834291040157
2537.06392756648,4730.6248517819
3460.99079394374,4176.56657336393
971.227562077305,-5450.33637922065
5233.02437745649,-1419.10078844229
107.765559301329,-5627.4504373034
3842.9355297857,-4218.16738539212
-5028.32023241229,-1640.02948195451
449.772996043331,5419.89507127182
-4496.37528086709,2971.09965672034
-2801.59714497567,4548.51369971361
1953.65811214528,5034.23372188026
5393.74430314551,1646.10898488965
-3221.21923129533,-4595.4505001161
5194.82578083338,-1923.45003688731
-5289.16133270256,1687.82534979306
-4809.23469252355,-2556.9578848595
-2275.73925177079,-5215.94612002458
1351.29505766966,5363.20997071315
5578.57399394571,-428.653395131604
-4520.98357474927,-3360.70203948267
5428.42471781979,897.254898185974
5200.18722990975,1818.63172913173
-3990.26635551835,4218.12764280716
5129.79461807861,-2147.64508673473
-5184.40666053114,-2008.66714171051
2872.17836192504,4434.31686328236
2052.67679018204,-5396.87965993861
4053.47999310945,-3626.75081452578
-4612.00218287251,-2809.06388796369
-1087.15501316151,5181.31568211764
3811.5814886517,-4368.62587284108
-3441.6856898519,-4622.1968163092
-4107.95241716354,3653.31973281526
-3947.96326721504,3887.0868466773
-4102.61997670796,-3764.71037428416
-2011.44411951475,5338.06821647525
3947.80857299853,4238.41598326182
693.06317139029,-5488.76591385838
3684.78102144597,4255.22659691077
-2731.80298327921,4877.62251029301
-5699.28743101122,375.302621952558
5712.2888066385,-1700.76422383973
3204.40369624693,4569.08907473386
-240.757254548919,-5660.99789047061
-5449.90525025234,1225.94281004072
-5467.894603047,-426.653703885453
4322.63910963247,-3539.3704426501
-5417.19952790541,430.475019679236
-1710.18762407469,5568.60660664913
-5578.26770347365,1055.64729793821
4788.04900457457,2970.24871166791
-5380.01432557523,-658.601033728286
-4333.54295814569,3475.07591662953
-505.279963426382,-5550.17362619792
4721.59101591967,2975.06078624638
-3496.88527821187,4484.81603161081
2165.49092938068,-5602.56632567842
4969.48356667623,-2662.04456794162
-1600.81576708356,-5488.2384434299
-5491.84873656209,-1365.34388811511
-1152.63616486776,-5595.17145774774
5660.39914259802,-641.039239300705
-5570.68770403426,-1269.66711246332
5754.07226275136,-1054.37710396025
2755.48959879508,5122.67955280456
2065.65582161104,5376.49279402036
-2810.92902370576,-4782.66975743123
5717.50722462646,-120.9839598537
3448.71671997513,-4343.73643016639
4526.10966439039,-3593.64447419894
-4380.93429118061,-3913.58038920162
4142.33808789095,3949.83215620809
-5638.40058194461,-884.176341353581
-3838.97372306156,-4275.51283810315
4695.79840016062,3347.77967712334
-172.42561461427,5653.62534200141
5440.44448704983,505.341081258477
735.537182460408,5655.34759889047
208.22072189155,5742.32274172471
5206.30786107439,2576.72603208756
1162.39788028941,-5559.08890566102
-1748.4554384506,-5309.89340948298
851.286684937748,5846.60294397468
-3916.6578701846,-4262.9043088406
945.434017592556,-5661.60891975061
3713.71147530382,4704.65137558466
5717.01479642442,1453.33870317535
309.458413305743,-5817.01342074683
2835.61748312877,5046.20394301381
2199.75225945422,-5071.32637875083
-5287.52763681341,2650.12676678151
5307.71656100964,-2523.31247267094
-5531.82687400481,-1227.15492739221
-364.989889951318,5688.08395665824
5359.60194297566,2219.2116605061
6010.93745433484,-250.083874415218
2821.17738795193,-5172.74665400024
-3944.51172669872,-4261.45024882656
-2623.94382399374,-5209.65698049342
-3117.62084889232,-5000.93735915414
-2123.84803829258,5417.15151108607
5570.76503160544,1544.74298509675
5792.43221598536,-1518.19366375457
-5164.75190478997,3296.63055490982
1366.04526930746,5707.9759477837
3836.50530259604,-4811.79742726027
4424.45278950439,-3449.58967741625
-3118.46087627924,4689.78008285642
5626.31741770374,-2076.76059333603
-4788.92322208111,-3308.88278481897
-2242.14166677879,-5411.23058183058
384.854076425129,5778.64793872789
-5319.21608917048,1965.25733842703
-5323.2362596861,-2590.94474438
-5900.25698527733,646.257699307987
-5018.32364889282,2698.40109020214
-3821.22747919702,4445.66122445191
-246.608808156132,5848.75931230014
4870.9332768685,-3330.8334603509
-5262.30021245219,2679.2609553227
5053.50529355773,2933.88015389872
5877.17982707157,-1773.81017018937
5920.0087648554,1032.61439346493
-879.343862928496,5791.79083396623
-932.094407673323,-6094.57519003409
-1711.91044597461,5418.50033062112
4658.67344037771,3704.84001212231
1712.42590065968,5678.68343837571
-4320.95774344577,3979.8312483338
3015.43897781084,-5257.91319649599
5131.92562154021,-2645.26520974471
5772.25526061809,149.630231191414
4906.03233691736,3394.43216086448
-5771.45070039798,-1828.42814992904
-3605.25290756119,4728.40082741806
-5632.30370017917,2345.24517578951
3335.58339505548,-4929.1459280265
-733.145087529133,5862.77320311105
635.711151531219,-5801.97238848548
-4722.92822375642,-3187.25729984207
-5966.51322714881,589.492891223691
-6228.11335246499,261.905205829736
-1707.90961093458,5690.5395449879
1611.50328406141,-5912.09101377274
-5490.8591095,1569.32190554907
-2848.53113742184,5281.48565816222
5259.27290114486,2627.42360722175
-160.927622193967,-6079.06451921223
739.005631781265,5987.8886379672
2723.76927009216,5288.60127709147
2387.12945069138,5605.2430972032
-612.281648256074,-5879.01473154546
-4464.66878102324,-3974.31995734928
-5476.9314750428,-2678.22568113509
-4920.85943093202,3532.60760536919
3670.95707931837,-4867.73456558824
-3127.22666506449,5025.10917797011
5927.88509671019,655.863632616886
4893.58399154964,-3450.65506982967
-2832.70347937681,-5188.74946251265
-5017.0506337552,-3074.11658633431
5436.28162890616,2555.76307406889
-6052.18681217561,-743.536377778074
3284.76269663814,4794.43383342014
3055.37511154573,5068.02313466344
5877.99370920946,-1226.92250264997
-5058.7777397514,3635.68056021058
-1797.44707732375,-5710.75296140745
-5782.07542132381,-1655.51669674953
-2800.28521919192,5690.46173503739
-5483.99695798957,-2463.92595202724
6060.19639297029,592.289301551845
4166.90564006333,-4611.5172859694
-5963.7304740197,-806.349719305957
-19.4011922855114,-6079.20450904617
-6055.39659570084,10.2586293491965
3985.44003406246,4726.78871267248
1754.96485869659,-5942.87536966668
163.405203455418,-5994.45356219498
-2114.38208063473,-5565.66583542921
5636.11496473488,2087.54980707798
6086.91079710379,731.848805561715
4403.02092876022,4218.57207651956
-5255.45196646402,2921.96939738259
1484.40800392864,5919.77766464423
-6165.03075260213,-385.937685106629
6054.11991005744,1667.76809582305
-591.94350739332,5924.16481914491
-4322.4232263648,-3971.93294572706
2587.95881340279,-5260.54244845229
-6215.54405065662,229.410608131067
1086.99986644006,-5937.00910705362
4146.08780335435,-4268.85075316633
-857.577378377912,-6221.44446461256
5929.00504344073,-1985.59300436737
-3451.87997138774,-4940.22319972633
5676.73278917194,-2214.19010711341
-4088.65783897569,4501.78751116031
4876.82207506653,3986.07987398148
5878.09162610197,1733.6288838955
-1551.14924890214,6229.62769396618
1627.4378045572,5994.71650717235
-5408.37029443923,2628.37632534477
-3734.65391367027,-4964.92962666346
2564.09209681005,5601.21056224566
770.775432566486,-6090.80120116491
5123.26494399302,-3444.02560025861
-3439.10238325054,5028.30933419115
-5091.67449835792,-3582.52157521428
-5857.54197108415,2169.98378651672
-2447.10910298788,-5545.47805909716
6373.15519367301,-745.277923608445
2999.5895146053,-5342.94345970672
-290.401178604608,5834.74469974841
-2130.17258125392,-5742.40009429605
-5226.75111948319,-3297.13905418875
-2887.2194506485,-5461.41397845561
1944.58108974133,5856.36058124863
4246.74714477192,4722.98955199783
308.371552570989,5986.15954305418
-6132.60091268117,1061.18627477166
4775.40336575107,4053.80916515887
-4775.60512155886,3968.69473403482
-1845.84912384425,5977.54228449174
-5498.28619524604,-2811.09862469457
-2465.87358196467,-5820.87625641432
-5791.94777409436,-2122.17292064019
1972.46152640919,-6147.17694394679
6461.59533293831,155.089316729393
5593.77873557896,-2995.23997413222
5545.60701488839,-2765.29205674624
-2534.23571064669,5707.5251633455
-3710.49260596389,5164.18035521786
-1271.75024399528,-6218.60615876918
-6240.87842212202,-1196.86381116095
-4801.70743467319,4225.88175050793
4925.35326835915,3591.65266315722
3505.57311064255,5082.32520276622
5366.39984279649,-3288.60355776494
-4995.07838172134,3743.13452098014
-6093.56720857605,1209.98086579713
2330.90387971093,5817.58063864272
5908.94024981594,2554.52385622643
-2002.20029196815,6223.0862718598
4333.1792808311,-4656.90559224433
3755.40037548954,-5213.24933233446
2691.86997402818,5746.77431934732
2947.65128549783,-5185.97102805607
5602.7184120193,2671.47058174111
-907.965664418648,6334.86936245915
1617.74851601149,-6207.70549297758
230.634323869935,6292.461178081
-6093.75898848968,1633.46852496195
-5974.51103090301,2539.41918655656
4732.81819338021,-4133.54162632591
-1282.68750324102,-6325.71169019699
-6230.24000296698,-1626.42885370803
-3722.35238653233,5388.62162498626
2543.18830249994,-5494.56536998259
-3201.1213614485,5389.74513751284
4923.49544690804,-4147.84398588114
3207.60380042487,5543.51842303839
-1748.02201239569,-6091.72255493092
-6103.68244485109,-1746.46269034309
5543.31028813925,3058.14669178254
-4172.72199881458,-4889.47035230103
6411.54566940418,-337.480272908678
6554.46689988477,-1111.02720232746
2558.13123256277,-6123.37027165404
4386.42307746037,4490.58682071812
-5545.99356354809,3654.09009272373
1644.50649857348,-6173.34543055532
4095.21503390332,4943.67919285224
4220.50706703752,-4683.47736523109
-5819.75505632463,-2398.22989017894
6101.43756811022,-2334.15943092238
5222.78812588562,4213.31790048738
1619.17179155276,6154.91924598217
-164.203721099399,-6366.52830898612
-6427.22724588098,-35.9252752634247
6399.28655507962,1224.08788628471
-3763.31149870683,-5205.94671038321
-4901.67537617496,-3982.15926122067
2088.97652206208,6082.20474860346
6136.63176000869,-780.178117162959
260.533305797058,-6435.99787598219
-6194.41511129769,14.4416953791061
-4520.3308057357,-4607.61257619622
6538.02838420595,1106.50119812492
6442.19491578833,-1457.84311831031
1635.75404163132,-5956.29072140825
6534.2616316375,-1532.63168308518
-4765.01770277311,-4376.84992976451
-4223.3980792544,4672.37909500576
4665.38922330816,-4439.31406232341
-6066.69573791774,2148.84788500102
2996.83528950603,-5825.74328683067
-5742.20306983222,2896.17421007829
2846.33873818366,5949.88955494939
-413.380378194099,-6702.6127525331
-6275.31856597172,-374.374056067455
757.750830566525,6261.05532018173
-2425.54574361908,-5774.08814010891
-1143.61819074033,6375.20513965327
-3602.84094930035,-5127.16698649944
6189.79318112065,1822.84721360187
-1577.1280647393,6260.09771406069
5220.0789506672,-3782.99628285061
-3759.38702016592,-5282.76713974485
-6313.34579203138,2435.12929144069
-5234.48617961076,3858.36177229903
5548.16373381029,-2936.09735671213
842.269767880554,-6456.18263970492
-5990.0849073357,1813.7335731288
3425.46752613414,-5550.30415913503
-5511.11986180895,-3850.50938987791
-2886.40168135694,5869.72306584101
-4935.36709419741,4326.55771397308
6659.87373996259,128.633333015014
-5879.20939106493,-2316.98233440417
4230.87810176838,-4671.65343762075
6274.75942927667,-769.525198520862
4548.9836495613,4898.37506072452
-3680.27569771091,5389.24415812366
-595.524584353658,-6420.7369837503
-6443.9739822987,-397.358208683267
6002.35453917423,2851.58259965245
2003.23435752415,-6020.8290425911
-2412.13450916025,6111.82410719555
-3248.49955360083,-5972.25559206368
-5725.36243844507,-3085.25011334777
-6636.83374018098,251.771745466552
5784.7725924396,-2952.33766883949
4280.85136314929,-5378.85926112177
-6506.1692225557,1324.30898223206
-1665.34176205107,6314.86120677352
-3731.41419701646,-5237.69406027705
-2058.70265483551,-6141.21198858773
-6503.21459318779,-2037.42332568628
-2388.85190496,6119.00219944872
-5800.95198653519,-2516.63392766936
3563.99425230797,-5320.85834903763
-5382.84071216755,3872.85562996635
-6322.9906405608,745.349897255855
-132.797941990772,6779.62383792169
5373.14239715846,-3728.98254746644
6367.34994642068,1958.2094784111
-912.083527287939,-6329.68663314423
-6260.14431944357,-1374.9016719512
5334.89779214061,3702.34600409747
4216.43952393218,5185.28759210736
615.624031667364,-6581.67519092407
-5647.89678199708,3545.6068077787
5758.12514216219,3656.80664082281
3225.84544481605,5753.22622536422
-6497.07504625611,1233.10574352674
-472.966212992718,6580.08522579069
2212.41151152688,6091.04480071754
5107.60291525509,-4652.12644984653
-4267.65639480221,-5020.17164272914
-5298.56747290171,-4229.71255562741
6681.82373803135,355.266001730713
4104.9611282552,5391.19073027399
5214.52141776758,-4099.05186935641
1503.40621233115,6480.07952474946
1187.30479075136,-6376.38007943368
4866.13414049467,4729.11261070619
-786.769925758833,-6594.99091457756
-6773.63397332056,-662.960108207681
842.768482097789,-6447.34670262222
6176.90686693812,2166.52121361906
266.306222448694,6583.52674771779
-4613.55229785139,-5156.0966885671
-6387.89049974922,-1328.77958208156
-1203.8848467625,-6629.75249747017
-4931.5038665467,-4558.8619911868
-3669.50385076599,5466.05623816636
1156.87718850415,6625.73078600985
-3122.39300041384,-5813.6651092818
5477.65078091873,4058.63089096836
6805.38559078455,-607.189355732412
-5272.80438021665,-4261.97808287496
6127.19364819497,2324.29141095445
5155.57177783877,4248.28095956022
1379.63254715708,-6671.22543299467
6191.4518681422,2602.13872857817
6686.31321996221,1439.20427903704
-5799.01314567368,-3489.59741356588
209.533570983139,-6797.99472887617
6704.54835180178,744.464160640066
5473.16541272471,3699.27377709455
3604.06517618112,5377.83677965908
6306.82373427258,-2471.76304104956
-2337.0749622147,-6015.45936603244
3194.69188669402,5866.83256346296
6801.99653909326,-2032.2045887807
-2595.83983438919,-6214.02295890294
4117.83445191098,-5106.17081828169
504.763452425464,6811.34486001952
6566.23964049129,-1558.50330986747
-4640.92786239624,5211.47013397756
6874.38633428947,-402.744412638519
-5692.38582720994,3567.21437098859
2130.88126575019,6407.33121498839
2945.6362407598,-6070.08306827833
-6075.94555714323,3076.94855608419
157.92924201306,6530.46484088031
-473.59663483811,6535.81929277867
6135.41262950295,-3022.62196946039
-1100.56251530361,6947.52226139392
3417.03361695513,-5895.84701145117
-214.491574601394,6874.22975327244
6676.21679835159,-1457.03963971665
6111.07470063487,-3050.56981630915
762.593210049183,6781.61888461832
-1758.57422156467,6616.9638958616
-5122.79949929012,4836.02910120517
2487.94910744133,-6212.68456576889
-6611.97321031883,2679.20879585947
-6474.08397953747,1916.11061862219
-4171.2205311068,5394.66447015605
1828.86272342302,6504.59659035218
2294.54746157797,6504.24809619402
-630.069601991556,6858.00565751711
7012.56024767468,451.268798942982
-6540.57344448136,1700.74350717281
-3244.43834957015,6065.52473871408
-4376.56587031303,5164.31198838427
6770.68536341569,2145.47604262984
-3604.6988088341,6031.41804051115
6128.53429418049,3111.82775997917
5526.69923530667,-4180.96581697152
4622.72215062059,4950.62218207309
-7039.94892428381,16.4588103968616
-6745.57749773636,-861.060389123028
-1094.75519103769,-6888.0927832067
6678.38201245387,-1599.99212449528
-277.869121033525,-7027.90949060239
-7021.91564499978,-243.834354069564
-5640.49838287806,4064.51796205529
-6879.943184443,454.527669478194
-6161.64970869856,-3190.72171276443
-1957.28143843139,-6580.43221839403
-6478.77064676767,-2074.19204790813
-3710.73708251601,5861.604396791
-2960.7801184673,6455.53735244814
-1720.95093784177,-6797.26947489604
-6963.66232743275,-1768.19952456412
-4167.61757441797,-5554.24428422695
2527.78238329815,6170.90477641352
-5814.98676160328,-3780.82240623735
-5983.24192850026,3394.85511338871
-6383.30285643941,-2778.68242893232
4217.32774297514,-5722.14026092511
6421.17202416559,2632.98305587691
-5073.98951498496,4721.46498071419
-2393.65958001665,6475.05773733821
-5073.35637511841,5067.48440099458
6699.45396803743,-2128.89112052694
670.680870686892,-6833.91642590497
-6892.06336008264,825.945385342087
4911.07257753737,4780.4577558103
4315.15909981251,5323.19663302059
7061.55890834347,-578.040182831957
7146.14436931139,439.803438952433
6984.54774748018,1924.33101289943
2726.90531220439,-6497.74653817006
-6610.82625893294,2980.84054320341
1913.55891038884,-7026.0101140735
5220.09538871656,-4388.9668328573
5834.49851984167,-3996.57438731609
6968.10719412068,1540.98317055983
6784.12378376799,894.154867477868
-4916.06855397825,-5052.90289644797
6442.50114006946,-2652.39332154722
1174.2905333654,-6594.33216958992
-6759.26064106575,1280.85220958514
3590.14177426805,5608.01409424317
-958.658138883139,-6617.27418170678
-6986.34050544763,-784.284691198701
3371.45163640909,6095.72110451842
-87.8896816381975,-6922.28667094702
4896.41284515,-4855.42637459063
-5522.15834812792,-4223.83085028538
7008.3557941131,-718.086859540317
-6868.55666500027,261.163470910625
-4045.6261585773,-5781.77606192422
-1874.79586547416,6770.67065414542
-5992.15396601975,-3553.15358185465
3880.11221316616,-5865.51930332392
-2528.55742075185,6204.07284254351
-3471.1787927175,-6509.27730438096
1605.58857725635,6843.35638486909
5823.24934896714,4217.54407278997
-3197.60253022815,6188.68222325653
7144.34277713183,-709.71191544692
-3880.6009937959,-6312.54089101258
-6449.88120700525,-2622.16489793171
5855.02641728554,3686.80224927163
1631.10006905232,6765.82113255277
2409.92348032316,-6809.40049778886
-6749.74014637336,2052.54457619095
-2302.88875641138,-6558.22528953842
-6751.0638904231,-2421.50995511019
-5413.30624777019,-4662.41596214307
-4825.43083765322,-5077.04275488823
-4880.92065704983,4834.30897630045
5090.83760128369,4702.77890003374
-6097.99442651452,3645.13461768914
-3245.38228643371,-6068.48450409884
6973.47802832849,1345.98880047868
-1568.76722880144,7215.06039433131
947.193222339957,7264.31787908149
6293.27676019878,-3268.68764418976
-2643.97062289813,-6518.11865042668
3136.131903519,-6383.30436584821
-6133.51795349277,2961.0450258341
3259.01592068356,6081.45998761501
-2406.78964452592,6889.27179177838
660.65383753647,7039.30068111424
4433.58901983348,-5460.8194117056
3544.5538384916,-6073.53675259438
6956.94611358115,-1418.17385903684
-1209.9659663041,7074.01387506865
4370.75497869987,5670.57771873662
6141.0042327756,3556.04539251718
-762.442624137536,7092.72195242077
7066.71364460301,-202.209648771418
2449.66356296971,-6602.1039070616
-6785.97787014653,2827.41235397615
6056.1328307055,-3847.20101666638
2996.62500605744,6393.28996538054
5549.93405074552,4335.86042987305
-2998.49380755518,6451.57430949554
-403.042525969229,-6972.81235425146
-6943.92838496247,-475.352514842247
891.847781555376,-7125.35253943934
2681.10835800518,6807.46858715503
4910.3619790299,5238.80083853622
-1314.6470360957,-7067.3273436439
-7154.76028178127,-949.183966244508
1486.64927131052,-7013.78304171064
-300.701405760813,-7241.96776410995
-7179.06114051505,-312.340067475532
-6909.22291118367,1451.06536506425
-758.292987833245,6856.20045599968
6811.26787285351,2209.65416979739
-4173.09679874731,5833.36215941585
5758.06475990827,-4451.90752424622
-7292.06640716898,1312.98542086354
6386.63162286185,3340.30050474272
4764.51786353642,-5602.7798071069
-5342.62012155086,4802.60823898546
-6175.84850330207,-3588.01800526136
-6331.56695185115,-3268.60622976956
-4300.6442144406,5537.51775808634
6804.855288424,-1849.04857640959
197.940931374025,7297.46650368043
-4993.51493581872,5376.66373080849
-5611.08558468667,4266.72108407707
5102.6985616611,-5273.01047989726
-5444.04581827474,-4780.62080869836
-5035.97489379309,-4973.31779405001
-6911.2356299243,-1930.60403715524
-1641.84242396539,-6947.52193965478
-5847.19058186944,4072.38521725949
7229.11847787626,184.546396591507
-3266.51901643112,-6579.31630877426
-3695.65715749065,6429.1622212826
7234.51831151727,737.585950097058
6044.91129942179,3946.90106585936
3345.08382651572,6256.88523591602
5216.77269856654,4839.22833147424
6331.20222347567,-3186.53848322826
1357.37627305444,-7147.05667614986
1940.78531665838,-7157.14631110938
5795.38187086291,-4433.47790116648
6304.28163264446,-3798.6360353735
2851.25149479612,-6745.74212277263
-6419.54865823954,2730.69253005472
6868.95046700141,-2453.705864778
6761.8015110013,2836.39981301611
-4398.749170521,6000.56068956663
-2388.64302272286,7033.6176173703
7042.18234176147,692.557460949512
-2756.16737709425,-6486.52043093259
-6966.64464104446,-2445.27975584093
481.941473022758,-7184.82111111911
1175.70296996991,-7516.59785855847
4686.10319935398,-5974.4462132584
-1488.11998776015,7171.12276810813
4058.35278966503,6353.91989572171
5898.84162498713,-4240.53974162473
-5799.29750870876,-4911.0074063497
-4989.08153469692,-5590.98506129588
-5651.22470788486,4243.68317759344
3690.08185144211,6193.52064290671
1211.01632499726,7254.74158520488
366.71629696534,7556.24317618485
1460.26817823963,6941.7505827666
-4052.60161765764,6122.03093284697
3620.52105870186,-6265.24743017894
-6490.62658536923,3410.39773445358
5505.61004744227,-5158.44268769602
-7371.94632162983,28.9976811905013
6615.92113028592,-3252.15541403868
-6193.76765633459,-4512.35042626219
3552.77198320964,-6562.44343157194
-6041.15072010974,-4197.09999228373
-4254.33994306624,-6055.01454842061
7322.98821947429,-997.152982280251
6123.20506375913,4125.26758079055
6770.41436367019,3364.68850535312
-50.6359546487362,-7431.58571342777
5130.62343631164,5376.34680060067
3901.57678218564,-5900.32874558776
-7086.2429675683,2261.81906764293
7169.45718079465,-1526.46999378622
1807.2829336013,7186.7425176313
-5177.47917953971,4996.53496476057
-2469.28163749362,6818.18310966562
-6972.92315556777,-2794.72969444656
-3198.37875337977,-6667.28958453609
-6379.16605786303,3970.47208445441
4851.01491932192,-5716.06377357629
7137.63431685166,2837.31976344128
2471.0890310251,-7210.71898108875
-7048.51229294298,2382.68449472963
-1338.54834503265,-7599.58190686498
-7418.69611376261,-1361.92004487383
7464.75175975827,1654.70248588388
652.69431493162,7525.51038186932
6190.17388379067,-3955.25057455172
-3694.51059699463,-6309.24016934429
-7231.59460636525,1832.53458615056
-7443.68295908326,544.724922499062
-6374.07024710475,-3316.48092592105
5035.71444636452,5881.12010130614
-7095.34151594379,-1943.90771153352
-2153.69207473808,-6966.93896906308
-566.140252339378,-7458.69094719852
5285.54065553416,-5268.04909296451
-4410.20218609516,-6174.15496969194
-7708.07979884466,-671.04299803817
2611.9095186022,7006.53871706791
4716.95440912566,5612.04346346001
-5918.74442874306,-4394.16489042893
-4550.64659324269,-5790.51116611112
7378.18580809424,-2195.35587175353
5285.77256542257,5552.95672320037
7412.85707665503,477.954980066181
-7439.54034128496,1011.58212943186
