-110.200831915841,3.0704140106593
517.305256862889,41.8994876227949
-20.38800875555,32.7052535100883
-81.6871991681436,-464.577384726282
87.7543026163362,-117.170383730129
196.691695100002,-521.04128604319
-212.258827110913,-43.1965707317361
206.83230169098,-225.245320199551
-257.028563933632,-517.89123651537
319.793539233792,164.237029592607
-169.647246461886,307.575055803064
-511.323552707028,260.371456221769
379.778072032615,-541.144341313377
-68.746197417651,-61.5308734964626
60.7689530551411,36.3173168384033
-129.768698135542,-47.7278109998873
41.1710031873024,228.648591631943
-524.311773580479,38.5286557512621
2.49480619806247,6.52700503018266
-7.29035090864261,-388.566125352517
35.0867011348588,-553.001259695238
85.0674687283133,97.2052345832277
101.281071007137,375.297095320755
76.9762055935724,-35.8106871991034
-379.656967313562,-537.261202296081
-413.302456735064,-29.4782217172335
383.995252981336,-37.3674170787916
-533.906811238147,-455.069629149214
-407.335214458888,160.41843434815
8.37798060210122,27.9882545342993
106.618895159567,-440.031003543692
520.608215571265,-18.6333249882314
452.623066069481,591.283275805797
-94.4121993976751,-37.9028578029519
-153.798854023554,78.0402098093965
584.979586169133,432.574454601428
-377.071098748888,296.019818595966
231.861942764104,-535.530936924058
-411.518910312502,436.714156737164
208.069514951387,-140.782554216703
-424.931230743927,-102.595590213755
87.4572645350802,332.572181414846
460.649900571374,-394.405546105059
-344.00873011051,110.563464354551
84.4202654949914,-391.745549304031
191.67268529247,180.239759980584
399.211450045357,601.991189296836
257.935462632372,-35.2189771568982
-302.688548173592,669.308105270347
129.51665066782,299.78756931985
-187.72329125857,135.985112797392
167.746134704179,57.7427811771222
-205.408709243935,99.8129342303183
-418.440436621251,210.520350336853
265.985786416528,8.44393894110795
-284.714348586915,-653.088736680029
-465.128725088179,-510.801231661316
-466.888848447084,473.844513191395
-86.8212708454862,-119.118178177274
-655.209221603548,180.99367973937
93.6399004544869,-278.219789629106
94.1179526305561,263.468247396476
-435.250867839139,208.329095157275
-117.520183960248,-163.790356247205
-90.8320077986195,404.459255256751
164.413631602498,-370.000343593261
254.305036020845,-35.302198015486
-35.4743816978345,38.2939568828877
470.04838776572,107.554016458052
913.72505469848,284.851010310674
-1161.85090793734,-829.306141027177
-530.865159164083,-849.014390102121
-100.391662951575,-1064.17896113267
-188.222337700043,-747.049763612051
-570.623391779949,514.02681609259
-535.016342180686,-733.853225272641
856.505341386679,-486.329830207285
87.2042919493854,-1437.4071950587
-652.719439216375,1020.50512521778
-460.007273339419,-672.752964621285
917.665873201988,645.479028835879
-1196.19641228532,758.199111309794
-1432.59675123228,-181.520623933064
-530.399387769772,1176.84903969785
618.054219049055,-503.236506109893
-100.471198966406,1344.20407700645
812.095802617815,949.728021236598
-145.339512623963,-1015.17934985527
521.106344883856,666.773287043768
-1047.39056576587,535.954902437084
-267.686909974341,-809.368785830672
-1364.22241487327,-405.097642340376
1378.51329021814,506.138769312836
-610.292711782019,-766.514751734077
701.734283121857,729.094442618888
978.065869077526,1064.63460712448
-270.755798356166,773.14089462402
-936.234106027939,508.095848472814
658.722628130427,-561.430848098152
-736.217973119263,-1257.76038321376
542.754912576752,961.396194711888
790.380410216196,1050.04146550705
797.758418625227,640.45995059026
-174.419269605001,1053.49719461603
-632.509779258581,-987.553861544712
231.096665487044,1254.67783903077
-360.985895946738,-1363.1766811844
764.737429420468,1262.41461264272
-708.715180060961,-858.134833423484
455.693976591328,901.156745233154
-1341.64359406816,-235.700809061064
-165.728816354856,-1050.97187196823
805.795037174195,-249.925990108338
392.729774067399,-1114.25432981467
-1138.22101077742,433.415774426031
-621.651677691311,-1354.9548136903
-928.507975923116,-241.233434639551
-194.09272581088,883.357876827533
-913.007333709062,24.3603133147845
321.363155816099,984.766131619596
-1164.78371224686,-628.042393651561
-281.083250075693,786.408034505103
816.364880143691,120.813610105506
1432.55751039097,175.73266980293
-965.192761249705,-646.839740380101
390.610137341122,937.875943190003
180.031335760839,-1100.55322501691
-1118.82764122218,-590.351235464466
-1179.21886705553,-768.946554069617
965.530448284449,87.3378460711089
1030.97996979636,297.578590802031
811.633639088876,890.515685412971
433.603145686813,949.79252542011
26.4554952591256,-1291.52857874502
345.257334375914,-1419.66465291956
939.29245047282,-766.652683273982
-285.842579590929,-903.714666314985
-1095.36737584815,1019.97352519877
23.6216597046482,-856.760951167169
896.574720432775,977.645396104619
-534.512198040173,826.161265992729
857.963910815172,44.2714593623256
-774.791082212396,-630.531676538586
-495.155497591998,890.616952635248
-116.773394801672,840.866822646223
758.09149388212,34.5750638541867
822.177166796437,307.160855363427
-176.043355629361,768.89641842374
92.8195277328914,-909.707118021171
682.603899153192,764.189057624244
1309.10892780924,-243.803238864034
36.0214627592538,754.345619689853
-376.744368196261,729.718162657161
-440.524157756122,-640.80206476097
-1385.27226094961,-113.852146548301
747.12865317239,85.9892240321995
370.547989019491,-1006.86753708153
-760.041941442387,151.822993770074
-109.908871332169,1362.04330063015
811.43882560901,844.593818358544
-850.707358693638,-223.386859071151
97.1735115146569,1250.50764535069
-778.005297121391,1227.84691217869
679.397381430448,-434.376055013127
-1225.33863688218,254.885172410556
-1275.30750081922,-52.5107219945413
-1046.49579320795,-201.113698983704
-876.0599161023,-1151.54915235931
-11.3313236720264,1343.37260974929
516.807093728357,-936.822813632657
-1001.76428727126,629.357040457658
-405.987210705645,-1152.02839561207
-678.920647456183,418.047930875895
1104.20845497654,-818.736339648999
-1427.13193554394,231.976072777619
-1098.67540097569,-933.694784600881
-1265.28908437085,432.005500234528
-684.033772833048,-1088.1275551005
-31.9100425563914,996.996976436476
-188.971455197148,1434.25905287097
833.418731199035,-218.650291706489
-1282.56178184378,406.154509087791
-792.610916121658,241.682888452447
944.899834945664,-24.3468496037504
172.543712149703,-1024.83359925992
1049.22958958942,912.835116364249
812.040466631854,314.281887838503
-352.278083086201,-785.779795933907
1213.78577191021,699.238073587896
967.612022135149,1003.10123463147
-833.281995766558,106.680162722045
1048.16941037369,-533.317902969852
-902.897163782744,-237.913810627402
-94.2297096672729,-800.932612765495
-557.61631060465,-926.400223579422
664.238611376776,778.80029082333
-1013.44015535986,596.060320710619
864.192111766096,268.034401461139
181.536981184732,1146.79697362523
-421.265193021518,-943.087702071544
-325.363466253059,-1007.41729128802
278.680977251527,1097.31490813022
-1328.98367871498,-609.927656627995
1172.26579000951,-25.9164182399884
32.7198010304177,751.356742846183
-1438.25810592565,118.94895840239
1022.51169546968,97.8655768128676
-211.245741486434,-817.258809275417
688.484521899641,-734.97323243067
-741.691948634902,505.136986454839
1258.01170783511,-618.011717513524
209.485773870608,-1208.10154257085
-998.133353312258,-62.1698933204766
538.296611796548,-526.761167348227
736.032883993575,-1282.34199176639
-699.285267083841,-513.654561483004
-618.543129963286,1285.48835619594
-366.717410066902,723.65222855861
-1273.19058326388,-423.874456154819
584.352230736388,850.844443252009
338.898884387814,-773.792722558968
344.999925529961,-947.906921425179
-352.038354332109,784.8229532893
1001.95698826943,814.464509161723
1013.6042317263,-109.321350714824
500.285352814271,575.626331478161
1067.86861684911,-706.375095072814
1078.6283377939,-295.015779256779
-879.356333126764,508.479508309873
1305.49606364986,146.65789006
66.8264588593749,-818.850447145853
933.665809071563,1151.16656479511
-966.294619381974,392.09869051071
694.995778519835,1122.36293521923
566.473194688195,519.974709885077
549.289476817631,1057.32501261232
165.039261258601,1034.44597024701
-1244.74610022606,746.361138420156
769.339518684976,739.490615041456
133.785766937326,-1481.58746222387
729.42286641276,-348.358324464561
1082.52470360061,-1011.94287351633
1134.8762537984,-259.853644000631
837.767623118452,-297.032875069744
282.676171551813,-725.937692196737
1076.59894822452,358.762261502833
855.653872399138,7.86665878270069
412.930263741001,1216.03139671248
-848.925736619465,1153.72028004581
829.718213632132,-410.797088714606
826.265460695871,-767.357106809952
-1146.22512330061,-562.833555259382
-869.232726863539,680.667298232013
473.656226136429,590.26206250595
-632.107315230906,-1079.54104220305
328.876877164645,-705.607679387334
-60.4703456791523,1334.70082765501
634.766442133352,417.254652281842
1090.13116491931,-278.255223191267
-1099.98919034905,-67.2274412789902
625.554379869947,-742.574677628329
1301.75515741437,486.885384418377
1338.83741675712,296.822535382955
683.473454197061,1113.42248796879
932.094715126787,-1169.01986532906
-576.638999861319,1132.11892309147
1120.7929896221,-360.273534572451
-874.204144732249,948.660547216648
-14.7594560350425,-1132.81318625637
-444.737590707686,935.662626918941
-552.34500179476,-1275.39190444901
981.478338620547,-568.103412256954
935.219766117681,95.1558924397998
-163.148574869965,-1164.09997683361
-34.4032871915472,858.914959968161
1037.17336441118,-596.862342952517
18.882946367169,1147.53961074406
-1031.64909502308,-912.163864814174
602.966606663971,-840.19754904052
1982.42179216561,-969.175555999962
-74.9999494203852,2004.54687392127
-1966.5169021323,-795.225306166814
1437.60535485615,-585.153529755225
1413.65584927325,764.558757572716
408.79674942949,1575.64150324206
320.394503332004,-1745.48746536025
-1586.82525993498,925.002485688986
608.939944837174,1799.24342692901
60.6090217742901,-2081.81991098259
106.140719475515,1931.15749188827
-434.80420419773,-1890.26104751082
1593.43138356301,-690.723175865366
1261.6517345229,1539.47748317072
523.825752972542,-1426.7758108679
1709.81400914914,-792.696747768588
1523.8112868757,-1322.19558019003
-1060.80768034098,1533.66508879108
-1142.48467846619,1785.91142069277
1695.00814209169,-479.422216322964
-398.526820422905,-2193.9712005189
568.451960659721,1873.05123060917
1195.07051992514,-1706.94525697889
-1504.15487803385,-1024.00959795816
-714.456792430521,1916.2453591078
-1586.77785735143,-216.102038758384
-1587.67044273248,-978.432424551131
-619.58904287747,-1702.67551330925
1056.15891959242,-1885.47658160952
336.06540215895,1518.53637777877
470.750689735969,1806.32990563286
-189.958615403056,1828.43132168423
1946.6256298013,-904.773963458914
-1655.63982355135,817.577755163511
1207.01551101579,-1313.85311790854
-1269.54387751216,-1114.98774656702
790.997241237177,-1874.51501911379
-1074.39866648049,-1524.82841539255
-1355.77954110311,1731.27380385062
-1635.10780401307,433.735576988849
-1251.34739866827,1099.88446729816
1301.49027280089,-1463.64100890512
283.601686585311,1648.50156013112
1909.10794152021,742.008600602309
-1075.18516582273,1094.04358119124
-1239.87301274847,-1599.07287659173
1733.12174309925,-1169.21125904511
-1195.56538596577,1829.62854232767
-2037.73638986281,609.309968222228
-464.390373015333,1532.19606152693
1171.42922621374,-1627.79971375293
1575.27528346948,255.522184145028
-1237.59232810843,1269.21980301861
2204.35915980412,-265.22601337778
-1315.13253618848,-1481.89125492414
-95.3081696206041,-2178.6410570038
1760.98346894445,910.689928539013
1151.8801229494,-1923.06002854919
1357.048186883,1002.14040173224
777.065437208576,1393.34385362682
739.926553814095,-1355.23981294173
1750.57842279535,1334.17055457147
-2211.41519363811,358.240655370668
982.208616328136,1253.10913410418
-1076.00405397369,1524.40069611123
-55.6917664133253,1902.39456889155
-1796.79222257952,127.139662664715
654.472210984819,-2010.55382685317
1580.41284884635,-904.278694260455
1529.30145232451,1313.30229445876
-1660.46135825814,-141.84364560498
-856.947892179242,-1960.84759321231
-1575.22524026916,-214.394712701184
1899.4104998977,-227.56067693162
-813.515525963777,-1675.20985556661
1526.09246943488,-1331.23785231282
1961.4017321887,-418.199249109541
189.525302102123,-2010.31109054483
1988.19040417974,-47.645508127996
1135.68594126671,1764.67428512534
1645.44769433002,57.4647307838813
1341.72476363093,965.518639294493
-2060.72682093062,107.859550286853
1908.15365583811,614.119625781184
-2124.6988153799,489.285178293257
-2088.15041781578,369.970852431965
-826.033092949984,1672.59189010757
1535.9798095955,186.552049156011
-1125.93888428197,1284.32106913416
-916.120760080431,1262.675662535
1491.86799226338,-967.814607376532
-1384.93320537619,-660.203723782095
1521.13542531352,518.866102201137
-581.802110938249,1686.64782755913
2026.3539946257,671.101764211972
-1130.34224287166,1160.69540120588
-899.383167387158,1926.60147363393
1115.72328554666,1181.89575102544
1668.50212671157,699.986498958501
-1428.05937724216,1254.13064699423
-1695.72270552828,-330.760470543328
1518.92219648085,-170.57973020787
1614.58369682107,-1285.71596222101
1498.02734610568,-152.919064488774
-25.2933163095662,-1682.25997638661
-2141.90878751683,116.960520739015
35.1866221727668,2139.21269698747
1457.6435824036,864.101190648344
1014.04518703109,-1318.1622146689
1687.58105791048,-1375.26236572901
-313.913526635478,-1569.94189705771
-305.352490393831,2176.28834413963
-862.010703944773,-1901.6197809562
1367.66146007973,1748.71218377396
1619.83862440623,-1050.95440846345
1798.28096768868,-1008.51479149597
1299.62681681824,1472.98897773432
1695.14718185867,760.386305263153
-2004.20830264495,-699.786681400799
-784.902979779828,1832.49978882304
-767.377134395617,1828.81381313956
-1922.98680182414,569.910728578034
-1042.93416632143,-1437.0094282874
551.768240469266,-2132.50782924627
-1025.67543295428,-1243.84068983629
575.372565665729,1919.4813952696
-1700.35316142832,-926.511161529506
964.943888247675,-1455.57197741189
2181.21796855029,-186.837768747093
-1835.05650739023,694.439502391837
243.098730671242,2181.67931081644
-111.356691463876,1618.59589807339
485.960660838117,-1698.71617769487
-1228.53069662207,-1706.26045057715
1013.72931170674,1143.37945084845
30.1243468342055,1863.2613705579
557.160802711184,1874.73143167178
487.112190545015,-2046.93725627336
-1928.56151668888,-929.973500931193
-1558.37042922988,-480.0640543414
886.994248304221,1813.08911923103
-1670.11914069423,998.673855122793
-471.099024016059,-2009.58873288747
-1399.19080613419,-683.095815811749
-1392.38482458682,-1383.5525932281
881.59568225006,-1796.65608562874
-123.873593945637,-1990.45125836669
-1574.48873185792,-234.088155806273
-1860.48087894944,-312.900081633222
902.526553480975,1358.62247328648
1603.91275177575,-343.62197489097
-1830.37814127903,-221.426295580487
1912.20372863061,792.966206562287
-1481.58673263013,-373.044999005881
2020.85688232218,-427.571125348217
-381.44244236442,-1886.84268934291
-158.4296119163,-1562.7614690204
512.746013920198,1472.67892218485
-620.999413359378,-1935.17879647827
-1691.71241586756,600.307809697167
-2061.87433093974,140.622175237934
-1394.22779037015,-810.36947231888
-1205.18142100122,-1397.47876320039
-764.38946719384,1689.24035683522
1135.86373664012,-1585.10898429818
-1684.46804507868,-95.2826114136965
1409.84797184924,-1340.63434841423
-1023.41589534745,1147.04997819145
1638.95065987837,328.150231061876
-115.006105312241,1985.90864337611
-383.670410291147,1453.9467835733
855.582663005545,1419.81151833303
1402.0663001821,735.396395618548
-240.456550706668,-1506.25122872381
-1096.77087827181,-1044.65610099191
1427.32226647239,-464.600085551778
2003.839382429,-344.306648384283
-1922.52644911986,-301.144911449774
-1317.01109117602,-1356.20767101335
56.3010706097889,-1917.94355953713
358.564413053581,-1925.64070286469
1111.62546994873,1205.07848287891
457.024304343378,1485.7614313469
-1652.90452715656,-252.219333039556
40.1873708346901,-1979.76157033428
1825.13966742584,-47.5512549672826
-1535.03291213926,6.73034114581427
60.9142075994394,2024.44519837733
-2214.9738142967,364.298897810231
-1006.33643674965,-1899.89071822157
1937.16651832332,698.556036923108
1434.21272624735,687.487807845183
1735.45847943614,-349.410779060087
1433.70270019262,-523.363838772841
1644.45971037387,-945.052350646285
-1574.79397175647,555.75276121152
784.576545206406,-1324.03837286038
1876.09220566807,-638.19301101948
234.138264998706,-2190.56306361041
232.423983883764,1836.55486948118
-1092.95257556951,1156.56787085918
-594.121030216969,1909.46425562647
2024.07463860198,610.641016025029
718.658869594533,-1429.37020848027
-656.101539015581,-1750.27890742058
423.537266169747,1815.59701627104
1597.77566872686,911.552366913509
-525.242962124688,1777.89941444316
1054.53891802539,-1150.35697039407
-948.950585693867,-1165.97814719541
489.527783703696,1945.41985626134
-2116.6227127578,-38.8517996921572
2142.67571470811,464.621600931099
-1535.28476527031,1406.81966325424
1228.25791195984,-864.658380986368
386.40755784883,2016.0251129588
-1702.45225766773,-278.869171521096
353.086181704062,1559.14810902017
1579.91203325849,-1338.4626103776
-117.279535135037,1573.60526667316
2145.639892878,15.5018301557953
1708.64570770145,235.023664751244
-345.333755971475,1617.32306551296
-1314.81001830533,-1088.25622855611
-1893.78283674024,-815.187214102898
1634.58791676617,-972.725193349628
-448.176069221092,-1934.54810520735
-1600.62387256835,-375.680092471153
1603.83926035284,-1269.50860306696
-1055.35283278966,1313.82879835412
-1796.58614942267,725.079152353606
-234.126110225992,-1865.01821281327
-1115.63942829888,1318.174019909
-435.476248449858,1523.84028889708
-2090.56515839928,279.030172613615
-1777.5322649308,983.388078478141
1073.50472574863,1849.07390199581
-218.446027796247,1647.79731092658
-143.327372490742,-1920.00281706756
-1689.70553561552,-3.79000372750454
-1958.6839302466,627.216764730726
-1497.27076091442,-625.162911197773
1344.56399058581,1450.57879446154
-1090.91525175422,-1688.9250772092
-1679.04981952177,775.638518676249
-501.534899333685,1581.24644507409
-502.663632802628,-1800.99207698014
-2059.64263874562,37.8211136011818
-2048.8459285408,-272.024115143382
-1539.8237097789,-923.897544868476
271.551799138081,-1788.64356131151
-1034.56928184523,-1602.03078356007
-1957.67763698558,557.10360582018
-1310.92341277269,-1487.84283026382
1925.68722732132,323.15129962268
1883.11435907653,-572.455923312448
-1921.78235720668,1076.76131519059
1644.48439683047,-1445.56725305465
-865.050058111678,-1520.67432865912
-1588.57134010722,197.406789752599
1012.88526001246,1702.59939259825
1201.38802217304,1268.35605843728
-1496.84819181766,-341.189560450198
97.3851113623078,-2194.60380735236
1270.82803002078,1659.34542155267
-1091.19732747021,-1295.35997895629
253.30674123794,1858.12114912008
1092.14025342898,-1707.1435037612
-1071.97489897492,-1256.47397143022
-439.99969663916,1815.60321689291
288.952024478196,2139.4380532094
-1518.27959731104,447.261056910974
1309.0424495797,-1555.75403818573
-743.501301662964,-1587.37342270672
2156.98944317388,393.689341887507
1650.33109863086,1415.01650287521
1293.94192235919,1089.69078819961
-296.317568299614,2046.94168120692
-58.0855324564334,1543.37206392289
34.4651672285866,1517.66099741084
1101.46305459055,-1042.91754030091
-1866.19054223926,-9.84743844258306
553.38031067496,-1804.25748567448
-965.069810293922,1850.27555145163
1908.75030216364,-254.486635493663
1331.88582178501,-929.057960676814
1639.70975422269,-840.37804300771
2195.30476227116,-127.748461630694
-1049.47338991154,-1939.58356489354
35.3163342247275,1837.24491195562
-1376.49220030994,764.297857607431
1047.08519130621,1836.72439619645
513.143853691452,-2044.2158941149
-922.772225369955,-1326.99400773756
-688.083050170002,-2019.32351101007
564.589355341384,1789.89495014557
1272.29725036198,-1467.78148829444
-315.58884715055,-1747.34743437251
1655.41456216165,-705.369191594451
2138.69934407803,-299.502893343002
30.5953056090152,1921.21809500204
-1088.84613947335,-1595.18996351167
742.263021210691,2046.38475905711
2010.50964713423,631.495095899568
88.7417036864251,1499.30873758497
-1561.55522051758,1394.45908037069
-1477.18063155159,-424.645677435629
60.9519660369732,-1679.9175462479
373.204345953622,1689.8292009524
-686.767851424518,-1888.80722573485
602.830343125032,1549.55572772971
-1102.50688132523,1360.47952059866
-84.4974907454251,-1584.7908806722
-1177.59606232185,1628.06879057215
-1577.85502872463,-1131.45885166079
1082.55998636142,1611.71832154475
-445.477020972506,-1772.92352005315
334.421443669825,1561.35320192841
-1256.76422234888,-1159.86346248841
-1678.26349283622,-1458.35761069338
-2022.98735097813,486.953916330298
-1385.58340461464,1142.09332036376
-1427.90946731334,-1172.14287592557
-1504.97161594776,105.075753965181
1411.46459987049,-923.665641595525
-958.084821608536,2027.33841402239
-1711.25841472907,-749.956109806232
2149.81098483854,-643.29196999844
-1144.46871339667,-1695.75281101034
1856.99345761213,-819.437514390875
77.4478748479156,1516.26532604957
-263.83862047707,-1481.24714655891
1444.9848899337,1671.31598018064
156.208774532889,-2045.18259094711
-270.099049397101,1593.18975278074
736.60794049242,1406.34070436092
-257.686810767061,-1957.68862639126
1923.36600386019,827.274358594612
-797.479161098162,1722.02181305721
-1838.92433283717,253.164690291234
1473.48801289582,-1319.46085854535
1614.02789471915,-475.390423703736
1073.07944585886,1520.73646605837
-301.648803689547,-1808.4701604627
18.1409669688146,1538.92560138689
-1656.73300862639,-241.826572973245
680.916392315548,-1457.81163774786
1989.2953748865,475.758504253977
460.441000597984,-1692.89308752477
2052.04903704601,-449.545342414792
-11.896802861471,-1942.30405807041
-430.857771094706,-1815.10285641272
1681.93484890714,-748.593267845496
-414.008685126201,-1455.02211440509
1592.85166934353,-1524.796710014
-946.882706218449,1598.89064158398
-1182.77876892181,-1890.87286422594
-1560.79134143112,-205.252281218031
355.685000488511,-1843.06619647341
1340.0518124001,-914.784775669596
-872.115010728273,-1414.65989457268
-958.578222168559,-1646.65548420384
499.847699993704,-2110.03468011837
2079.82181718424,-485.734371930893
-1673.78051854689,596.933103417643
1676.59868396497,9.06961383068082
1205.89768456915,1071.03323639693
-402.559921461281,-2058.71464186738
-1922.40211910974,396.245272343976
1481.99127713748,1271.50631512673
2159.28441032901,-97.5681452140671
846.684631750929,1558.69412642962
-75.8949100718101,1693.79181613536
-1907.85639800817,710.708708530485
336.575601045132,-1744.62288127063
169.459342152067,1580.13507342254
-2068.11260496657,-528.54243703502
-1538.98492336557,953.260912325675
1642.89178012672,1185.8443282474
1433.97881767646,-1698.12537405177
-1125.46320792003,1295.82574897994
-1772.82865450906,-473.582078008128
2094.93743776948,-587.412143867629
737.320027926681,1531.44098693069
358.300800403487,2218.96424545496
-1672.04265240589,-980.502765450967
1029.88730434492,-1137.06459958532
-1836.74595282256,-1277.33658936051
833.114854706448,2089.99461335103
-1257.3860015559,-1633.41106287006
2530.29366423619,-284.122557532373
2668.44514094677,-962.111460295188
2276.23333009254,345.782077846293
-850.011984041267,2192.59748064458
623.962370665868,2561.85729626916
-1981.87426044183,-1313.25073052109
-1143.97906101724,2649.84444842524
180.692912208607,-2500.53157275055
-1524.89037129802,2049.24118479292
-2399.26766551767,-1264.21346222439
-2446.05181141104,-1699.34637687875
2290.2038553568,-1271.72099937513
731.669874494291,2614.59895359038
-446.158862600694,-2721.50613411527
-2368.02941452041,358.414031618746
-2387.70239397648,-802.770530073519
-540.208588421845,-2488.14386898091
393.162281463451,-2309.42052958615
119.171192815062,-2632.716810327
-2175.70427221381,1453.56213313213
2483.10320120939,1357.15301135429
-2280.4910080799,-277.973724285509
-2264.83990352386,-999.722150749051
-1266.42024862347,2154.16963085071
2058.67290168478,-1893.53575350835
1873.23852317935,-1334.68025720329
-2534.82719475116,376.203942176169
-2181.78055065186,1263.92140923305
522.488236437946,2415.49795109133
1265.44365122211,2121.06598255549
-1668.61854115505,-1871.38523447266
2066.50767341447,1225.84537688567
1046.82442889946,-2556.37293125667
2645.29761870639,-590.599127130042
1827.652534128,-1674.76195580731
-49.6350538433728,2817.28826725064
1407.10182697448,2138.46505426489
-2803.79554116032,-26.0764233408916
1915.00233614829,-1681.74172188909
-2284.28174671571,995.114878530089
-1810.58856396576,-1833.97102051175
-1624.03223194116,-1906.64358218192
-118.98772534643,2780.47711717067
1970.24167538471,-1980.65159520608
-1970.27267191459,-1448.0129840291
2343.62273514259,429.337251299547
-1083.15157699279,-2350.62936791148
-1241.29803883408,-2263.02400771766
-1867.12342418888,-1353.20335918066
62.523748487733,2417.16907248396
2227.79258558164,584.492832512834
2230.77995453972,-1679.62403185542
-2355.69267748798,1702.68100822715
2311.15075665235,-1657.27054143515
-2464.57000133176,-631.024128963796
-255.419527747709,-2779.78258659099
1369.57550078927,2318.75007013346
381.598879603004,-2714.21603549465
1348.01961322094,-2451.18529131025
-2265.25245386679,-1490.00790818707
-2200.01267496347,-967.741821823495
2145.83883228276,-1030.27684442437
1495.50515309129,1699.96164423634
345.325624000939,2776.37455643377
2458.71211792401,-1561.13118776616
1583.13573327449,-2022.33556783222
-2107.99800445789,2068.51824017844
2105.40805253565,-1773.7426406006
-201.057952247463,2315.85675749955
-2187.47254538716,-1187.87615935511
-669.007184177986,2175.42096688689
-2185.5797329856,1370.22921275229
-2478.83154521961,-1340.26432210446
720.114524098951,-2705.5166509226
-2450.65681548838,-1528.86115353145
-1822.48716142014,1957.08846662822
1008.67711617329,-2274.8387789338
2690.25901927228,-416.879419553313
2278.65611904341,191.679539928427
898.539803340552,2248.48047832455
2643.47635710384,1293.33817878859
-2344.8996245665,-459.097316968357
-2598.06323348189,-520.473909397537
-403.691957399357,2504.59750569166
-775.610844498713,-2526.96670417448
2346.7802969158,-1765.15952486327
-2395.64170933561,1208.6329488369
1929.2428717487,2181.38008143047
-2128.91923362004,729.27833295827
-1187.70612782284,-2586.78799784153
-2645.98056525605,1335.37978489775
-2706.64246816199,-60.512202077264
-2308.92392736551,-869.284576443991
483.242152318408,-2496.6070666515
1141.96604237179,-1976.00321529906
-2652.51700214222,479.826202434637
2284.5299992426,-1309.19905304583
-2981.09057343293,-140.064775820493
-1781.33018554528,-2398.14755891117
-1846.21678127097,-1464.54012993189
1092.69114161168,2043.71095708629
-570.546869300766,-2697.95535986114
-1009.05458697311,-2643.95061618146
2594.78367406163,1445.38789554393
1726.57011761412,-2346.8245396631
2409.33517316927,-1154.43800308059
-270.676458342105,-2541.97200285048
673.737584373738,-2366.36992897711
-2479.78496973438,97.1005693211401
-2737.38543714544,797.886114410097
-1708.88424715359,-1467.1472335042
-2989.03858326781,-4.34463129857622
395.842586886456,-2563.40888141713
-2803.92719442005,-391.920540801847
-2005.85771839137,2144.80744613071
2542.53495146348,-1171.26187860904
-1697.29033830392,-1734.33584482691
-1931.88145209853,1422.84178752127
-1907.72466860699,2190.74883830152
2045.61069926826,-1073.02586286797
-1776.62301300466,1906.2242857949
-2421.8939401902,-303.481709505319
-1912.78225618385,1319.32218037063
-2623.84232530914,-671.909506776938
1117.50713706724,-2009.27882424268
-2142.6611558397,-1774.06840233413
1754.9703770052,-1881.99489582027
717.030704986795,2180.5617220937
-2280.40982645468,374.432223444104
854.10992899192,-2117.10480925971
1362.04865938524,-2206.04508697128
765.03460557822,-2461.52935827352
-2896.94571702461,-407.168532186865
910.718067922406,-2524.09912155726
686.587083443345,2634.28973635375
1206.11171487002,-2031.53146252035
2168.89634601215,1244.33045971151
2509.88560611504,-980.340970788348
1234.86949776787,-2229.27490380529
-2278.68911397606,-580.408689087113
-414.298133413215,2780.87628654004
-1620.30528051856,2025.19308464768
-1814.10754921679,-1715.37766433089
2980.44427014453,-131.397500685868
-1363.74596416018,1969.19967909063
2165.12952270551,1802.97135983701
-806.76359933536,-2287.58724762604
-79.4290059168519,2277.58138187617
1026.21530198581,-2436.01241964176
-736.790346967975,2448.10176605042
-2469.99781555096,67.0360567859085
-2680.11760108122,148.557482755878
-2383.25180863882,-1149.55078351587
1246.14624116821,2561.25046128037
1979.94037607267,-1335.94617003557
2437.9534395005,1596.45368907123
2253.13730388743,386.919927500061
-1045.28104867567,2727.7040264496
-1788.2895921496,1599.11678725247
858.318453114596,-2397.4663840324
417.640708655323,2295.10849728654
-1401.13065609708,-2116.28526799859
2168.48943372986,1305.06381316931
1725.90349339376,-2287.53412585467
2196.36977915796,-630.44735772037
-274.649604283444,-2827.41121497863
2709.83748276047,-163.01910054406
2256.01422939252,970.797823410018
2340.32731435908,-1377.52930738727
-542.540300504269,-2637.44750607255
2850.15126989414,388.576912460988
2545.93474412863,-55.3506612344568
679.913339295615,-2265.01340494596
-2256.6209005054,-1129.58830087333
1010.87214525358,2045.47485259684
2430.09936680067,934.217708444494
-2467.07390079905,1178.70560390517
1132.98774860156,2694.06073475912
-1528.51446494966,-2138.46644898132
-1720.78114537678,-2048.00455036931
2407.1953334233,-1670.56427851331
-2464.11943764135,301.560242453346
2807.55315660524,-696.987452823387
350.156134596522,2711.64098772477
-943.107182872091,-2591.483444984
-2292.26673073098,-687.474733253298
2182.37327013366,1046.15167839789
-2630.6294920958,-878.540575619306
643.308176009885,-2740.39029495156
272.971320099724,-2771.7800582053
-2506.02820202874,-274.756846710928
-1267.21359980717,-2606.27516750497
716.032504801841,-2222.88328909694
2598.24793272469,-1106.73971010299
-2751.43211591873,-589.627351587018
1400.60990965417,2272.51413660115
1737.48231866681,1481.10007950469
-1828.31375530652,1401.71603824698
1269.30309610536,2517.04685757243
1450.60682604534,2276.91627846842
2439.73528588852,-170.418679939241
1459.59747187554,2017.60564170286
-2647.81952086885,917.230612238096
-2345.45051559292,-850.474953504504
-663.556732760863,-2179.47305324916
2464.00739648072,-80.3960293896502
-2094.96809533235,1105.52839534736
2389.44906258784,1457.15634613738
-1298.05452978442,-2133.25020643815
-1878.3323471764,-2301.4555306842
-1995.36517899427,1974.41234490148
-2643.91263255244,476.484338730144
-2843.77009619743,-678.549752302988
1500.63473282269,-2306.05850536082
2183.03643301114,-1558.59733741097
-2615.18741678764,-480.444288752428
-1865.71352052313,1778.75689108523
-2387.61335786635,-238.300633887848
2348.63084394869,624.806839916208
-879.59957151186,2324.84775439005
5.7711090119838,-2772.09498728711
2055.04160800488,-2113.90119805132
-2497.05486528604,1573.06897999161
699.083694012747,2710.51596905359
1581.8730533895,-2194.66403762271
-2879.03342551797,-709.873571475924
-1161.39595898894,2441.14869238553
2189.01699672769,1960.41518482414
-1710.15036572806,-1899.99165880193
-1024.93721895204,-2166.71064021186
1905.63099146201,-1282.07515135677
-2536.85927954114,-175.522828829896
2655.36934248329,-970.925289671675
1831.09984432835,1931.39319930225
41.9573018250213,2336.88928522124
-1876.74128550845,-1489.16338215473
-1959.16858649762,-2190.01841313529
-2986.18933225266,-203.61181044338
-2769.76225219508,27.0721333626371
-2227.42807929965,428.155732707914
-1057.03014164177,-2615.31143284644
-1835.24921668557,2096.04910717111
2966.39020162007,196.592362125674
1543.38288009904,1983.08059991922
-1392.49386369464,1780.86074702882
-318.274900071819,2416.38997098274
-2504.83253220056,701.759682439254
494.929075841565,-2611.33687937838
-238.078368427127,2481.32939764947
2663.16349947451,-390.114194000857
2341.70321708967,-651.737110400139
25.2697625313929,-2249.89408936105
-2373.9546129762,-915.78328469457
-2464.08877745742,-316.914016120591
840.653510820265,2828.96764624352
622.053766356871,-2369.01798855599
2323.50117927234,166.937553793608
-1712.10461969477,2197.50120342147
-2518.4972547872,-1557.04957604974
1865.96572032296,1464.45922056798
1481.2471116862,2306.64835038555
-2912.41303371662,431.49010471087
-1151.51241087195,2397.60727509568
-2929.96750174021,-168.612451240756
-2422.96457745652,1294.96957229845
-2189.79689321554,-636.725067893899
-2762.51404278501,-1152.80276556322
-2366.04627455854,-629.601068218657
315.922197645478,2462.02936323317
2423.5223205204,193.32676203713
-2638.46258364752,-763.423520460471
-2223.50163275826,-1551.33412102695
1559.76602764562,2070.27363204149
47.7616127320384,2942.27347636389
-795.34269067759,-2251.33768266019
2244.10761135195,708.537992434943
2827.82473348564,-17.7919783759877
-1561.90362541869,-2401.22443126977
292.104043338648,-2645.22613301053
-2043.87788604009,2099.45301843972
2887.51993951967,-103.478048089531
999.555030596315,-2119.83698608438
2349.19329384193,-633.238394600938
-347.25608860375,2238.9483404847
1507.87943190397,-2017.51165167591
-2208.44086976516,-1584.29767297045
2459.38689464984,605.171307602153
1059.30966955422,-2589.20620370943
2097.39606157511,-1047.59893775717
-483.74955910564,2818.52210824936
-2817.59562699589,417.819363623537
-2644.16957030413,-364.408832086246
-1196.83490282559,2166.30903464146
-1002.74185657921,-2036.49249650279
-2233.52960123052,-930.99955152918
-2473.29478827683,-715.245427798822
2394.50554899113,993.190765046135
-638.412895223166,2594.25015980403
-2471.82417989119,-550.353481621402
-2.94314666034878,-2851.93123004718
1900.1402139964,2051.37366368201
-2208.62543204449,1807.25221457393
-680.648318520942,-2208.36024687738
1792.49198487645,-2185.9871498545
-1275.71161283855,-2657.1203398436
1062.23216619752,2279.64964782386
-2300.99170367604,-1129.42110348518
-2150.80184799172,-1080.56454054176
2148.30819220803,1735.99504144963
1859.54141381578,-1448.80463399493
2838.51507969215,-451.451259679023
-924.383695366026,-2774.83440386792
713.130132871745,2556.82751562648
2467.69471025173,-1045.31451183068
960.982277568006,2252.63004463813
-280.218199661487,2717.54075964046
-314.897708542112,2310.28440416407
2723.06995264128,-10.0992610092634
2315.49295451948,823.40432232476
-1318.7315785978,-2174.43438001287
230.088734845716,2375.93620148435
775.312094729259,2124.41561861016
1663.34945325872,1698.68109600608
71.1044177749394,-2528.15163011026
676.889523661257,-2813.55376996425
1150.91818360464,2160.9877009542
310.13549960557,-2317.81532791513
2408.02268957282,130.364311388461
-2746.52097716733,-118.465992343112
0.945384317633667,2909.11978418972
-814.369064569249,2327.45786569854
-1653.06032937468,-1607.31094510542
2742.36091346792,-369.709280219712
-2519.13421407163,-580.16593258462
2269.36900958385,1922.437475686
-1691.32961163357,-2249.74448257216
2463.88170983731,-1274.23225008509
2662.56206396784,950.709035741951
539.082262581406,-2708.1103716153
2194.17774978767,1854.84684547388
-1093.87230279315,2192.10335953208
2057.33972974523,-2169.50442746871
479.75555692257,2455.17467233008
1696.7058646373,2278.96536959553
-2818.22260254029,-781.529909154805
591.170789222542,2710.96970022292
477.248875291511,-2444.27802431648
1731.96183877008,1585.30932161923
-2285.9289704893,625.147300108546
-1771.33503714885,-1504.53380572004
-2136.06304959352,1711.73423457516
-236.324028455666,-2624.53866358356
-2517.26435414011,-1323.35498621448
2314.96097654676,-33.3600309473474
-996.74220826559,-2083.68184131579
990.309238924388,2726.9824927542
1365.78713223576,2540.95974859796
1526.7462060308,-2046.98305212566
2075.23335095888,1259.50349337891
-676.760791309282,2556.81185399926
-2259.63131455928,1743.87493376147
-1203.88672126464,2546.91905392865
2800.35575447926,170.829603362005
-2382.29832432836,-786.383962674869
-2377.3611031985,1444.58093208046
-1562.25630229713,2501.5260043996
2140.7055736852,-1288.03515768959
-1717.18555115104,2303.87261524436
-2430.6680544701,-365.059278987227
185.996231508279,-2947.6288242311
-2910.6724858982,699.006803016086
2321.31490269199,786.455802869108
-512.937784205092,2219.60901434204
-2312.29384818259,334.790461824813
-1454.68806885344,-1788.31630982571
2199.72102122779,1856.8241322346
-1599.06402681759,-2033.06520555418
-2333.92969590029,-751.681624290372
1908.08468177661,-1720.05237833894
527.350096964225,2763.06250656857
2156.49318113825,709.344587202405
-1334.08332277142,2512.88995977417
916.788105959953,2469.02558777146
-2210.46862313191,1216.33191807722
-2159.63708527576,-1450.94910908315
-2511.67087054253,-1336.48321917679
-402.80300600207,2626.53375972381
269.538634167166,2469.94047579581
2033.17012347294,1974.86499458386
-1880.9779969853,-1506.66972258406
-1580.63487454956,-2187.41115749589
562.650710720341,-2664.98283797427
-1727.90704152518,1868.16889285594
-2288.55527134811,1892.75102849522
765.558984517826,-2707.06327689196
2588.62932358057,-1330.31448375548
2207.20719545567,1123.99471829998
-837.236076246948,-2110.66541395067
17.1081793842276,2394.95384370357
-1604.74432514481,1854.75843763716
1755.3678226805,1616.5738905025
1039.45585032941,2511.44531801074
108.501378189809,-2519.14776946281
630.540627911982,-2768.76089448782
-1726.47432709674,-1988.47167639946
-1958.01943707863,-1507.58155033779
-1690.07166914476,1555.49332037417
2466.02488169904,-316.543980113335
1632.08973769947,2246.95956007275
1076.41691445608,-2016.93766544296
-1793.77436829775,-2012.93790501152
2750.22671812252,-650.72148146529
-871.065186490892,-2256.96995393143
2540.70054373416,598.935300197761
-2377.24214039432,-1675.88354550021
1886.87693669287,1492.60918440158
2505.5853826915,-1243.96902471403
1334.57110782988,-2603.24535086699
2534.53092907977,875.205418657352
-179.143149996721,2973.09914460344
-472.365860398513,2332.16801608226
-1237.04995231354,2277.37458007949
-1929.7085009708,-1450.02318026507
2014.54278520077,-2012.2928264899
2693.55583150701,1220.29018821298
-1433.22961600733,1976.617443587
722.971255556016,-2393.79849369802
1964.45234860056,2214.09565416006
-2362.7391825169,-1830.96952805511
-2602.29383812409,331.939367297463
-128.603644959967,2672.86840786266
2244.59018150325,1104.01129285802
-1714.19816952876,2395.75556066478
375.346505753245,2668.89047191759
968.872925740568,-2687.85381453541
-792.297609896601,-2621.40257894029
2392.5210741362,218.656556686561
1534.79123201398,1933.13772124323
-2174.20957665084,-1210.09257216338
1626.17641947096,2045.65861465078
-708.88778281313,-2275.07899145077
2663.09022104957,-1019.18345781026
1324.85908595295,2561.74272911917
-199.688421649807,-2579.06448296267
2433.21922846673,316.792367580215
-2012.95858642679,-2148.39282426503
-68.6574537206154,-2822.73731285945
970.888834195802,2285.21991661244
504.408070154279,2261.92005222935
-1619.36482989514,-1744.6111613648
1335.43766459079,1986.92906640434
-1178.41642326001,-2012.48745249652
-652.03985279695,2575.56093158314
2445.55793805559,-1600.76585581196
2017.15059269368,1174.90117494706
2378.34438109104,-648.05931925936
2001.45541320138,2205.2804530789
2155.85698908627,1373.91348252089
1425.67197994784,2209.26893124366
-2573.20465519349,-1240.26932225815
-1522.02126089028,-1926.49181385124
-1892.84964418013,-1361.54311069493
2274.60663546528,1265.42181475012
1693.11624757689,-1797.07173070627
1398.54708753948,-1792.04380735788
361.796058013615,-2684.7106333532
-36.225573337327,-2511.89228677905
786.767503922724,2210.86063674826
2520.11359475818,1029.07139237393
2887.80673347583,-287.820633753511
-2101.74992625606,1985.1370892737
2705.8822991121,-127.681077519426
2363.83118493341,-931.689560716482
487.681062055794,-2423.42353362137
-1485.09733269947,-1877.89066013726
2103.51300052142,-915.427387163457
-1193.30909315866,-2489.26787717665
2920.3494714482,-30.4858411997113
436.050396630782,-2350.28888455677
2813.2739648139,898.879809504761
1859.05387433961,1352.08969995542
1902.31327006075,-1674.20402735234
-425.184442334315,-2521.20463444442
1632.33812994182,-2510.69594058906
577.018265906516,-2486.92589183601
252.133295616943,2464.94466985258
230.118422317917,2461.51186114493
-2224.74675249602,1196.23276311603
844.524935987789,2872.89400971805
-2388.51639221847,-30.7544108078788
2440.22182960212,320.884285262594
-1965.88094020997,-1992.85937766265
1353.69895775434,-2407.29588995666
2521.23731403063,-1020.08673972253
1857.09927745012,-2276.0465866636
1543.76966987211,2035.46533133334
-408.841629982717,2217.67280574584
-661.580190983375,-2497.62653531395
-461.178601800145,-2962.52486577916
-1494.7127332952,-2143.81684780825
-2159.71760068526,1217.01710703118
2828.71978615796,320.150394631978
2410.9206849866,-1357.79561159242
2590.59120557216,-1457.30670188286
-2885.55609835394,-101.644747673936
185.841778110209,2465.07604034189
1115.82596404096,2500.56797692238
2722.96982382275,-989.573538811999
-1037.90272712189,2789.37430263147
2316.40448014278,471.09381917864
1239.66309617925,-2020.8998243338
2153.1833168335,1302.54877873842
411.14392808947,2342.08431829484
-2438.7228311875,330.192126179627
1933.9955142862,-1473.74612314474
1267.68416246907,2625.37439000493
-2096.24617326809,1277.36344743798
829.995913234511,2443.62510129277
931.257719173219,2682.04469709209
-1365.08488445927,-2069.67038650213
2344.47245405949,-1219.91545886889
-2483.49771004116,381.316530524121
-2728.30720488101,-403.061001777431
-1119.65590308861,-2769.87651775325
1019.76743061335,-2603.1028289707
-2194.60060655075,1836.94732390189
-319.308569603326,-2924.24981145288
-783.651834848463,2851.86487281923
-159.986142767065,2523.09139363783
2625.00499448313,-1217.81569272954
2046.43776476231,-1950.38506150989
-2921.93312804321,624.879145172959
-438.205245706027,-2775.48778912318
1901.62743939835,2158.26005679225
-1511.10335863188,2449.05095489327
-1076.92921052243,2641.83551445723
2241.51102432166,555.442108588897
800.352549463604,2553.33978680826
2220.7769119248,-981.539833096283
1282.72428096025,1963.59057739081
-2629.74739977631,-760.616336140457
-1876.17119098939,-1797.54076716568
2569.52504658486,1051.83563512852
-1076.99697741615,-2661.88813202548
507.44136275768,2897.54648769389
-877.025323798802,2590.67175482562
1109.79766310111,-2548.7401168145
2098.06741420385,926.534414285754
1010.82635204938,-2556.24786102559
-839.054607023475,-2147.75320096726
2082.6505798221,1713.13748662144
2372.70778837933,861.646791828977
2094.72975796903,-973.936488935683
2246.71033585677,-1589.84495224276
975.53156423215,-2604.49052131346
1680.0768645815,2327.59877154773
589.765086030812,2883.97770744534
1394.39655948666,-2173.4379502437
1444.32276569015,-2194.13718206999
-751.558389872756,-2254.99456612412
-2533.23786400699,1015.58287880479
-1278.96882025137,2392.70183967706
-1601.70311980388,2248.08055285333
2879.69022629063,480.615747375832
-1867.62625449779,-1810.85857438863
418.631109992847,2784.22629478273
450.9120755671,-2443.79648369925
-2355.43106982228,-976.218532457846
1146.67084053116,2437.16758814404
-2681.78216392495,-1123.43294800612
2900.31683837542,663.262809969227
2283.0576005587,-503.772868272857
2376.48921429959,512.92376413698
-1474.82912914523,-2259.38116623887
-2396.1163247246,-1578.24744920243
59.5904914007726,2716.90648601598
-163.843164915398,-2872.06715943054
64.2683064737859,2429.89227081263
-2075.77654625396,-1972.57347625947
2243.16427165907,-1722.62771338823
-1712.40619878209,-1568.25877251833
-2376.16217147854,-1794.00786967036
2116.87594903486,1842.96999846054
2857.61852450547,121.933964927074
1592.49451991914,-1772.45893368481
-1390.5840548723,-2581.41073876485
2534.83775564625,200.07576988727
-2157.13164189978,1534.91769314134
-918.44554965836,-2689.82693376519
983.070050721251,2249.70079269066
-1319.89255446773,2418.16261242429
90.4748205366561,-2510.38365312288
-2405.86824039017,660.978366231314
670.233690192643,-2528.71656064622
-442.983002034401,2774.66034561489
-435.312960818562,-2570.67504134951
26.0394092693174,-2990.2235485245
1030.26582591506,2264.74066506053
-1734.43593822882,1586.65929161709
2092.86785756119,858.262742700685
-2645.48882468775,-1251.19182935136
687.333771410855,2911.44969753518
-1980.81777802453,-2106.46500646759
112.937106060496,-2321.28888497554
-2098.58787854884,1252.60632087629
2438.65809739014,490.667982882761
-2402.32479949012,-1143.48115433135
1321.34534143248,1826.02039729192
-2240.79032859063,1258.23142195035
873.309048482214,2736.08435352641
-2581.67413596995,770.857916350066
2307.93825386195,876.776900316067
-2288.33977429591,322.241514708711
1326.38548399611,-2600.75684378611
-1438.50418350297,1959.57245410459
2395.47575604561,-1697.96126457794
-1726.4899077079,1804.97632298575
-1312.81962084588,-2559.08517226936
-532.710516410754,2753.20636923706
1250.6963383523,-2184.8581497042
2207.50461645638,-1847.16875743888
-858.072948407216,2138.9175941234
-1300.86094618455,2236.83815505558
1710.0959866109,-2232.21187488786
2843.18385273979,-831.10810403779
591.756324606272,2353.58737618419
912.784353766431,-2844.37562585079
2131.5819039346,-721.810559299503
39.0327558075363,-2863.12188496464
1932.98613023414,-1535.01051805019
-584.101292542028,2416.74431210116
900.944186282875,2797.52533464672
1556.46510989643,-2138.58561215774
2655.79621813727,720.373524458285
1826.38694891158,-2302.22809740383
2233.09474348218,-1130.24244913958
-1121.90716863172,2135.85404041295
-1702.16714483193,-1886.18450189974
1904.92828716431,2203.06717055637
616.32252035902,-2350.35695504445
1910.7686310712,-1465.05372140521
2229.11650464418,843.469526992815
-2191.28237267968,643.516341546286
2728.90774707673,-1023.35770832506
2311.31995522989,437.27564096868
47.8529893356828,3456.10517911224
2986.65304984349,-756.401051585619
2510.47607488217,2720.12248128798
2604.81271161713,1570.54904233543
1017.54563792365,-2990.3684971821
30.5421893364238,-3577.37725607805
1738.60085325924,-2956.58860668381
-3139.03212629238,1403.79813347378
2658.20448094995,2207.03338895623
3635.60484610243,-84.379695708995
-2598.90971924966,2308.43484192563
-2713.00159182621,-1320.93258702507
-3434.88314969723,490.061782365296
3058.19655352851,1251.28286472251
2982.26058636181,1922.63301252226
-328.202976400183,3341.21556754873
-3.99340288463267,3330.55586961276
-2387.2103897907,-2765.99222811262
-2223.81985195797,2411.0002506782
-1998.67368150759,-3156.3219961095
3273.9754731833,-1272.67139191684
1946.84326665138,-2448.87172705777
1946.21995915824,-2378.90174987273
-2960.50664802992,1817.11527197727
-2074.61790310513,2733.80333562283
-3297.3960423691,1533.32040024379
-3212.88795237704,-1241.6253568009
1371.3788043479,-3249.65621602029
-815.611162548252,-2927.30048521027
271.770241288151,-3132.09328447547
3374.14930867889,-1295.62070528461
3080.65079063467,-1829.43680483399
269.890521009873,-3652.51650347795
2825.79135345294,1642.70553046972
2664.42072668653,1595.1596839706
-2114.94354650842,-2976.30176425084
3390.02525556167,-1223.36172796301
-3088.71255737572,-1358.28110605235
986.830702264713,-3184.4347091358
3349.75002973993,-637.046272677599
-3432.99103168941,573.295016809099
-3533.62926263266,967.055533118784
-251.707389992629,-3193.63570898114
2899.69163514718,-938.028135490575
-3296.98729016855,379.612887112291
878.99030202146,2892.08445089082
-3564.55153410269,-992.006153948515
3058.79676755767,-1387.47508235863
2104.50508553961,2669.05920730422
-3275.1003217926,-1529.23871444068
3358.1384460056,-928.289392666693
-2267.96536718793,-2777.51252386453
1115.38376796063,-3421.12956412354
458.08771068573,-3442.12414643455
3311.69778233865,-1087.01000956385
-1130.80176969812,2793.84844760854
3025.65719122875,1729.85725017214
-2777.15564852253,-1863.33643321878
1817.56040996286,-2690.64605854189
1263.07653764433,-3064.70093324038
3068.72695297566,764.972479158075
-3006.68906200617,-421.579477240955
-3072.34049376792,1112.97540939698
492.762814540381,-3353.43003563878
-158.828574282903,3358.02927235203
1935.24341172941,-2299.57682191544
2003.38231510584,2987.55048817432
-834.76730509278,-3102.81054594559
3283.19534421697,-140.869520275008
2447.85615539882,-2782.51810692906
2410.45224036662,2071.99163181965
2013.87330806965,2459.12980330191
-957.3439219122,3579.58029265661
2153.36329917105,-2670.1973548402
-1224.66132236996,3484.60656386764
-440.089764519367,-3411.09901387878
2482.04601209108,2172.27704163778
-2393.90713418055,2760.90500515699
-1240.15460392753,-3437.97590548263
-2542.73253553489,2031.34139811481
-3166.92735480125,719.94253246197
453.395068251275,3097.50930637356
-1861.38555579231,2353.38934190065
-3043.00255277264,1356.04492058736
-3575.62332497447,-231.460850113682
-207.321390425491,-3225.86282295369
-2721.93579232346,-1659.41943796784
-1888.49523511784,-3147.22402005824
-778.122677173621,-3181.34689003943
377.753301451054,-3527.67174836102
3431.17885611545,857.826610316552
-3581.69561821889,-739.715706554541
3130.22869520507,-1133.25858936394
2381.34979863611,-2527.03011774724
1965.57329659156,-2984.68732098946
95.3425707963193,3657.32833559222
-2201.3514762989,-2223.06925545362
-2792.40463186708,1235.43007844947
-345.260103718835,-3106.53308759324
2875.34852641036,-2189.68797652385
1850.08400510283,-3005.82322641549
740.563473247571,-2994.4893354569
1510.72959164568,2779.27110579592
-2687.09430173248,-1608.16878306492
-3074.53824298915,900.816505990944
-1953.41630646931,3140.50561589847
-3596.86018042493,592.625382634829
-2923.64174795252,-966.861521966978
-324.886903787559,3216.3099013974
-1485.83891057514,-3400.04863311149
3331.17298246665,-1396.20681711668
-805.155028142011,3335.44733912401
2754.71217671698,2078.8652853696
-14.5087093579267,-3713.37747682365
3403.4352876153,-931.518611847571
-1476.11585366607,-3017.94131919013
3197.96482994894,-777.430532300003
2608.10927900488,-1802.33980555247
1632.38038237549,2670.41753351614
2737.34118526855,2306.16784489581
2288.96069400777,2481.02049326645
2959.36080218035,1884.86122492913
-2949.61975022953,-614.384768477085
-2583.42734158196,-2273.66974326732
-1330.85568761174,3087.68973970715
3523.35792733133,-1175.03989140592
-3187.9204016633,-530.436539285762
3231.17700035305,-546.69220866346
158.19820086534,-3533.54638660396
3195.60572002884,-1230.19131885392
932.845710342019,3259.62085419705
2329.3150148216,-2927.4336636461
-2323.17366169071,2493.82906457887
-2992.80782425615,418.676261785182
-2251.52365190819,2663.03509264922
3446.01742842961,-1220.09937929675
1996.38547165553,-2627.55700047749
3614.48665005729,920.377572920165
-2096.19208622654,-2494.28920291992
2923.33055341941,1044.58930398851
1723.63549804087,-3269.3463635412
-1101.6449035251,3007.94787352595
-1624.23039793921,-2546.76127568945
-171.704219004941,3521.51349956674
2931.03099768815,-957.055825195215
-539.917936844713,3077.9008304875
1763.11098994915,2448.7892138875
3292.99508250725,303.057894826798
3159.64597541255,940.298899517173
-2710.79039140376,1877.5177486845
3206.46391806657,1429.29009129448
-856.277581963281,3008.18561561689
406.529479384387,3588.06221542697
-914.805182737001,-3106.59776886982
-712.142443445305,-3298.68624920961
-940.735401804021,-2905.4537647517
2990.8295166497,762.652666154183
2426.65228671693,-1803.34427319347
2405.93628678657,-2095.98795233558
-2782.82035033596,-1921.38127912395
-3533.73706973414,-958.980861085599
-3336.51231942651,-536.568806498761
3022.08869906178,-647.651341802416
393.140594400574,3206.46648301458
-3464.52247566971,472.309706286812
3160.98338307607,1570.31107386
3191.54535353884,1664.91240852264
2343.45965475667,-2782.01049191234
-2217.57024229891,2120.29624368957
2833.70305025623,2115.15765860225
1307.69015651261,3226.20823811926
2317.84297752421,-2134.70785242291
-1133.1896870012,-2790.98129400551
-2470.9041834547,2678.83974947929
-88.9363136233521,3578.8910755564
2977.18971949158,-1102.01103983914
2749.97512618953,-2113.8945436997
3465.1459368185,-1070.33460892213
-1467.10546575188,2805.96088950135
3065.1833316208,1810.79442830219
-1961.74314895455,-2806.00766251207
-2641.01886302401,2484.32189100918
-1116.34926225207,-2816.25842025543
2076.37812836481,-2757.95223428814
2520.37594329449,-1727.34665008965
3.65120281842262,-3499.07548031992
3295.58768639496,-412.280682467425
-3274.97275745939,1569.31959408233
3069.73682941526,196.879207343833
2322.99397283874,-2830.44029915342
-1396.16956330235,3372.82880771378
115.410671587734,-3607.21326314703
2301.3380979719,-2401.48815012628
-1690.9673841895,3269.33154779575
-2630.04288711199,1779.65306043122
-1762.94591351242,-2693.53208897836
3399.14084441675,1241.2524416791
-668.665928357888,-3046.62141138029
-1015.42843989512,-3557.69626123003
3414.65438775824,-581.580739269639
2707.89829663092,-1472.72444995484
-1570.5422385701,-2706.22928773522
-3001.25327093141,-272.801671070164
-1692.96801351776,-3184.16832963595
-187.688545283988,-3250.55522969843
3533.07919483341,295.258755089573
2491.78761123834,2069.91142819203
3500.53507307557,-314.606382269369
1798.56114056472,-3211.76387375871
3198.73844918658,-1919.67045338284
2438.65868297683,-2404.18327743646
-2955.65277034862,-547.553101813721
-1622.20258340933,-3097.81685639324
3368.9789025206,-571.648380229934
-2995.95160363481,1576.78595653561
-3091.63270639139,1507.32140086069
2942.80642020465,735.35537246511
-2399.60876906804,2619.07547156475
-660.537419216749,-2979.59359221637
-3091.32575813711,1185.8606833662
2342.416282622,2113.59750314317
3341.21202111249,-577.639865917636
1092.98067838745,3123.73653976899
3028.43261896668,1938.97202085039
-2039.21111562339,-2341.68513050482
-3571.68228154626,362.509712333272
2643.24504407699,-1608.68339283928
610.638444704718,-3287.59167038035
3594.01747463963,-185.993318166556
-3169.56896853317,-927.585852145928
-2061.28037366029,-2495.51138487323
3104.08385744821,-1662.66494420411
-2175.43719423562,2301.94343685177
2283.65381612054,-2340.65253635475
3551.71613348722,146.665228951725
3060.69034920132,1377.95914052767
2467.90891347946,-2483.5849051605
-2681.85088356394,2502.49950746719
-2703.7669352055,-2522.78845120976
3390.71389423545,534.47890759836
-2135.41753091219,-2829.76455085547
-1133.42652045205,3256.55712609095
1199.80213940734,3010.87592296621
3521.00536777966,-267.075778638381
3339.72099054604,-49.0562611746606
-1546.22330266536,3065.06902914146
-1821.05090805818,-2725.82892075375
-1861.94267819213,-2935.6996812493
-3321.85546869754,-559.576592557567
-1078.15842882341,-3234.44762762834
-1337.28127997628,3251.57188052528
-2342.97946825927,2221.75606615363
-4.02506382351329,3147.70043803323
-2697.83434743196,2564.79094585041
2807.39316386771,-1354.98707710283
152.118915045851,3725.98147155485
-537.783167256765,-3532.00007728327
1991.28762120761,2400.49083128243
2220.76082617649,-2084.90467701331
294.596988975892,3227.7488170264
1438.8964617937,2926.6165524973
-972.538337414762,-3196.62700168541
-399.853669301126,3134.40189949379
-1986.6441403017,2816.63886893624
-2313.3644030774,-2133.08577857078
2097.98159764775,-2444.57156973946
2868.28500633416,1048.03304016301
-934.319792124287,-3413.21444352549
3544.91101368936,-442.218712975275
-2510.62203493722,-2101.57958417683
1720.00403318704,3224.88115723935
-992.283447777879,-3163.10182452743
368.368360415803,3616.04628191059
-241.59016190417,3532.98800150477
-1951.12006525002,-2984.14473277095
2623.67849093055,1955.59448006439
-3507.92888650621,-372.627126191698
-3296.26907686086,-1647.72789501626
699.999941183941,-3588.8504332684
1177.27053541109,2975.05455099683
-151.959038675328,3132.04594992086
2285.14197472774,-2068.93510874005
1805.21704413699,2895.60250909562
2230.5988703596,-2038.94363058103
-1141.47342641139,3444.06777559818
617.796032995976,3107.52787337314
2636.957674386,-1939.06830232717
2221.30075223924,-2890.17505722137
2990.97098066842,612.683075381328
-2773.96647101472,1216.87425920839
-1054.55654032116,-3053.19450019752
-1636.87313937568,-2863.01996385885
-3179.56831132254,-55.4556635839973
-1552.52062714039,2852.12588183684
3655.0829494528,-309.377472578927
2821.96041262376,-2278.22643281473
-3379.13187028642,-1227.00345291472
619.368151663934,-3692.84888757882
3036.30180320642,1041.1438565216
318.998161817754,3022.79890911137
3123.75219988787,-1043.68530492055
1759.38235120752,-2583.02794705632
1799.15519145524,2777.72699622692
-1965.69469850773,-2954.79381766561
-3005.35105509464,338.878481775575
2936.93853504034,-1441.33279084289
-1468.05800942312,-2726.45364228122
-3357.14102252651,-248.470704861794
2265.91435157732,2164.85438330718
2226.22907157597,-2616.44822486442
1247.02470876627,2968.44823647365
-2038.9622941074,-3142.11372195574
2618.79823026018,2555.12261347885
3090.78337503133,1248.37585680139
-2104.36780576182,-3031.5195038665
-2588.25960961523,-1664.29167751354
1971.7469714756,3096.53555920564
-2177.87155314055,-2399.1476183052
-3226.21784803387,18.118995292935
-3436.77911708167,-1452.00184020616
-3407.68681317449,1222.94129136844
-3328.34193967285,-165.206133170053
91.9333526358002,-3094.40785435218
-682.107029407118,-3076.10127391793
2010.8800915247,-2462.942980863
-2782.94407139542,-1203.8529888821
1475.01419690544,3131.05956389806
1259.70876432196,3477.06521346216
3227.38052000272,1564.07819114113
92.2662527447017,-3349.66619569513
-2642.84760957231,2252.09069173545
-824.61600049831,3653.78766445167
-1552.13316018191,-2842.69498083109
528.855538354272,3189.77739282227
3545.5064232549,-684.242120835234
-2965.83073880304,-573.452469304233
-617.565252435365,2974.72227327719
-3187.69015025982,1184.79026960795
-2563.07684805459,-2432.87759564649
2165.28997083063,-2685.64719864098
-1037.03551701142,-3324.80144122952
-1664.03283765438,3016.89159302596
-344.779970130511,3650.89270666083
-891.269987509465,-3126.98645996843
3250.88669818636,269.679723842313
-2404.084364633,2437.39491149788
1313.27846586405,2752.07967332365
1836.96336890812,2410.86483475408
-635.293355464267,-3034.22819312423
227.186673272006,-3191.70212352597
2328.43251921447,2159.66361731764
3612.67604533757,274.316295534164
2217.73650222501,-2834.71655535487
-3290.3812367919,-28.9556477853676
-3369.19181248804,1245.60519775592
3161.62667485417,398.087284580736
2018.04131117145,2332.05333691718
-3284.85019287247,-1079.53103364923
200.742631541965,3481.96657017137
2628.59713955357,-1991.30797409739
3449.2650050131,1325.18741360992
3280.49194327978,-1363.6965154401
-3139.95774218369,982.92446458677
-3042.72585299482,-81.3860765410955
3149.45346264902,728.706936071736
2746.22547764616,-2342.9569064644
3257.34872485332,-82.3030788236718
3523.68846524129,-818.043721389374
-3454.49728963273,-564.143087604681
3031.29555638324,-995.565586600879
2852.19471268516,-2157.926212116
616.856775746018,-3098.69725061292
2163.05364935353,2938.44461997492
2741.5375179772,2524.51997573289
-3074.27512956372,2055.07032284055
3551.27532830475,-613.016525474697
1368.8025503585,-2969.42675264454
3269.75002006788,-793.833700632418
2195.42603639296,2312.31229393688
1222.15172462725,3033.178349258
2124.71864719495,-2445.60451246976
-90.2526724868483,-3057.42121480144
1960.94279876801,2680.29382178069
1993.54467231228,-3126.86546928328
2016.55519275607,2937.76221323118
-3445.73145659911,-1248.84623912304
1930.98242387256,2820.71461578276
532.592902230443,2994.94244329855
523.731400900127,3427.74551624971
-2718.26040998806,1351.08391967551
-2973.02156373671,-1176.70174189834
-2289.753954449,-2728.47025521586
-3105.80851063329,2093.13377372935
-3528.39728442403,769.236120440808
-2384.51779540762,-2714.25426011326
-3504.32671943731,-685.392337286856
2855.48724318973,-1204.44766489849
3480.15607161994,-505.474848331482
-2217.17418042425,-2309.05330304856
-2848.21997137859,-1991.59934924852
2788.0268540655,2090.88834712165
-2913.31101394196,-1758.33136939218
2640.26718435333,-2179.6682334319
3207.07841081117,-1705.03399558568
-2089.80206116845,2752.44302341272
-2384.1912807197,2618.70681730092
3511.18281013357,20.4478591163804
2983.33767831625,2170.30184265214
-3175.46692954207,1486.19749058361
3097.34676916441,-668.876705045187
2796.5664354398,-2198.15530283139
-2179.18253962792,2650.63013807358
-3158.30715404017,190.554467060778
-552.928474043076,-3535.8710186691
3089.24465060836,-368.774161029572
-1354.36876854596,-3360.75842295006
385.741335039744,3314.71576557576
1376.28235067892,-3453.72128063592
-611.856500171776,3470.28266830701
3015.65818397386,-733.346062050652
3383.10104000384,380.134915327168
-1647.6379531415,2833.14464978991
-3484.90080418029,-617.93869565438
3128.73126652688,1272.85012897818
3559.97623602087,95.4108584513709
-3512.33691016138,430.039143336053
-1494.89476622938,2760.83632302904
3461.09835499771,116.974632216584
-256.557996306835,3402.8228132053
-2495.75545591515,-2752.4504044301
-158.571014566297,3634.99452788502
3364.09286251993,1615.12108043615
2924.75053095458,-2040.89265330292
-3297.27882347422,109.102413304349
3269.73369825588,-180.628072502799
2646.21973875973,-1422.727068285
958.73659943482,3343.81536908965
726.81698390941,3577.97104941408
-3072.61826136903,1221.13315022251
-428.379809387369,-3115.2092609561
-216.808110137797,-3037.45438658386
-3546.45786956342,-602.392414647228
2370.75207678095,-2714.70251689268
-944.72910062923,3006.6284220655
-3436.83878353923,270.213984748774
1787.30605651355,-2740.46064281054
3493.98336113713,99.956043869202
950.451603387674,2850.75406777598
3462.0534641611,-477.127296883798
-2887.35291522778,1907.49346056666
952.186340169073,3219.803546209
2201.8002073572,-2049.66670694553
-2843.68564760115,1986.52619653024
-2941.50888203106,1793.31933982672
-3133.39316415869,-708.546436700872
1067.87813124853,-2944.01528940776
-118.524689296559,-3715.26330748113
2406.94048332174,2324.59870972601
3165.43937423251,-1649.54778693026
-2821.84797918528,-1301.82536929083
2665.94185009193,-1853.53237507605
3466.57474438512,-98.8962787970317
-466.460619913077,3235.98613163782
3226.79536631047,547.329119450115
1485.60976149958,-3245.01288237104
1446.8977527937,-3341.36111181935
-2802.33549337507,-1796.41930582172
-2769.00831699335,1528.97021237087
-2912.75646329073,-2013.27987676413
1235.35876157186,-3078.62426873079
2483.43420620413,2146.53581885097
-3106.13518122092,40.1239949071855
-2134.2871339164,-2399.5779175195
681.215820314851,-3087.72433188175
-3199.42663503342,1489.3520699323
-2159.92406693645,-2838.98749477744
-85.5260380499165,-3162.92433518878
323.955458279493,3634.8724229031
-2439.52233516509,-2028.89817898714
3732.24948101524,239.157267058176
-675.097655747281,3036.46749453579
-3641.13668111501,317.14624721255
-1406.14560065633,2784.09446641859
-2310.11385503371,-2130.44680700797
-477.487077416686,3452.1675017567
1188.23464019712,-3345.49294256192
3120.62071564562,-536.572582983995
-3202.91167597771,-222.64187260883
-3265.82734306859,-374.496530524764
-2986.96977912653,-596.511403146066
1314.40699899356,-3353.32482753006
2349.31968608484,-2781.79017061377
21.9006565514236,-3176.70073428341
970.803596583699,3400.00735106312
2782.86704277101,1231.92860275698
2566.69113495649,1970.17752795648
-230.454426073681,-3308.63034953833
-1401.51883012481,-3414.29546079502
2666.05747626534,1450.05653121919
3503.50757286235,1322.55801396815
-2995.74146254864,1745.16025602766
-742.6685927056,3217.18488651596
-3102.51790880772,1901.69644369236
3056.17499920076,986.934325704954
3075.13982036246,152.08414051895
2462.43560890799,-2307.53031894915
3512.7216708094,-358.971152794646
3428.2909908102,978.366658754959
2031.27289729873,3018.25625544383
3079.92861769447,949.830129475002
1150.69546965348,2871.04101087317
279.71881276356,-3202.58090942283
3387.2550610507,915.504290338615
1349.44567730003,3297.20230168738
2957.35728463831,545.854630316914
1273.08420201192,-2873.96629876816
-3262.33840150126,-312.10909644624
-2141.15797375249,-2899.74951946559
425.910146884396,3574.8643165238
1368.5022164218,-2949.22589403712
791.647510938762,3507.48818277474
1973.60560604144,-2767.91519345005
-2466.16236568685,2391.96890945687
-3903.69697155741,-604.349894378571
-1257.84032360171,-3560.47455678239
-3239.38830052126,2226.86602359667
3847.88122484523,691.007805819244
3763.77218892864,-1374.21479802271
-3885.76307802256,-1410.41681728038
-111.680697047518,4208.08214424163
2354.55592985961,-3347.3477061117
-4333.96680628667,675.964712552765
-3599.85347446014,-1311.41688066641
947.33837672119,-4262.41264232662
-537.906805328251,-3786.82302606102
3802.00727910966,585.249718204103
-0.444883060543631,-3971.92689263983
4072.1832967465,-1205.80357586766
3269.40180882685,-1954.76450223721
2885.54572334466,3163.8433361376
-3069.09650286988,-2476.7819597798
-3701.04487434571,2099.01347870141
2840.07642302853,3100.83695868472
3282.46347789859,2400.10837772259
2391.30354046996,2906.16160294599
-2243.10146903285,-3245.80259791144
-1020.58247515842,-3838.23793978662
3117.72324422671,2734.94287817609
4124.03274628002,615.112593637523
3734.88442940786,2268.63940812217
-1208.80704443139,-3774.08622149074
-3011.50977409436,3194.53531797623
-696.33404095253,-4412.19530785556
976.337487161126,4309.32592621527
3994.53879290919,455.203361488632
1420.79622773308,4187.16510198533
-2847.87863125382,-2976.22328929235
-455.45145137381,-3888.31099070863
-3635.96286062103,-1161.1819427894
1709.72086699656,4133.33459892212
2363.75009791444,3645.39642284236
-2521.3448777625,-3678.10087579953
-1001.72446011346,4336.58950476276
-1558.80904727033,3656.01534383354
3694.24829471559,-2495.01983866631
-4042.50866248325,1383.90415191478
-3835.91501001112,1265.82512105781
3604.16093820323,1486.63279698174
34.1423458169187,-4214.52409981768
2581.63189032346,3427.10452893732
-2896.58904970097,-2479.37624717039
-3655.69616974764,-1222.57954093377
3902.14799435651,-159.723044457083
-3744.41091045287,299.224034165245
2119.55390934917,-3921.62735982161
-2359.50042369109,-3750.91474962723
-4373.72296896176,815.107321165974
4020.62954909241,599.766640894416
95.8653990598365,-3960.01566351128
2434.24004771793,3533.91686368235
-1713.44093203636,-4146.39841352131
-254.483189310467,4350.41389100501
619.269171698893,-4410.80001931374
1364.32762378941,-3775.37235216287
3927.72425150329,-1556.05900038454
481.58758379825,-3834.70888879952
2921.71072063899,2812.16876295157
-3902.17021246641,-559.979821167257
-3741.3955570258,1498.60574366192
-2003.30288735904,3747.56630637387
4430.57097054878,553.05659281333
-4217.11226426453,675.980432932148
-3496.00230040759,1420.04388768621
4378.07959647064,806.61403928246
957.452154700644,-4201.21526201166
977.193100354854,4285.75688804452
-2739.88890548269,3469.64481361303
-3253.35270935746,1929.98136007922
4393.14621447318,-887.168284860922
1254.07212057436,-3538.46203205155
3583.34341257578,-2521.06843590665
-3452.84076951479,-2507.86959013277
-4410.27522081462,848.374908847163
3895.81080303418,-1486.47711114926
1204.63429215637,3916.0161003688
-3174.67913978086,2415.73992522019
-1935.51961266549,-3558.48835271324
3397.5543271686,2007.72739621302
3448.19613576308,-1799.584369322
-3640.61528350207,1488.81084754424
-3690.29904856548,-1337.54969791458
-3528.15593213472,-1801.79483323495
-3247.7770976195,2422.93114684797
-1507.53567696571,4059.29543467911
1946.57298412136,-3231.66998494097
362.879573404516,-3993.74671087887
-1.54385465102194,-4193.72360279917
-2244.30350534526,-3311.16035557337
3936.94271163108,2157.38955233856
2817.47293610524,3377.57883466744
4053.92387005126,492.071902277421
-2133.54330846546,3613.31009698584
1843.25292141064,-3326.21015711505
-3574.49293776997,1251.99556637862
-1023.28434085488,4376.1969272091
-4169.37147173388,-494.283835028695
-321.516287122319,-3852.78258960205
1537.44304389459,-3460.93267815024
1297.5652288418,-4094.21200825424
2057.35526395987,-3898.31243367785
-1745.31237140636,-3433.24388567194
2940.2984382697,-2406.73436825051
3569.10668539694,2391.35036448492
-4008.07830812235,1218.13562992352
2699.19354252393,-2665.27343423092
3869.32704276054,-1397.47396729522
3055.47380402457,3086.53144338271
-945.453390847351,4107.98669351108
3755.24645248014,1170.00022394533
4480.92578171999,396.441307412367
-3192.63412117693,2665.84763919754
4187.30002298425,1028.0483510053
-4061.84161261378,-94.352264580103
4265.95225678974,502.007079869304
4022.2264552656,1175.08348199251
-2931.40351908787,3143.97898851188
-915.338820833799,4271.00356589962
3070.17489051794,-2586.79098031429
4025.80591116932,1189.91885123071
4076.03125712126,285.251864787652
-807.689293673798,3939.97600553827
-1478.66968508384,-3638.20761167115
-222.320610858129,4097.40474740677
2937.8586642261,-2357.85387036274
-2971.85336699953,3079.5851508177
-180.734323362148,-4155.16026880191
-3405.43618933143,-2249.65136006666
-400.88589393544,4443.45536070875
-3999.52728064219,-763.232881210199
290.549687988322,-4024.53842355735
2785.38548495298,2735.18201961173
1788.72353371595,-3476.82358957144
3729.82105238841,-943.510061845899
4301.24230758336,-1027.1076428947
788.694003455397,3700.26996848784
2328.08636304368,-3335.06753862874
726.738561318135,4104.80571244019
1245.57552323845,3878.92659286847
-2535.10770929936,-3678.72985822712
-1281.57117501456,4257.63498175257
-2566.40779416474,3455.63816370221
3586.34930030816,2231.62865863524
239.217888808772,-4325.80667518303
4351.1955523851,-988.419275858631
4563.71645598081,-300.502487903716
3482.26650426093,3488.68222586068
-4688.25029893285,-594.511487226531
-4268.40444457295,-2651.22199875401
-4937.05852701359,-147.054291801492
2148.3618477405,-4696.2656195021
-965.589851629719,-4713.82331512646
4838.97923427685,-663.955404563678
3725.73300736133,3485.92251097923
1928.92603821482,-4791.53651498156
4451.20418154068,1392.02590144999
3301.7904675352,4047.69205085957
4482.07122709416,1011.74050594173
5019.64304796798,175.376073779314
50.2693592979827,4608.85037714577
-3744.11981126826,2500.38656207185
-4809.36250687913,-1770.07961483771
-1766.74319929062,-4437.58509618979
825.518076577851,4496.7337419432
-4323.8432715686,-1419.00751372805
1015.53772285183,4556.9677450002
-2405.38535655896,-3812.93008845994
2612.008260906,4166.09630174267
4122.0749110127,-2181.363754427
4074.58676160874,-3010.76328039598
-3040.26307402508,4202.16010110283
-2214.12569725661,-4533.08829362878
-4263.62008852272,-1963.28783582178
4542.34342100436,-806.41895071156
4756.27165439871,-1573.64680242058
5069.70452030287,-2677.33756808925
-3682.11581073393,4605.00378716
-4648.91758842476,3222.14659083033
-5365.65490171266,-1207.26895704106
-1261.62947928314,-5335.4158715622
4576.77532416958,3514.51819706161
4389.53619615961,-3613.73549570902
1921.98842323805,5255.60133945986
-3232.83046206271,-4886.56834442332
-1838.65922697595,-5349.59778765035
5647.18922835835,-604.767337589318
3315.5934984341,4387.22731555735
-1001.18073732212,5498.63662627542
1114.08366627287,6228.74358775415
1579.96554429463,6250.84322971465
4236.53397315502,-4269.88338323919
4131.5421964403,5212.86993634116
5660.79945455628,3359.34712341629
1780.5829917955,6224.9428232849
327.817870608717,6389.44487063141
6084.95995798588,-684.731717355247
4438.51716149073,5531.21373115998
3477.27740997278,-6378.76040001682
-5274.37714528096,-5253.99619706409
2786.68984245976,-6171.88722134166
3198.42992111205,-6772.81430831258
