-574.764738689437,-145.573403383211
-358.918943119714,444.03015657097
-43.4380129285122,-420.050693107581
-449.494421695632,-264.00469242375
-197.32677395721,36.2364619537487
-140.623745975493,-288.393576887608
-254.240712834305,87.8224520982501
-372.046366819616,290.689278788378
-90.0223063380412,-104.124777476134
-675.263757319989,-1116.18674542247
-1413.09689976105,125.779430423172
1069.03766931216,678.666865383623
-193.547168075364,-1464.61538842632
805.278383665374,475.484991745912
502.983017619877,-924.034021098978
-1106.14228391045,-1010.39278662675
1049.47490113965,306.992183606408
-1189.74876817735,-828.050289267979
589.427377065818,572.663946609245
870.52973741299,-908.045579009928
-579.40202445513,-481.936209798347
654.806761939308,-758.412929743636
305.231801078677,-896.019250837813
607.833061061003,-1343.92053902692
-397.219368483393,1146.5807278882
-508.24516348241,-1150.8295991502
195.154132408054,1036.45304210331
-741.568116760913,-688.607033949352
803.837906588533,-98.7719084582197
1103.69849930141,998.389096971472
131.147877132531,-1019.45343486824
92.2682134147683,-1254.94297576235
-641.022214678076,-487.560841677163
-715.108092197999,-565.893091371548
1092.08221106902,80.0150057826436
424.119201380382,876.851777909639
-631.123141930612,751.417815089131
1409.18053004667,1104.93429053338
531.688295548452,-1851.11731147198
-1148.28160897236,1161.79567175872
569.323426786836,-1898.2746625285
588.61099132558,1935.10637941011
-1296.88706962641,1137.72560606433
-1440.51105460736,-482.593617347567
1501.33979198827,-702.66278365698
49.3747048671126,1985.03242606413
-1321.49988583294,-858.15994798261
-169.500770808485,-1807.57565179114
-1454.81194740958,1237.39179615092
-1597.78093875314,329.681841035135
1349.89045124497,-1163.92882217062
1757.28222385418,-1327.54469538512
-2013.7529282063,-282.675484611215
1600.19914112896,1327.48015221366
-1918.69845995787,-430.58728822708
1481.71088489561,831.505668841957
-1753.80998226612,-453.243066188191
-1859.43065764351,-617.169338080323
-389.873230265527,-1868.1066606492
-1727.58151207888,-326.02723836124
-1120.41307139485,-1153.46623049242
-1799.78217606653,887.900910551349
-927.351322875132,-1355.45495552196
637.320654290461,-1745.93542623656
1539.83874874696,750.589730333442
136.741642052092,-2152.09022072786
-151.342689271271,-1542.1390246958
1624.06673048022,-887.228459994026
-1313.91843802033,1055.16215625127
1424.07413368886,801.937636841753
-1121.60419619679,-1280.4259990765
-1974.34822794335,545.13216236633
-1880.29325314941,501.204526206331
-1918.91316417682,-731.120906599275
-1869.7060394195,578.424896673007
-602.841218575937,-1721.3504648842
-1181.59107716361,-1113.29723125815
1129.36376661989,997.178376388627
874.928413292265,-1853.45188873807
-110.234839582692,-1948.56282691998
796.465398052623,-1440.54194990164
-1988.05791383685,-845.161809568777
1631.57269617855,428.746234094398
-1075.88521280626,-1318.15481065945
329.426969596625,-2565.12036655852
-443.789205768187,-2813.64256724695
773.415105108465,2787.31124989818
-2663.59142641049,-317.470290322583
2473.35462411393,-390.719729671153
-2751.03238428265,-968.006294089774
-1206.11409541796,2302.83639255261
-1010.43570916029,-2757.46832231878
2212.02844821824,-597.525649118933
-222.688315257814,2303.5988360148
-2372.88433161208,768.523678550274
822.043725794164,-2130.54067573922
-1425.67832429965,2369.22380775467
-2362.31693812937,615.678322508385
623.430457081703,-2276.33475382129
2301.56823741977,-723.863042605316
2412.18182922781,-699.181108785691
66.1727562869518,2487.61295019149
1552.10503593003,-1859.22895881147
528.711172716085,-2421.06757306263
2470.17472395838,212.487910817423
-1720.88521765798,1859.68460846397
-2378.72805610907,-1253.2605036699
-1490.46237366475,-2536.52145793822
862.588829123204,2158.00325286355
-1433.17995761221,2503.50306773724
-1905.44840567196,1284.6157008543
435.259294653221,-2632.6914284126
233.506333376554,-2741.36049644077
-2635.78799447138,-442.643151014904
-2579.388373739,396.641777605543
97.6549051228609,2765.2822059703
-75.2635437376766,-2609.82641737229
-1712.36579875735,2397.9415405514
-726.989505858362,-2703.38373902005
-381.74642202651,2911.85976035167
2740.24399272278,-31.5165659919764
-1128.72616815569,1965.35102752431
2742.94927648827,-1092.52285734505
-43.3472546213304,2309.39198668042
-1509.14869325383,1747.45960654274
-393.046600154493,2769.53365189765
2538.12908253453,788.433949911152
2157.64215062542,-1349.76478984037
599.47739469256,-2592.3820327218
-1634.81988004893,2398.92348054906
2304.99313194828,1205.26674775828
-2275.54395863189,1400.68991991869
-2705.96857423828,1068.84593550162
172.291793873838,2483.84658619884
-1543.50582619259,1850.01510183336
-2933.9375769205,73.2777085725732
1368.5197467315,-1824.93889291711
-386.921567502137,2318.14093499577
-1749.50003613583,-2429.76864384203
-2139.33120085791,-1538.92688372513
2418.84814617053,439.793835897091
-2672.12364012595,-677.653740721397
209.722127068649,2887.59294516647
2459.83057780757,-294.967225820301
-2139.60663910313,-1140.78665841635
2804.46694877154,-75.8585447039445
2503.31019718009,1413.53883002165
1387.03642271035,-1971.65292605257
1212.71448441389,-1962.44227714229
-1992.74300753932,-1910.00744760415
2720.75285409141,-1289.86467369786
-3191.85710824813,452.818883923409
3469.87233693377,4.06556278329044
-3339.87510906785,-614.675223371102
-3343.34464826489,1167.77083170955
-2080.61299682408,2985.32872882868
337.352707351903,3343.13908174614
2620.98083439518,1641.34793957915
-1825.30887674279,2936.0168112367
-76.7299468396949,3403.71729854013
1189.56023381806,-2861.91213389169
2969.47519777629,1133.62003077006
-3560.41937152518,508.107155717473
-3176.10113804185,1186.35733485316
230.251150266291,3069.61796687487
-1051.47104632413,-3364.59418329191
3688.53726242022,610.286205677124
-364.285845996578,-3410.72496602919
-2022.74618397892,2283.44694015038
2980.49484295897,-1614.26304242527
-3176.82676082384,-1339.16130418781
-2041.79813973143,-2419.05078459186
-3667.33214939955,-659.55829495474
-2142.74098934091,2112.9377326731
924.073185928154,3546.95293055987
-3639.49891244008,82.9323093883203
-1598.62968223446,-2674.23794009366
-2813.31385440623,-2396.06869242907
-3.50326217187455,-3056.59452905441
-3060.08230290447,-1978.77154959278
-3128.12290171562,1262.67670132832
1370.80465568682,3140.11998088053
246.296320821808,-3342.55290177764
-667.416214442139,3492.07566676207
-2348.96838562885,2446.451868458
748.569496085147,-3615.11885081645
-260.758917131408,-3430.57952833196
2369.75912269804,2129.02415179284
3289.84898298906,-834.579451990098
-2211.78889317315,2823.53592514466
751.027221626403,3127.7167137036
3338.68603723892,-486.935094014204
1225.84641653522,-3310.19198047619
263.169755156173,3644.94594382114
2759.45073545727,-2420.56620455201
1225.63877569129,2825.0551992105
-210.973404098666,-3210.2224274096
-580.649187549763,3685.53636309441
-48.5105491632244,-3233.76097659374
-2116.37849385423,-2434.35754743735
3266.74916387541,-1219.01058040887
2849.22345624176,-1055.7653340887
849.58430387904,3005.49512784938
2700.5923302753,-1405.43400690542
2922.62084557017,1588.06734537146
-3260.78830775148,347.463484171716
936.110781895658,3561.73777695708
-3083.26425454073,732.964165954593
-3010.61317448348,1830.06390529546
3459.53824804999,367.838199256696
-2559.65173569475,2712.02067137538
-2591.52709014032,-2321.32250640452
2788.93315374428,-1130.9449588556
-1347.29477722507,-2771.12159451334
3012.60294690564,2052.75988037323
1336.78396040532,-2899.58059525524
-3453.93040832236,-75.1882340572494
-351.223620886027,-3523.13065436278
-908.570930406586,-3093.27549722245
-945.938862445343,-3069.54614722046
3070.27367074747,-1364.97244602389
-726.172128929651,-3082.17673929087
-3027.59670701423,-1209.87684127352
569.23807298866,3164.18259055645
1859.03297832117,2848.84137129059
-3170.09919726349,-550.32328187857
1226.54961037506,3168.63198001683
570.892068173945,-3200.42360790264
-1797.64142092722,3032.59409987993
-2841.85340999583,-2033.16897134854
-3211.2139846291,1877.76149198629
-1743.10579193808,2543.2683389029
3005.97317239552,-447.875848916115
3168.82706193229,-308.579888606484
-4019.69679556385,784.309843756928
-3123.52349127666,-2135.28461147604
4010.96939564042,1945.43823177565
-3953.1168911404,-27.9612484049753
2960.95706469274,3078.59300789707
4040.0183664298,535.363487604201
838.692499047573,3754.10563262522
2378.42064308796,-3269.64755590785
2001.38128946604,-3424.96584476981
3855.01671832834,1609.35779321012
-612.931539860143,-4371.82526532112
-203.045956223755,-4357.26941960343
1919.72980575699,-4033.2191962274
433.057942830655,4376.99064171828
864.531982531575,-3760.52291263506
4030.32217033698,628.805936053524
344.801443089426,4201.88515493215
132.822052883653,4477.55735217476
-4051.27838984348,-1134.76441475954
1433.72436514415,-4232.59329037709
-603.828070933399,4118.60270417114
3071.40903109536,3205.1881980836
-221.213007090689,4408.54485786964
-3444.52458976523,-1493.68316725285
-907.656962513941,4000.33239037928
-2560.68359647189,2963.46345007431
-3624.34406958365,2126.43311831463
-1553.89064093198,3633.26851970988
3758.55728527038,-2027.02252321134
3764.16375378142,56.161470595348
2565.09120386677,-3270.97029956233
-1682.12651161541,-3861.72446880004
156.123127518122,3935.38061528202
1075.35717071199,-3743.50688022869
3447.28287507037,-2604.1658060183
3536.5955077137,1686.11319444024
2340.64430242533,-2937.25092801396
-1552.47415805795,3817.03627708031
-4155.28071522165,1047.22042303183
67.5204401030309,-4274.0712935217
4258.12264578619,858.313161153472
3822.45584988739,1859.48744320359
1317.82113644309,3816.67267605514
3877.24516463646,466.256251421467
1967.82325635823,-3642.16955471474
-2076.06463027748,-3631.95087958384
-3124.27754409363,-2580.8423525528
-1158.03923241706,4030.89861451391
602.635372168113,3945.14602383485
3012.61540870525,-2631.31842708797
1625.82126074165,3528.23190073502
-330.369157460544,4116.99310024579
237.025406061353,4241.02915128305
2126.78807295008,-3456.65707070158
-3765.4985555184,70.2613160675002
4147.29069365566,-197.702201742543
3829.22915025285,1486.54437993839
3782.081057658,2124.5902052903
-2725.40525976121,2854.41028361411
3691.61708340302,1513.35760808055
2231.60854731894,3270.69371763012
-74.5136560974304,-3780.60877524637
3976.31748196256,-708.749863738117
-1706.32929406785,-3903.6552268747
-3481.76307594563,1920.63094900705
-2186.07390202729,-3515.70840087924
3636.08604010085,-1304.17837260098
2142.62438375472,-3739.91000465985
-960.329338911226,4099.01107553599
-4016.53706664405,637.712309083164
-4148.01309325639,-1087.02541663117
-2516.7774181408,2860.34573949128
2384.43427079813,-3129.27256811883
950.868879377935,-4358.26047454786
-351.999754442261,-4313.98472318613
2600.50903340613,3483.99506328834
3980.48197751782,255.512943239813
-217.021728004129,4053.97272741009
-2817.71503882944,3161.97313514886
1711.41528986576,3914.15540270822
-3584.07210742664,-1467.53375336923
363.107508335422,-4018.66719577305
321.749360601137,4079.40855478566
-351.596498507937,-4022.13529005033
-2506.11743092762,3231.75678741071
-4326.78101442424,259.523631157865
-386.132972349269,3888.01086892214
-3848.05807334813,1252.76071122864
-3257.72715385711,2301.85467337519
3387.99712191614,1669.41754075348
-3716.5906072159,-2461.88340991916
-3970.7512454257,443.703668085233
4108.05496183408,172.038296327408
-733.998332909509,-3825.45497707397
-945.195691536204,-4281.8322349576
-3166.30142870528,-3147.93075725759
3080.24415018337,-2603.96750551162
-1963.88970574489,3230.34705386741
-3156.78293410569,-2512.70191487288
-3609.38200895845,1762.2616103878
-1397.28161577671,3703.44845076785
-2268.11699850349,-3204.08594353515
2296.32940642882,-3341.51366109859
-1775.36569359954,3343.90556538867
1480.53346279042,3782.91717090667
-2179.78470495605,3436.1384430795
-291.513563370934,-3974.78745595304
478.341816650853,-3795.70595593221
-131.664074041912,3835.42232117743
2853.99589706543,3845.8742779819
-4328.97923713702,1574.84132213747
-2390.12245572113,4046.67452981002
3417.9271556847,3900.40868063785
4553.54270368137,626.77017995704
4018.25088793078,3022.68563523191
2977.34364783407,-3476.58382456936
-5009.92388467116,-168.033873431365
651.902348975269,4481.87759458574
4835.12483855967,-1409.2591405907
-4034.58375906503,-2158.52684729815
1396.86796274775,4873.73630613038
-5196.0850961944,716.648648038431
-5103.14975485572,921.068301397303
1080.55746343603,4989.73072630559
-3070.18541967865,3359.45318811633
4505.35457330875,1843.75513253758
-4594.78848416496,672.892186015877
3178.21646166694,4131.66155707746
-4538.39511203542,-1158.29256172265
4930.37211661861,-1216.63686922221
-729.270243679229,4981.90999394027
-4922.53584591718,118.708808268961
1869.29363120051,-4717.98359086733
5179.57330439959,-550.252673622936
470.736142930841,-4509.18523902396
-904.89875228795,4499.28865998625
4158.61883407321,-1852.04569819026
3346.00941267496,-3138.82024185514
-3949.444696543,-2563.29904199614
-4912.20650829469,-797.691465935367
-4813.96648038465,1391.37349124883
-4835.16542115411,683.915089886972
394.707653894402,4598.43156719519
-3872.57988960611,3340.45995499098
2483.72152663188,-4054.50413416486
1488.86456621741,-4716.60350360601
2302.43064347117,4031.27080927956
-959.38729273013,4535.98096407218
-3982.62231570941,-2284.34282212479
1765.52714371695,4305.74267710979
4898.87391101115,-1428.18001027951
4595.95992119075,520.292386116441
-3140.78937858679,3793.63457298078
-4631.50634344009,1896.05707378259
-3857.38095258913,2904.50148755601
3872.27754708789,-2674.75799479808
3519.71122387279,3693.30366172949
4460.261012833,-2695.37013441641
-3027.32953467747,-3997.98485049847
3544.21797279442,-2995.29419843382
-468.441159966442,4979.90599571517
-2266.59114645025,-4507.12156218438
-2430.48013127816,4154.22141324612
-2236.57312776999,-4660.02242176031
-2034.51825908511,-4713.50824889063
-3812.16367386902,-3122.60829205768
-1797.60786043287,-4852.59773810989
3431.9203285858,-3781.8443395708
5149.26629705281,-907.322321031534
-4347.86901880362,-1265.35381746575
-1989.76886004974,-4800.236884612
4872.84023166909,1776.7287295723
-5082.88556927614,-2.64091501679188
-3868.2422908875,3329.60744558764
3514.89093928766,3846.99675302302
5113.15588760639,-631.13066776987
-4343.24296699062,-1669.89506758377
461.188055847417,5074.3901112821
2036.57572461446,-4162.48406972095
-2975.15227539694,-3510.17355518454
-4853.44127331363,669.252340272842
-4701.18925370144,-422.832293327556
-2804.02151865142,-4207.11278549866
-3864.54229156391,2462.45838380764
188.725462907445,-4874.79203649876
3803.72021175126,2527.00989888978
347.981884938475,-5074.32639594828
1827.7797949102,4313.57753330793
2053.15349471134,4381.13128401726
-4256.87405648295,2500.81804871694
-3687.32892814634,-3298.36381948206
-4630.55808078443,197.337370289454
4614.88030343008,-1362.23209405367
-3773.32315898688,-3566.81224155392
2132.50303019136,4597.39191736463
-3828.65109297828,-3426.88929996574
2093.77359418043,-4218.58887446493
-2194.35511041233,-4036.80615455434
4649.32311124808,510.065770944886
-767.778898358149,-4915.61058353161
1653.83660509263,4893.23221953845
-4597.82487178925,709.991799988996
-4240.11923856594,2452.74882858932
4842.80415321838,18.0683732885307
-886.658579181741,4541.81547542557
4686.62561606882,494.400954424375
-5041.61442345773,-718.422173153034
219.129222924006,-5195.03245038137
1761.19070351064,4363.51580321704
-4984.67027999508,847.202263215685
-5024.72809657742,1346.66713769197
-4420.85738899674,-2016.89800703235
4362.3338212873,2466.41546690298
-2695.88706676618,3899.07212215732
-4847.44548733944,1568.28114380126
-3803.9514644911,2982.28873298168
-1022.67847943938,4642.98604271708
-4048.94378390045,-2373.03860559442
4456.5029013369,-1354.2236166054
-1336.57943527525,-4482.76086270952
-4339.53054293453,2650.07525338821
-1243.18239600844,-4643.30370699876
732.888144391849,-4582.08758476609
-3892.0003707083,-2864.49869869804
-4687.42764710204,40.1210625040513
4403.48924706774,-1864.70119605772
1506.71935020175,5028.02652107578
4953.39178488494,-1642.77447640207
3840.43321926042,3395.59008643911
-1782.10069749995,4640.58521172651
3272.05611100107,3429.45133197885
-4579.90335669672,104.203446765799
-4936.08332443203,-48.928905146317
1895.68733290215,-4596.05372707341
2311.40009238627,4165.71561773382
5081.6290030105,35.7847786295199
-1896.12092652592,-4593.21826577383
-5214.95129949716,-256.742729983249
1548.97693897793,-4973.75053701951
-3025.86824540269,3846.6016897557
-3458.7373400743,-3235.21843189439
-2791.36799554571,-3954.22668131686
-4929.26921872501,1078.63791563345
-1134.09963253011,-4917.32397250761
-1025.91459722441,4639.22975249602
2135.63441537397,-4215.67991431082
-678.211410242766,-4619.26604804887
-3825.43174190051,-3244.14747273618
2628.42343369076,-4401.79296982428
4401.18415404492,1487.47313387163
-3449.97777212305,3946.98679538543
4150.80035126882,2914.51813094177
-1014.40767228742,-4809.37611767534
4407.60616395185,-1981.00256789505
-5021.40762464646,-468.851224088854
2916.17716783374,-3900.74358732327
1244.3771993985,-5052.76474435813
389.546783075615,-4559.26359184746
1290.91149915602,-4628.70317408594
-2088.16871188445,4594.65966561513
-4490.92863816429,1413.51306809977
-2383.65775186598,-3897.36704075508
-4191.02401237228,2365.24147646119
2184.54618011743,-4565.46505109715
741.185617612436,-5062.32454237675
-1588.27667713578,-4474.48949863182
-2588.65418849078,4268.68772359688
-1542.38152175815,-4535.06859817373
-3957.8195343727,-3345.01377852302
5141.46814373351,25.0041349933898
-2929.70890915952,4064.87902902156
-4039.90477781054,2245.38396076068
-251.884134760685,-4561.89171393586
4450.93524171671,-2706.54091843067
474.72505526469,5092.61256254036
-1017.13561468994,-4690.78239703307
4644.82275215379,-674.592980436237
3958.45719361761,2512.03267263583
3381.06379779369,-3303.42983632051
-1367.0184517198,-4565.33572677935
-1576.80521659461,4818.88603627669
-3393.69107129996,-3921.73970729583
-3600.27360188028,3157.97166538833
4748.57117612307,222.554680708439
4877.31975825057,-510.652127310055
647.912937700578,4983.34437399599
743.768005834345,4797.86551892503
3902.956101681,-3336.7838799092
-1039.24555774756,-4567.58626991184
197.338372344938,4581.26631265608
-2518.77750361466,3951.88567943581
-3275.60650349565,3790.36493846543
-815.503225983992,-4709.25242549252
3448.27792293385,-3479.77330664078
-843.481423634466,5023.33194443557
-2438.05745754473,3844.42488681264
3928.46045440183,-2721.90384390141
-494.285992664252,4717.3067043812
-1827.58535162348,4688.80629676056
-596.41355636018,-5069.80126251624
4770.40366276689,-1776.09942323657
-3432.21689334776,-3953.00740807926
-4284.54792562548,-1921.11881901823
-4077.75033578769,-2474.80474729001
-4487.98912340359,1639.9731096435
-3720.95648088423,2830.07145792878
2668.92827012107,4058.78267883736
978.99464527489,4398.42034312291
4436.58132405203,1433.07994681644
-955.907460351986,4539.97779182829
-1200.4438744729,4563.35823236503
-1919.67517896813,4853.87751597161
-4680.10397785895,-2170.37529826092
-4783.51165089502,641.74390742707
-4165.43118393701,2760.83734244811
4335.03794949169,2197.54528293059
3893.85674296372,2933.70285033189
-326.687803617996,-4635.95508282246
-1490.23451005036,4799.35274379907
-2593.83968512033,3693.15562825851
2589.52057828998,4513.5493805427
-4799.42275065081,-473.171990280354
466.920344038073,5069.65658458497
-705.668717530738,-4690.83500933807
2183.95278605549,-4679.62150978713
4515.0389776805,2627.57974950703
4178.44844391338,2805.64680889838
-1710.59956240369,-4635.58336962888
1092.62239496488,-5134.55972110206
-2515.34051538069,-4284.99259552643
-5032.13002155174,721.887679052537
-234.687213008695,-4906.63181152826
-4049.33147793371,-2004.37412395243
-4484.51057744973,-1607.0159607336
2844.05647026046,-4369.24705775514
-4974.85534400433,18.757818290029
-3797.2938023867,-3535.61969279201
205.378976776548,4744.57466910044
-3739.07281355229,-3648.28459380186
2717.35236189218,-3651.82669165987
-4099.64455777195,3250.19150518111
-4414.0420244753,-1263.26602533298
-3081.24986676085,3736.33504447162
4068.18820704905,1958.08210169298
-5107.45930742582,-1062.59043819611
-969.226232879341,-4984.46314876094
1926.82325641162,-4139.85764206457
4670.42414368291,-1862.10942363465
4546.01960116927,-993.900547729567
-4182.84646318915,-3106.96477238697
3588.8891556219,3485.76402053306
3410.41408058084,-3506.39345210747
4947.39247200167,1178.41851516339
-807.679297477153,-4476.82506131745
3211.98993266318,-3457.05648318469
4435.04042564381,1348.48392870358
-3322.03282496551,-3651.80726727625
-4373.84834501844,1990.1598849167
-356.079713040422,4816.49691261639
-5061.10009578743,-736.08728600157
-1593.03937910991,4582.21439039254
4585.68636075658,966.605325144313
525.138935497698,4565.08652399322
-3178.96269239744,3323.9398461189
-3726.66289587615,3009.39573647823
4181.05244610938,-3157.17069715381
-4150.25619736201,-1773.34085680581
1437.12895972626,-4656.66475408633
2685.98373508268,4066.71861313957
-3904.8628021815,-2603.49352841557
4863.50783156079,696.179123332623
-481.279725340271,4548.65868009034
3795.57418238453,-2815.92141017982
4536.13292172794,415.959701979851
-4487.92972049643,744.125566204487
-3134.15714810029,-3281.62208865306
4418.43849351652,2482.98727614684
-5202.21647453363,30.8143280800736
5176.66690198216,438.50898806203
217.521424016449,4888.82331946258
-4682.35147361296,1111.45838312233
5049.89029973321,-1346.05850726026
4204.29431072911,2683.07549239657
4092.90792956379,3136.86920703695
1060.58366879504,4789.08709530882
4526.24333493394,48.5387910304584
-3046.6708548556,-3337.4581696164
4958.4844067316,-1067.55435952073
4420.5934018759,1510.11025452555
4799.69302711053,1880.01756238797
2255.92112937435,4103.56632830942
-4616.13112065105,929.13303163027
-2977.98923040905,3902.06365717163
-4649.06353080798,-290.318630027192
4396.12725724047,-1034.70205438283
-262.966311911212,4545.28824290828
-1241.56257076445,4822.65752814816
1712.07847307386,-4881.53582166676
3567.70145386977,3566.22775717049
3491.49592073637,3369.48031454838
4887.42597061914,-1649.07836944209
-3838.49308447907,-2385.19802305245
-96.26440813001,-4872.9553877983
4002.24375758572,2928.49669387429
-5018.57624079568,1434.49988338282
2293.95695259673,-3921.34969878693
4732.65379171466,716.267480455998
-3540.76943606521,-3423.66895738325
3561.72833491364,2811.46760092237
5033.34190239667,-1351.25468217619
-3519.59994040961,3312.51690050956
-3418.75646251274,-3431.84805140705
-5153.40303842147,490.62737923245
4477.01735500155,-1450.86161166872
-4340.72217863687,-2822.71409371286
-2049.69897456783,-4500.98241383036
-4383.47991078294,-2863.29068557873
-4765.46850784939,103.739744966466
4040.87974342345,-2381.47139603899
3499.57148736436,3486.76277454831
4853.05905154313,-934.946664912998
3750.40669185081,2969.95888320345
1205.36495880869,4637.55600324489
2328.17175047163,4267.0812818582
2398.17866069223,-4665.65525037947
409.050551041045,4878.26236155111
4665.6962782319,1922.14271400416
4942.78228071073,1479.45698494312
2670.85110793852,4122.5309465231
-3944.67289315021,2321.69491897499
4087.07189274805,-2432.52543772607
3437.66970082088,2977.78742538831
3800.2130627359,-3425.25932737774
-3378.90495081428,3670.28884024324
1775.4687442936,4195.63127109047
4590.7097660223,-178.53060681592
4842.99571241868,-1382.38205494345
2819.16057028967,3592.4290865362
-4058.54732178317,2927.54227638751
-1597.56547495068,-4275.18581151029
-4948.46456424726,68.8109004121899
394.853602221319,5102.03480326649
-1880.39420030015,4826.31215666429
-642.862770529202,-4469.97271612114
4256.85262949076,-2261.63872654176
-1063.52073396917,-5051.60204349004
4993.64841448821,544.80075055262
84.6768206181961,4644.33704128035
5513.22191039734,2106.65288884096
-3016.32499827246,4334.92226543666
4212.54260721523,3430.35247693587
2796.01933373395,4591.85811064964
-876.884218980211,5504.26804733738
-1324.87737732785,-5805.40871895872
700.82910301068,-5309.41606007812
-747.92336463911,5910.56386397874
-4397.38177013399,-3606.73271470355
-3288.53524257164,4295.77568259154
4927.47277455216,-2731.5198403131
-3711.88757439123,3791.21566341947
4496.43202795124,-3836.60929179471
3977.45508739661,-4101.32612818429
-2389.19575776366,4784.32059561
-4986.52825157661,3054.4178691249
3205.81184526726,-4247.68619610552
4793.19378904044,2407.03657756808
-653.708272118753,-5620.14867157124
-4580.66700227815,-2794.08857990745
-1340.96054396265,5334.88870531592
4641.50888495285,2735.00126283631
5398.1498208815,-190.542709279143
-5304.49485991458,619.305174862683
3256.16224739651,4278.33739231285
-5627.10425285087,782.138770545244
2027.11311871067,5309.95339333332
2150.59817487053,5382.21426029178
-2937.93529490519,-5021.29767425069
-4732.8738835759,3449.00404697497
264.845145146465,-5466.69422678426
-5013.37007254422,1983.77366027172
-5976.11352135239,-150.507430580871
-1869.9046249137,-4993.02265081314
-4332.66288740419,-3297.25612229298
-934.702888604261,-5183.46744802597
3574.80577081115,-4361.98800911331
5619.19886346705,819.185066591358
190.693272519106,5820.34359888292
-4502.06221027214,2956.02076984297
-4378.32010925685,-2999.16742022868
5463.01779553633,83.7439467858311
5112.73759028125,-2584.7716030306
3942.68276847968,-3658.54009547342
-3750.0249526488,4091.71149584196
-2255.53539867773,5117.9143651109
-240.561335317835,-5512.91433680774
-2897.77718092035,-4542.08504295096
-80.3751622181533,-5598.54278926543
3210.04101303758,-4656.14527185117
787.716072546415,-5321.74343225943
-5362.05299066625,-719.918100698741
-3246.35983013717,4669.45453668439
1596.59276721412,-5281.2351128877
1805.90290154692,5118.27857491291
-3734.96084276968,-3888.6114767653
5286.80649939793,-1977.35632092488
2298.66481170599,-4902.93304296787
-5058.94119804454,2825.55517282754
-3056.00186957922,-4355.72212093819
-4518.12441576294,-3544.88250978457
3401.28745338172,4064.15299599831
1717.35351828364,5724.46840050147
4333.76947705975,-3088.87815378873
2264.07972469104,-4778.8340029669
-2552.35989434504,-5074.37815901401
1413.76409562796,-5496.84953899282
-5362.44129744163,2073.85109515607
-4339.78540081617,-3718.00255752291
2529.17300693526,4847.3051789499
5591.72298570765,772.501835377831
952.494862155454,5702.85988557184
-2462.91732806085,-4838.57659270359
-2564.77878735477,5222.26437273653
-5439.05224398234,1001.01860993596
1442.70004528687,5581.24382096125
-5894.23773536346,349.983291443061
4329.84380034094,-3749.91410901077
-5042.0618106779,-2112.80371436237
-5802.65986125911,164.038876373781
-5576.40388751511,1492.63176000895
2665.38595710877,-5236.6491382486
-1599.32576294213,-5178.80940901977
-5406.99954154195,2271.21689145899
5381.46918543268,639.088046914809
-5024.02017489624,2730.34692427243
-4195.8577847656,3207.72865975817
875.376359618941,-5788.56701082747
978.160001085349,-5490.6713369342
-4794.24177728339,3318.11188127213
-4179.78266946031,3892.23234842053
261.987600909958,-5721.31080897396
-3960.83239181495,-4399.80106820552
5116.92846152407,2632.20649497673
-167.318939488649,-5980.41706425306
-765.78189743062,5519.91100666733
4733.25175496483,-3532.71225069705
-5141.59486689928,2188.95523884536
5196.32946686091,2020.27674078635
5553.52633566072,-1328.5482900321
-5028.64450201231,2515.49515477808
-1845.072825419,5003.62192452782
-5762.62933135892,267.004370585235
-3341.33864987423,4091.71588972459
-430.449119819766,-5862.62649094988
-5510.43258243,1589.15345118785
5653.82278773553,-1970.70995797042
5350.71341166562,12.0624373854934
3230.06061950175,4199.71474404604
-867.783382662709,-5309.61752826385
2458.07216903063,4800.12806059971
-5554.96327061826,-2230.80135143918
4019.74978473208,-3994.07059264989
3069.66440936772,4304.4803610341
5027.20029598863,-3235.69981618599
5541.80696742695,-908.43895970517
1746.49140053771,4974.03786973866
4297.47075501772,3017.83109194643
5887.52116106533,-546.100344894797
-5232.26461470548,-2037.76853487965
-5547.84885230661,-1506.19461666564
-3728.87721160522,3960.02183644541
-5518.47934543786,1132.52228129982
3645.80892217996,4641.35559593874
-3489.76294985874,-4151.5997939749
-3365.7953443977,4639.50107547657
864.94618444277,-5624.86897892224
2055.68809356853,5403.06999136461
-3767.23314371999,-3878.49603405639
4388.97553436625,3818.32032776285
1682.82619979884,-5070.30284656641
4952.61860711419,-2473.44886293032
2177.71350047004,5524.4173908271
-4891.01333880086,-2007.15873749015
5391.81308716102,1670.38874453846
-5537.76408965121,1637.97610623049
-2568.39479759996,-5120.41583520839
-5779.34007916822,-1521.06212298401
-256.948345269558,-5793.68199995624
4134.65377583341,-3273.12723854769
944.663133073955,5727.75247546205
5218.00750151551,-989.397833634935
5386.39515455983,-1090.15704795191
-5566.25955634784,137.416913795963
4504.26742817428,-3740.84148053402
5277.50688897318,-1143.60533146747
1219.73968331177,-5623.22711117141
878.373109690436,-5733.33013438902
712.491324373618,-5774.88733688166
5511.00777210746,-1144.94335455744
-3207.29927884181,4182.23085214883
-4121.64007470296,-4095.7325521804
4203.05724010398,4258.41640659385
3671.64694223493,-4429.25648377481
5197.31752794113,2483.08366500856
-5250.02976103463,1577.16757077798
-5559.66939247745,-445.369042407232
4790.08767406701,3603.25650255159
-2246.38822305223,-4800.88268674207
-1814.10536078607,5280.11684475145
4722.81364248325,-3476.26653200459
3320.81607673761,-4546.01845569764
-4936.78267977247,3278.14781260706
5531.87232291091,-952.712719821818
1618.25819770316,-5502.06599594154
4659.52779414592,2610.16673151401
4827.65212885845,2575.06201679493
3171.72847495228,4364.63594329586
-4017.48469966694,3834.54291097155
-1076.77311607659,-5702.45553695481
-22.2667125446882,5915.30823006205
-5817.7922825403,-1092.48238298324
-4283.68863520302,-3835.2711171416
514.941800699835,-5508.42232505164
-3022.54544666896,5153.1162891104
5314.17535159943,-2025.49571181606
-4204.61771414545,3408.01614034289
-4615.63997377086,2948.35017828405
-1137.77040754761,-5581.08887111057
-5251.52734528631,749.465824671383
-3700.31000031951,-3911.23436431492
2546.72722414207,4718.71069866982
4546.86144796783,-3606.94322621003
-4089.69794093489,-3414.33622778905
-4697.75915382108,2571.01418087996
5263.30251565769,465.970245825433
-4842.52591537552,-2691.52378334809
-2590.34700177594,4968.68645812319
3320.55986334951,4329.42014262477
-5727.75795035406,929.186360345659
3512.13131913273,-4565.83265397498
195.729257062676,5362.32778101585
-4453.77828365861,-3398.70611811397
1298.54115679788,-5639.19424882635
-553.250133802502,5246.73747234557
-246.033717002161,-5573.69037849694
3757.62631452226,4135.71736894639
5504.09207490936,165.005955110205
5374.90555849831,-892.860936092382
4514.2601475332,2739.85049218684
-479.660100676908,-5908.99774234571
3983.06070992565,4457.69440285995
3691.97819957517,-4453.22333094357
-5166.08779938629,-1657.93365105921
1317.12184182821,5552.06647254057
36.7965286379608,5305.98466316098
-2845.9716070516,-4738.82944681737
-5799.55298548199,-1459.14533777197
-773.648462704431,5609.46893764475
-3971.70339549119,-3847.13423121349
4217.72425310791,3131.80366346044
-838.179024400359,-5198.92648001086
-2653.5633936711,-4579.46899295416
3491.55316507554,-4834.11234469569
5457.27825398301,-226.787614072237
2887.57206790303,4447.75497941471
-2376.31259029852,5442.63813894537
5460.61127089139,-952.542702669544
-4511.73568628763,3838.05943279885
-4848.70875149017,3367.38442935731
-5079.82210533944,2436.37961874232
-4657.2235502482,-3653.60902949548
-2224.99602294161,-5323.73099638155
-3035.04814218505,-4606.1250989142
-4012.32598803046,-4387.8242615674
5142.37665661462,2088.34479450138
791.346505640824,-5786.9424824451
4173.12340751173,-4056.90168075516
4452.92230587235,2912.10506531654
-5713.436056419,974.042180448891
4061.14505162269,4106.04847257934
4820.25325421258,-3257.22604741015
-3725.59238181419,-4609.42822848648
5091.24340611572,-2698.17284272708
5450.64717603349,-1312.33853957118
-4724.99237993407,-3149.75855739192
4544.15400819473,-3096.06735639949
-4977.81976783482,-2076.95594788299
-3362.77417438149,4793.79953774398
4802.74525472937,-2321.27802587189
-4994.27492044808,2705.46683477606
-161.174881317462,-5566.93589066628
-2455.6566261372,4781.95885907361
2958.74855471816,4422.36009825164
712.771304462444,-5320.76289207869
3699.68515229888,4651.785754485
5707.69952837669,1660.32281586751
4500.97374565854,-2934.57921554843
-1566.36142997608,-5071.66186651516
4127.75934430853,-4063.79495708242
4154.94523298476,-3767.36579195911
-2390.55790468696,4694.90410866878
-82.9452992304497,5934.09914525034
-3637.17036630667,-4265.75051592244
-5019.17087639936,-2317.7105675173
2331.27636377373,5169.18807345494
4213.59303498468,-4226.93731837448
2325.64181204679,-5184.08702270257
-2119.2113657707,5151.30985831252
5941.5093062217,611.352590125476
-5056.77862751309,-2182.21530813788
-3820.58341955926,-3915.20219011727
5254.46625483927,-2684.39318690255
134.868161067711,5891.28194043705
5343.80249373538,-559.532011751225
869.496103209744,5852.96930093785
5282.22582847545,-1798.1261162324
-1808.9724401291,5262.89024961954
-4954.47901474893,-2821.05188212826
3340.66722567655,-4749.96857760532
896.218957830935,-5585.62315286503
0.788356941407045,-5635.78149331228
-672.150579256727,-5245.94192691148
4898.75028834246,-2730.07496836741
1041.62494170111,-5412.61709313071
-4999.11387212987,3049.59511678417
2749.3111155436,-4688.54425260805
1883.46851223295,4970.30221133938
-5517.29172071366,2227.16104676105
-5925.01733364554,-15.3957729414476
-5447.85711173881,991.185992826634
3520.58929747023,-3953.50433387309
-5337.07328678852,1504.89730878236
-637.978123681152,-5548.98645704062
-5428.15132073959,-226.703959390272
-1387.51374552223,-5450.05690932836
4624.59214615694,-3799.26769297985
-5300.34383783334,1334.73706985865
953.739031615271,5411.06225661608
1880.68281622902,5108.12430166369
-973.202915089108,5325.03062470337
1780.23142036925,-5387.7985834221
-5570.06842163138,2156.51048706985
-4144.17685815038,-3290.9508786927
373.555748438234,-5260.40960865926
11.6799470501465,-5893.10023428386
-3213.55896744739,-4575.57250899416
2208.80580834735,5260.22471954027
1575.85698415258,5690.18901216259
-2247.44091419238,4989.0446643358
3529.61320586424,4071.69102079172
239.591565164364,5802.85682670598
-3102.15642667015,4996.47629235585
-3542.40623587712,-4556.46855373327
4934.11308373553,3073.96710004199
-1202.16860693534,5528.49947256997
3635.27235899835,-4598.01831086116
3800.16410526166,4325.63562722522
-113.54832553711,-5316.40434301619
3617.11385230913,4261.4745860843
-5201.99073632821,-2275.65468088488
-5189.47992091803,-2690.26923622004
-5680.95578965093,-474.002103149418
4840.09362730283,2733.95258096496
-5932.15724314871,41.0310861197261
-523.167642073394,5717.32514718535
4731.66871953207,2709.79629644968
5837.18111198132,-1322.86560204996
5629.5833588707,1549.7667824135
3563.12506047068,3908.22002399196
-5363.13851096865,-2332.45221821261
-2764.35987051089,4866.01693985744
5149.09694036611,2121.81446711583
3667.60400232794,-3841.25945936121
-4417.11841111315,-3744.96373500303
-4978.1093172861,-1736.08518390481
5520.32880050133,904.816090535277
5098.56683842667,1939.86942252173
-5479.2556348235,-1402.60493870089
5523.27121732913,-2039.1419059862
3597.26456432587,3863.55314726906
-1021.4786438816,5694.74759777725
-5674.26772713217,1558.88110365658
4191.73221144826,-3416.39660672124
-5365.02926484094,2635.11950203867
-115.248140956754,5376.92372553204
-4262.39880095567,3597.55845489208
5688.77009767969,-683.615645277662
5523.78367466979,-1996.5184913538
5275.73977816155,-1213.08840776176
-4490.48471745097,3328.94868266494
3833.05032641316,3629.14724660364
2139.10384641136,-4879.54526912601
889.537269003837,-5448.67362196401
-1099.79000825292,-5513.94291967174
-2979.0870919958,-5033.79515585981
-4450.61358911526,3178.72732973556
-4947.42269692244,-2093.74844685174
4015.5177972143,-4210.48261817661
-5755.53371718724,-1514.61842028604
-4570.45644293118,2662.70447484527
2902.63989853994,-4702.05058229304
1476.43458495748,-5146.65590681697
-3768.09062894335,3871.93067809613
5184.70271509835,1796.45798095697
3571.07887799893,-3875.15554601994
5421.71945023989,-1118.74260227237
-4235.7475107877,-3385.96133426049
4303.01727603969,3522.10137100339
2094.62113997766,-5317.99951094695
-5253.75858675535,-1209.07789007648
-3701.11184695014,-4369.61784673619
4174.02604674973,3430.70209353024
2476.87176439225,-4790.62761981067
-5072.02674818884,2161.40805974767
4877.10632380131,-2243.24785381514
-4918.34093084303,2215.86760836789
1173.72391041044,5467.90550689144
-5860.99819103163,-728.445653847217
3416.02208709237,4731.64552168919
-5287.23280874682,2253.02205164382
-5774.04785953773,-1474.62792919382
-2248.03207929523,-4828.34248939932
-1139.11327189264,5782.59575679723
-5125.97749595668,-2816.2663136612
-337.738995893627,-5327.36521445639
5821.75172125484,-804.160680069399
198.243292000363,-5423.1458643822
-5520.27079249892,-1951.60820579266
-705.575267661221,5570.77435457051
443.342810322357,-5586.40569268696
-4847.90085158775,-2669.80783503028
-4296.22346327276,3079.23018863795
1144.94114177245,5700.11836199628
1661.35243415641,-5071.10563444878
-5414.18011377119,1522.69845375597
-3367.15104294512,-4178.55438502069
-5418.77916987275,2426.14805967784
-4653.80268360372,3431.171061187
4843.85651703729,-3108.45792547576
-4384.24310588131,3105.96046781689
-3369.38681436869,-4424.47985255754
-5266.11156747028,-1056.19829267939
-5063.20242401998,3187.75832660768
-5595.84810385953,-1211.83061843815
-4371.30453166417,-3222.81273652106
5446.55772549643,-1299.24607830775
-5698.97880806403,-169.003641213674
-183.511390444222,-5829.17409962394
2425.88605510984,4713.53900202758
-4099.36941825664,4205.42575830504
5466.86413796805,-2443.27994145187
-1052.09299433052,-5583.59989892645
-5531.35688160662,-110.294434226687
-5819.69632001815,598.7669305628
357.411820357517,-5936.14959019677
42.5282368117065,5939.51794694385
4395.88873505488,3603.16598894783
2283.0446955764,5045.92580771199
-5800.24799703048,181.931824921611
-3341.57853456987,4727.44537386522
5295.3830147746,810.904377070145
-3230.73108337272,-4306.81896969616
936.294141857292,5415.493060939
-4031.74304094651,3404.68449361436
4968.77620397173,-2972.18548942515
-5542.21403430797,924.36618390682
-919.97547237265,-5445.2412307629
1024.43835937034,5308.21041253115
1507.06920894996,5237.47054002938
1609.76704910508,-5367.06433090271
-4482.61392994204,-3241.81098718671
-1655.53747535404,5746.26613779607
1383.9911481752,5197.91731316889
-4700.87359679217,2697.46861909638
-4825.24424135609,3428.90150476977
1582.22373242143,-5471.79546697762
196.675283156846,5532.40969723811
5373.65686816273,-2593.43529569969
64.0050680020453,-5668.59759943149
188.454641127743,-5986.29494398882
637.433720430262,-5604.80684407495
2811.65137678744,-4495.1891548272
-5348.73766076265,1033.66582010918
2205.52719553153,5447.04432030091
-5266.47931386048,173.50518100279
-1751.4121587714,-5200.22094457235
-1779.85815128715,-5150.94443199697
1333.36362810987,5644.73823541324
-5381.05209568863,-832.133957715405
1039.18456608216,5839.04604150179
5431.86633043637,796.619374244323
2533.02367407653,4849.01611215464
-5609.00134229501,1192.78798209536
-4964.82034159088,2865.18739220114
-4519.19745073316,-3710.57741673377
639.876181807075,-5424.86123632189
-5346.62455881189,-2349.86490760716
-1470.04754719531,-5066.92026412247
-2309.9689045547,5384.46378313637
2584.81108454908,5198.50114675888
2628.51210519981,-5052.18446096475
5293.44147887482,1746.45191829918
2325.0709900612,-4999.98191876885
2330.73613017077,4794.58251975917
3624.22333615395,4210.22257896828
4643.0145961454,2681.72843421096
71.9708584053381,-5546.8130243081
-1120.13551146619,5398.44409671364
-4248.5968828847,3242.80829575393
938.138114544014,5611.8343676597
2043.10510272624,-4871.30393805842
3212.79274311229,-4234.3953700427
-3558.98548375778,-4191.34874592198
1977.03129639528,-5151.73332070083
4644.76058134359,-3349.82095363839
658.501122948152,5743.09081290607
3117.29126190594,4599.99056324096
1212.89535030323,5426.77358693387
592.279862670418,5884.35724469202
3675.74996962058,-4263.29532543342
-4045.12499111904,-4097.89187157084
5362.08527067237,-419.787441967409
-5955.92918521015,718.365652123277
-5145.34948276253,2781.24855096256
418.308393433106,5618.37682294995
5549.0486680147,-1401.63862350546
4284.25763585815,-3984.42407720483
4824.3540037614,-2173.48526174995
2199.26411247272,-5151.96474263818
-4224.81252399475,3723.95131563454
-4046.47822700175,4288.04941261548
4324.15035805956,-3002.14801268397
5121.81978145859,-2160.83946687812
5220.9579247665,1788.23947169742
-1463.51926699745,-5522.91489419055
-5497.44229667071,2073.14178546289
5152.2826391853,2500.26885333312
-5073.49684325797,2750.86673093896
-4504.29755596422,-3374.55766217954
-4097.77866296899,3481.64692729882
-1941.99152227162,-5670.83812620658
-369.966383236725,-5329.62089512352
2544.72579771099,-4653.21234309166
-4992.65137905653,2329.347663026
-4684.01001876188,2394.74834490025
2646.24510228529,4929.64387381012
-3567.87994969357,3968.82113705966
346.535305339099,5582.61462805499
3731.5938663009,3737.41522654308
5244.56442197763,-2691.73211081829
-5837.11866141486,-410.243570060234
-4750.89654579876,-3013.43104498158
5187.89751412495,1856.10966257623
-4069.89382324413,4348.13920511973
5833.05185018236,326.678196813288
-5586.07522687226,643.078653740591
5396.50292443182,-705.433923545028
2857.04352790144,5197.86678849003
2430.41204810614,4953.50189493457
-743.869667011392,5664.23099598624
-1678.60528208487,5196.78796663821
-4750.18807037248,3259.14840551233
5533.42992646624,1114.85222272919
1390.67521774072,-5301.39322550084
2423.08205786697,4857.74887648444
-1861.55420219093,-4920.9422590418
-4529.28568021005,2925.52627997006
-5514.33278855469,727.445207447657
-3127.48765505478,-4561.36475526908
-2448.02688212547,5172.22749081266
4520.56566502591,2997.21264656365
-5486.05849398142,-51.4789233760846
1352.8491407826,-5455.58985405065
-3638.46206312916,4123.50071038659
5362.76868534119,-2058.27217395513
3779.42710355626,-3673.6012394921
636.944608694814,-5275.73326902686
2263.94542964885,-4855.21616607165
5781.91072353755,298.555551930182
-4371.66062383728,-3360.15901365756
5356.8991298544,1562.12641464852
-1130.00481711255,-5448.39917346852
-2567.00260731147,-4606.87321646345
1265.88485467153,-5854.62646412846
-5562.73669349942,1768.79206391379
-343.276431838342,5976.77976547017
-82.7877065173575,-5780.41019514397
-147.330662722989,-5740.21163409955
-2693.39478541703,4848.64067055529
4989.76226307758,-2142.94772684843
-3576.08933582654,-4322.23025143556
2500.15734852372,4815.95784720598
-3015.52260895965,-4960.52038369248
-3129.46810215318,-4507.10120122134
-5439.98715040747,2197.31366017769
763.198636496984,5855.2854030593
2205.70983791915,5245.51527470942
3453.49462770768,-4120.05550298472
4940.86826967951,1948.13133792165
-2331.34802500124,-4804.8028114463
-5288.56556524767,-828.46121454432
-2712.81557763782,-5114.2384579419
-3771.18959405321,4269.03270038603
5270.02434952124,461.533138742606
-1988.07663360288,4979.31065672087
5977.62795913326,-281.707290843881
-1456.25752789594,5682.32235321425
-4789.97808725962,-2800.09680040499
-1999.98514793748,4903.23022481664
-3362.76778233183,-4197.74656704509
5471.47030742497,-1178.34687892802
-1254.53041415248,-5602.50225609601
-5013.57435425514,-1836.40817998573
-5864.86062854847,575.461237429986
3299.26411771498,-4639.11324715515
2777.1349116995,-4654.57568365099
-5409.49180763599,1547.83039538258
-5072.05940855318,-1522.08359474011
3060.88907301961,-4958.5484331174
-4485.58349972741,-3444.49137195856
5095.41345014124,-2281.72433614678
3327.36577174427,4435.62726399853
-4533.91415845792,2912.96522164717
5270.44549844499,1083.63146949136
-5302.31169134993,-1536.84998569671
5328.46116486572,777.11626631871
-628.824894421588,-5790.65531108442
-4617.88483103675,-3807.99249017083
-4655.9101969251,-3754.85373776196
-5397.43787786693,1792.138868842
1774.99337951566,-5187.31105788324
-4898.55718425471,2295.75005447234
-2495.78654932988,4991.93745933271
-3902.71202850257,4285.30577827408
-5320.30682570718,-2064.32448024195
-2303.86337178149,5255.15624420798
4602.89340206815,-3194.72732646207
-5855.18086379836,-440.384278753746
5655.18412955846,536.465904088857
5409.9410011696,-2068.30553000403
-1962.35719697258,-5235.80128364203
-5377.43267895941,-1074.46070383176
-4051.40575721648,3749.88436452859
5568.22293133176,-1330.02834794274
-1692.26604549593,5438.85228403051
4441.03740197703,3967.58166066786
2079.61301626176,5220.87095770426
3691.96308879836,4231.62630843807
-1334.58652427907,-5092.87967796516
4286.59720936695,4135.93136618956
-5258.74485210172,2873.35571225927
-5260.35459057215,1808.30198792807
-5321.70262497698,2635.46048218001
-1748.3117717857,-5055.17931741938
-3961.63520565274,-3981.96054623218
476.554388556372,5755.77952217222
-4929.53800871686,-2948.34341411778
-4343.61434951662,2998.94424812594
5215.40651561144,1836.92193151493
-2608.03100598504,5316.70890873313
5185.04087274827,2894.07035130531
-3013.21346879871,4322.28864458922
1019.43363451498,-5829.83459054565
4190.19133622743,4251.36115598906
-2084.8648496575,-5467.2622492108
-1604.52480055009,5331.10459342615
2174.56664327687,-5016.24473052387
1632.61388702971,-5282.39223999294
1552.62008890961,5776.79476973023
2245.91328372581,-5277.90993490928
-287.351986664127,5942.80998390039
-2948.52842516107,4583.76844094656
-5510.71766918181,-1930.05955784588
-3928.53040407871,3844.47119461159
-4373.99211408411,3451.70590434465
-419.27575537214,-5648.42578662871
4713.83964558698,-2904.58655975297
-5574.20879826973,-101.604099211823
2918.20151018536,-5032.01569798564
4700.15675756726,2397.32503547342
3531.40137420223,-4712.31811199136
3969.75023225952,-3869.98314046259
-3648.73497397002,-4167.07593553268
-2858.62872301857,-4887.60121604775
-5258.88002076347,1610.26205954413
-5346.7681917369,867.987470332835
-5019.04377021109,2381.38983748888
2316.55063511869,4777.76925863665
-4799.2106549427,2391.6612123434
-2235.71668003769,-5288.60202370262
-5535.21955797374,-1530.88619423231
313.061621899827,-5905.13986171078
136.987362611835,5945.61620668494
-5128.3706858134,1831.4000783382
4142.87742986907,4172.43266026259
3172.07567319564,4757.41080605937
-734.29864179615,5753.77789486757
-3334.7373268381,4594.38127321665
-872.738512604532,5672.85180945723
3309.38522794171,-4532.63007247692
3572.35493774582,-4029.20402438004
1322.08662184656,-5236.61039753085
3230.78780956412,4978.86532351876
2571.27061320715,4831.05961205543
-5543.2145250459,-1213.57031495225
5435.06827295604,2521.86837632665
3551.39118202267,4538.71878424651
-5241.19073367537,2383.48932399518
5821.0943498002,1448.27348915461
-5193.42717268215,-1185.49013406227
4874.62095426023,-2644.81123358758
5147.41775749309,1460.38513456211
-5561.85714470214,-904.036995343278
-1610.93266904166,-5135.29308045567
-4252.76318224189,-4200.53982079606
-3168.58287643029,-4377.38248258703
-3137.11520655988,-4399.90012014852
-3822.70285600687,4054.7237916078
5796.70411609389,-1410.66832864536
113.958695871944,5681.63516172465
-1458.04922886243,-5315.46830331304
414.886287080252,-5834.61620002893
-3083.23637756271,4826.28470154332
-1927.03000983304,5054.29936927532
-193.560061204334,-5642.24184947109
-3495.83574088898,-3971.94788098241
5361.50890913242,-433.637701301224
4764.22228467729,-2953.12450515869
-1837.06851815371,-5517.49033991432
-5184.34724878971,2918.63316180959
5118.66619219137,2696.06856476879
3579.46308053086,-4092.51668769818
-5670.90369620573,-562.531518736454
-2577.31168222885,4791.95069355102
3541.75066648214,-4400.50386329282
2439.19193207523,-4714.98010558091
-880.920270316078,5413.72059623
-5292.84150246152,24.7486150144588
799.654335133874,-5295.39618740214
-5006.03940290737,2167.9500552192
-2496.97327587027,5420.28617654359
4570.79141563023,3546.05295563344
-4663.47490842131,-3042.56080733126
-4830.00539838278,2152.84075392896
-3854.92257445131,4117.01397564184
-5275.97061246143,447.130149952514
-5740.35216185504,-963.042251357279
1476.13533587826,-5543.51244069331
-2734.46114794083,-4524.79688410757
-896.128856796294,5569.03926165236
-3508.43255084682,4052.60069511192
2800.56108570972,-4842.19593218921
5285.69012626303,2458.96751346296
-5385.75865814759,-653.937625345607
-4690.8358733936,-2858.78879252021
-3462.8673321206,4089.21011988699
1137.81498319898,5299.06521138611
1877.31651214624,-5042.05648590817
-5926.46182955157,-109.256209252878
1185.35001627452,-5708.5086076444
-4066.71269444673,-3751.04244351986
-4260.36561901332,3412.87058829668
-3696.25613951359,4228.27684465711
733.924937888945,5907.26789896841
1787.44649422471,-5528.46006575787
-2491.39963290042,5105.08997162493
-5850.71149509045,122.250699698036
-2068.0296386788,-5533.12815345929
-4927.70963810433,2778.21744492526
-5118.83279909414,-1941.46338675483
-5184.86550879014,2732.77719453199
3707.13514587768,4337.73220633515
-4550.64242107884,3646.32319873061
4236.70236056199,3140.0528133826
5877.90472494967,-458.105057938966
-3535.08622134729,-3932.65384290655
5470.99785263718,877.965265341005
4206.12272716818,4075.57196476845
-5798.07336569281,605.667035820186
-5316.96147068313,677.215264977308
3800.00317937503,4025.75171601959
4765.85152372688,2633.68525250476
816.106335820107,-5186.49897650261
-2841.82091240407,5275.13063251689
3414.2496457524,4875.93833579451
3430.18778971715,-4669.35965686267
-5146.17606765981,2682.89003914395
-2214.78489982859,5533.63864116038
-1824.08523559837,5354.60598297424
3275.9012037114,-4463.49882661418
2056.13372342108,-4870.76589231468
3138.15528547182,4927.89926745041
-2569.55469959302,-4679.78882160725
2877.15007813484,4721.77337214909
-988.531985277782,5911.75801898636
-3103.41436030716,4968.76149962889
-3364.10676599278,4167.7863338882
-3150.90966326706,-5039.69169186723
1248.38507643713,5670.92291179703
3067.18334893746,5118.56465895882
-4652.76318639445,-3508.2716011242
3708.05089950262,4211.22649280776
660.555486858367,5753.50768447232
5394.18130856891,-2532.40609016563
4851.06568784068,-3489.62915924698
-5064.28857419737,2961.24058842259
57.9992180215934,5789.86924981203
5413.70799264952,1219.78005010871
3841.7151696513,4243.78624149222
-5391.90998012704,-1.23897179912961
-3465.55727222355,-3965.49816934173
4692.73491590865,3694.91326703894
-2120.31519939659,-5385.32279471857
-2502.6006006258,-4965.28581855287
-2916.03411496448,4836.58660934387
3989.38963643237,3896.33262077787
-4493.55923120044,-3200.67438351444
-3191.10196181516,-4205.63548350631
5908.37090846171,-361.583217999938
-5680.42998700723,-1646.79469535665
-3732.89199619837,-4688.52131028552
-3054.84409617384,-4675.27976599899
5321.72324585707,2094.91352952187
-5342.55651565846,2359.70106657128
-5616.89602639367,214.299701845273
-4357.57279284801,-4102.91224711895
5204.94603692658,-1547.52953174664
-4681.11169807082,-2596.88198667476
2676.6348763835,-4773.76017276833
479.062385347404,5282.77500678562
3107.38798280491,4567.83392161291
-3903.82566446978,-4137.37808061921
-5531.99320038349,1059.16507567027
3979.84862310778,3834.37448830932
-3213.24667463199,4957.94309613505
1623.95189701295,5425.78196687357
-5261.7729295554,526.606279510448
5453.04681961349,-2221.97563583222
-5239.88111116622,-494.32396932992
5428.92874359597,1007.82357825933
-2909.48006316077,5048.59264178278
-5963.20462216534,-368.206026440166
4019.78415318146,3959.92613948569
5123.73757277329,2065.66853212058
5657.76018875285,-488.796673254611
5549.51739987927,-1721.29731502667
2179.86802200833,5389.87735246803
-4134.80299618785,-3310.19724279702
5413.85009492931,1649.99380000892
1748.87522602802,-5693.10613516374
-5264.81315650871,2556.44513747278
-5207.94437248241,1498.8732200242
3855.28510807894,-3659.29614047726
3928.45856486478,3630.15098740349
-4226.7923309104,3877.49690563759
5271.83773301107,-154.525376240746
-633.420110599743,-5227.43971444858
-3313.54206318355,-4882.41240126559
-5284.67850628438,-1276.7745991643
-3060.54863900736,4432.53869395722
3700.432107839,-4463.00307823594
5379.6690998809,-2265.57123246127
-5544.22475628846,1588.66747050493
-5229.56714636939,650.059703409969
-2921.74403307329,-4611.84241732859
-4877.3306750345,3129.39679217749
4271.88570835733,-3421.54200840332
-3355.20932858625,4692.8646827137
1170.10693064119,-5532.32866090313
-5496.29521035235,-2181.15025879419
5238.71665047585,-2550.28108441627
5400.08585452405,204.809910795971
-578.641661713692,5454.84228102234
5719.43847031607,1561.97442514513
4648.46381246169,2883.27410579112
-538.887753071535,-5688.72812575369
-3053.05212351466,-4689.94812113999
1636.50688838523,-5008.89217336619
-5677.4117456508,978.501832812769
2513.09529071871,4724.80876786099
3862.56184742316,4614.33892939779
2129.70263038047,5766.60950131251
4569.40859555484,-4430.9856027943
-5631.08692821023,2533.37904769939
-3637.69699464296,-5095.27997437932
4379.87787141787,4321.82287186948
5357.1514721493,-2914.89012923711
619.367851989995,6563.21169539005
6104.62140816589,821.219713781269
3602.10680182433,5530.22635949377
2960.80565841737,5247.69975164043
6073.9657858976,1010.60526576486
5776.72946513019,3426.76667320149
-3736.73606100629,-5460.0295219663
-333.144104773988,6538.29341542293
5019.44025597736,3987.71953271559
2526.67102998861,-5928.95956701403
4737.52148663059,-4062.47376593462
6661.93088556266,1075.73828163897
244.345614011966,-6469.55341982246
-6219.45654557567,2525.23398318834
3086.49290956356,5737.97444871071
-4680.90573526431,-4851.99634045008
-3804.9621628184,4825.91875563989
-5880.9355490882,-2965.95907225896
6562.11018200468,-472.94907972814
-3014.97180742111,-5486.50061295919
-6694.5626867344,-791.661334817609
-3805.21169049841,5485.63556939946
4615.8066578692,3851.95843822434
-2978.06193037961,5495.70380527723
1742.35107858398,6459.77858837044
-6198.9694414947,-592.973017877906
-962.616789562976,-6355.96660889438
-6660.39996500307,878.825269811831
4123.74921708595,-4535.13994519979
-5023.98901668386,-3659.0938023559
-5815.81023647298,-2478.17102576277
2476.78651371412,-5541.23987271496
-6013.12732142859,-1684.07927041224
6434.89930804002,244.374314466295
6356.74531516902,802.317404901726
6433.56253533161,-558.260405871101
6349.22644067533,452.583549895879
3836.63181976347,5081.15953555315
-1260.83709635012,6596.30592820124
-1850.57562841847,-6099.95730009072
5099.79880220425,-3716.26881218712
-6040.33133749724,-2957.50426179104
-6315.78904627833,2200.87440332702
4946.0766310693,-4585.88327081858
2606.83564602195,-5931.0299808181
5547.64494994327,3572.22950305474
-3125.48042908854,-5143.98907479218
222.534984483478,-6517.18875291988
-6335.44094175795,1186.10710153589
5185.17426575546,-3947.75203068172
441.593310688737,6233.89866397171
6513.78900640216,386.0024714606
2137.8987211133,-6196.25017545994
-2246.22547934379,-5892.23432790325
955.93580014337,-6289.68670197183
5245.38732731374,-3913.63005406932
5128.47442611761,4014.60994044126
2689.99240588575,-6109.47040034931
-1453.73445985006,6461.76628584445
-4329.37420403065,4401.42107639207
3656.40055680968,5048.40817582432
-4215.7697356574,4703.29738437572
-3091.52083308138,5636.90858960693
1551.60653188321,6219.37129482165
-2509.34387616601,6190.41592192218
-2971.02224228244,5772.45351125495
4512.01915776879,4880.61114225591
4549.5617945272,4980.3484554177
-2206.65496376546,-5803.95792922349
-2581.40314261967,-6112.39975122363
-1917.6635595642,-6429.92630299194
5459.54415223896,-2518.04450667796
11.9665843806573,6667.59000270457
-5941.90821814118,-3069.61931261421
6153.11500595884,-849.785239401791
-5042.41554520222,-3650.33005374257
5882.39998619795,-3272.68688312027
-4729.6244560514,4383.44406438059
5802.01117179811,-2926.78535348531
-6365.89520082759,2009.82012738724
-427.284973815898,-6489.12395860395
4497.48890490631,-4572.20515926969
-2533.12067827049,-5729.2031789507
112.390228870799,6275.42018991763
6045.96819748652,-839.132772999943
-3254.60071493668,5477.90235088429
-2583.47181498611,-5574.0665622054
-2848.58044549567,6013.64330666875
-230.721375689816,6513.66715955965
-2583.212515598,-5689.93873961443
485.028587675206,-6538.0356796119
-1865.98812119254,-5958.39079073201
-3158.47116222843,-5892.02363749075
-5226.88836001313,-3334.63435791872
-2385.84980901397,5829.72503042997
248.031387357141,6376.94601653297
5953.53273341216,-2842.16517517372
-4866.65347522945,-4611.06466289469
-4729.92682291369,4300.49035606774
-121.963201613886,-6149.3618967812
-6423.19988673859,1677.21715878742
-3562.04966774661,5326.71712335297
2608.0730967806,-5869.3874025469
5393.19849225048,3102.2984815716
-5910.85671592208,-1811.03826648822
-6556.86194225277,1467.30287105959
-4266.32111896193,4408.40214404867
-2936.65351011563,6022.35956945924
-6433.85774562626,1803.92446477286
6315.7298122479,-2082.33147198588
3679.72078846158,-5086.15848492783
3999.00886541701,-5082.87746404763
-6148.18292872691,-2163.56641017196
4024.91555181348,5309.58575943646
1444.85378339688,6283.56327082793
-6205.29361725536,-937.278186318604
-5814.77154946712,2521.81789987654
5644.27781394227,-3245.24592292784
-1168.71914224864,-6578.35590966028
-543.442540172389,-6569.06759561607
5869.88415109624,1849.05905029647
164.023154408647,-6082.057352122
5796.08471593329,1737.34537860384
-4917.91323711068,-3758.41564169181
2719.40738647938,-5554.18544673332
5341.55563368775,-3251.84199540903
-5278.15469734459,3803.98015602926
6336.9735136608,2314.99748693431
1449.07093800216,-6024.34104836992
-6577.71929119428,-1337.79792848248
-3182.13460917052,-5343.63069047667
6080.23047425887,-1130.66330851489
-1830.96219334763,-6082.7784156153
376.973342773363,-6060.4104901176
-6419.19301476015,-351.366206114766
-1909.88406206913,5966.59758548547
2670.07183184035,5984.24588142551
4714.15863664115,-4410.13145956902
-6233.02661227923,-785.215681316185
2491.49779762874,6200.39026452544
2721.22687752098,-5935.20493711356
-5610.34271863174,2368.43760184561
-3067.1321176068,5935.46916595063
5120.16449979275,4256.15884862071
-2230.71878530046,6305.53042479114
-3808.80660286838,4830.517189236
-1227.79201106002,-6508.8284338615
6483.8095265177,-813.72106474574
-6171.53386348611,-2624.41213836153
5618.05855073177,2979.69329233571
1487.59610234863,-6121.12957239811
-1505.86266060538,6187.58289442454
4508.18670439564,-4502.70728512389
-3054.37984079858,-5814.95708065903
6321.55267478108,1187.25092781295
1099.82350886486,5921.96086867973
6423.68643968833,-277.165577539055
6036.69121140247,-965.69097085361
-6103.63391186894,503.926808608543
1405.42096773547,-5849.71367071607
-1097.31298211195,6331.5056334057
-1906.60153507416,-5850.58610178372
4518.23911305976,-4948.52485422313
5742.32291663836,-2084.64676195876
2508.41890479223,-5779.0310400384
-5354.3291509891,-2739.35095356859
-3119.48343041877,-5761.88284704727
-1133.59006471017,-6047.73357208116
-6186.44703678934,-1925.73057551821
-6110.58430325936,1465.44856748037
-2439.45105331019,6001.39598255992
-3351.90480583443,5195.37195383895
-5128.44186788354,3949.03850758152
-6616.2565164509,709.127585147797
194.220013371423,6029.71598680317
-3982.67622617455,5149.01722340046
-4738.72767791272,4397.11591142693
3751.70788574629,4703.46512898244
5514.04307230845,3657.39623539268
263.199700171759,-6309.67657237869
249.715815733948,-6653.33176730474
-6085.43167286691,1647.09790262857
765.146476251677,-6275.14395680301
5076.63632852406,4442.44186133368
4655.80400584286,4705.10752955927
5793.9621030417,3135.10972721097
-4828.22431590655,-3602.03882211319
-2278.13243353921,-6094.35844086095
-5464.37654316293,-2757.64560673288
-5333.41134444043,3095.17038925048
-6287.29240568871,1560.98942144228
-5658.6424504013,-3100.24879703808
1629.95715375193,-6535.35079118479
588.211406969163,-6135.88155350465
4570.05885264673,-4132.78971898672
2419.76692273905,-6232.61389036929
2649.2971831242,6132.72668557244
-6002.31163246462,2795.64196374276
2277.01044150451,6212.86752804534
-6627.10965411911,529.612724762236
6033.09720876266,1245.65803678729
3950.7954820287,-5275.66148783764
-4250.77314928123,-4979.18073303563
5861.09623071957,-3274.27464256357
-5910.51081077987,-3179.30760256689
-824.797304989107,-6427.30480130758
-6406.25538318689,108.543862080174
-756.688793051111,-5985.62931377964
2746.63411313193,5385.1206296371
4003.08420442114,5303.08781643904
1040.78030952436,6163.81190988951
6374.32337988656,-239.718482269452
-5206.3279247636,3708.79543767383
-2141.8155353451,-6382.81510176663
-6159.52574922294,-2293.21968967893
-3877.513344599,4884.47907683048
2282.56633557795,5921.47699759361
-4959.8498430588,-4246.42860268032
-3476.78941938337,-5073.3523375218
3250.62384516244,5221.11894897632
5979.80422113821,-1663.22313340668
4365.13391828075,-4188.06248250398
1475.22354458306,6475.73190021368
-5886.22760555934,-2910.68919916681
-1516.48246587514,-6397.08977364627
-4324.50341916056,4691.94777436398
-5383.71957552103,-3947.10900009286
-1814.68749447842,-6165.2564067778
1770.54307765917,5934.75116911021
5897.47852926764,-1257.13572177355
6321.97138548236,-1266.52626919251
-378.617362629108,-6250.57775365035
6452.17384460998,1100.81713315754
-2298.98368706374,-5826.46798796358
-4833.61376249527,4059.87130004863
5569.97470781894,2326.85275102672
338.247678328487,-6685.97636517972
2743.15912628638,-6117.10854544587
6045.06604293522,-1006.63890063964
-4813.47555937857,4719.35989303483
5651.28485131759,2959.9147543028
6160.60212846317,373.650503373889
6100.60599303185,52.5129403016737
3350.17951769771,-5845.44959573545
4734.0983876231,-3860.05018863755
-6070.96307018131,2406.836683593
5925.98013004591,1553.98874257989
3547.69876241931,5268.3168507966
-6322.37658812052,1516.49076798395
5188.913163966,-3071.318213525
5869.92331036381,3095.04600726606
660.178625310559,-6433.50898195971
-6020.5356404974,-1189.56118207671
6148.51393295923,50.2905329904829
-4204.0969572414,-4877.10669236666
5337.0903992904,-3478.8411941619
-5712.96886199586,2254.20983152904
3770.38406841906,5221.87295042255
5580.37381800137,-3462.304722486
830.22811425694,-6036.63170818685
-495.133863218826,6518.6234036105
2735.79974077715,-5481.99810111108
4962.32972209788,-4378.96155045995
-4734.9325190971,-4462.19233513475
5592.04092045403,-2973.97608123618
-4778.0902501818,-4315.55363617692
-6107.00338633786,1736.2500724012
5497.8553682582,-3301.54400469303
-2993.17060283113,5906.2595291746
-4683.09973096343,4082.83171047524
-5987.20008600545,-2582.57979160922
-5871.60297190073,2533.01815699693
-6102.97371382253,885.525462809041
-4473.0898246553,4696.58209594723
-2786.20661115764,6137.45727051418
-5699.88417792375,3430.59315778624
-4490.88775354592,-3987.06284129994
-2690.62815687655,5458.1375246014
4803.90725090126,4086.99393654393
-3676.3750389077,-5180.84963948782
-3137.27005220777,5732.68216033527
-4368.26460468733,-4435.92251923494
462.731384266495,-6538.32225472581
-4002.06613999363,-5396.85300648166
-2331.17132384144,-5648.2135547475
-5452.95830694254,2737.11178828781
-4720.78658496739,-4386.97185863752
-1019.05052175493,-6547.83592004139
-4107.34422645477,4890.45915151679
70.4491640567123,-6730.05608050467
-1737.01368603639,-6170.74283472172
3740.94594342379,5251.43904971736
15.2307873941014,-6412.17505731125
-4089.96361226997,-5114.11768095575
3122.85516753878,-5359.40555060458
-736.449067882857,6601.52682973055
5016.85610167008,4092.45777235561
-863.771594279885,5939.72585679733
-833.374083359868,-6427.1496048884
-4833.13108524397,-4126.30790844111
-3259.63301467744,-5843.58460180663
5445.24593856105,2844.66260827195
3526.17214997694,5647.3597354798
6231.33365909754,1869.6245024512
654.710073941533,-6322.66612214852
4494.56405742974,-4657.97725478866
5985.08252708589,2519.0193396952
4404.62636094079,-4272.29716327746
6134.5842682331,-1356.17762064671
6514.58738148182,-493.630535188754
-3265.29503824585,-5257.97186855505
6226.5045301357,-563.121622207662
2692.32561335035,6075.52726391266
-4559.44437070628,3906.2019586513
-5313.76740853334,-3710.23849849948
5846.97572332255,-1959.60030957261
2600.13806025111,-5767.3546596914
1677.11538350065,-6066.44292979839
6137.47748881786,2085.98457512341
3331.41585038902,5692.80835604829
4017.37501059469,-4467.44043903972
2355.51186017987,-5666.43610341733
4275.92693588665,-4251.64142720795
5971.46730507324,-594.960175404316
5602.83608231773,2193.21660398925
5688.57721440674,2419.66419493423
-1769.67631164062,-6281.49105271139
2965.66698393617,-5988.4167453885
6353.38065923746,-898.779877109938
-1850.36978009553,5803.75856199765
5282.34394873478,3843.19581318874
-2015.79703742077,6309.87111171561
2642.3759506577,5777.64676286694
-6023.81800735604,-1148.9433168163
-3629.25764813118,-5228.50091493694
-3754.60159850747,5103.85707347043
-3272.91227634907,5496.88886247819
3719.32507014634,5354.72639585842
4615.40208954053,4836.06913329243
-4412.97854397738,5041.22372322836
-3120.59983242066,5575.57188408407
5341.76524009623,2756.89980709378
-5572.17877668432,-3039.02037266296
-1798.50310045984,5787.77548384465
-5404.4764595323,3202.18922717902
3436.39417484218,-5518.65893251164
-6162.73220630508,970.976979051163
2219.22165603069,-5920.16325878746
-2324.80363808027,5784.42987908517
-287.750573258914,-6356.83031780493
2943.46647738022,-5656.69339424563
-4295.11499404683,4595.62042085841
-3837.02985652557,5499.54213433463
6460.35844039427,-1053.84406965884
-2468.68688326587,6281.81125588498
-5303.51877587452,3335.79576687046
-5526.3481980677,-3025.92531684654
-831.196481887969,-6107.2657410018
-5197.62426447752,4166.9694413776
-5959.92374327741,2922.97205130719
5554.67486394315,-3097.2008504072
-3259.45658543497,5441.80830404049
-6113.46786202688,1632.74915215202
4869.14605366329,4278.74584044086
-141.77311233453,6555.02178880142
-4967.44951110789,4294.37849199844
5660.28626062891,-2566.94261922978
-6632.44997278255,445.569222260742
-5785.44676855121,-2939.0366289956
3850.51222923006,-4939.57430770708
-5270.29909292595,3611.17456071493
6076.78759465191,589.440816693761
5187.82984499805,3957.36720308864
920.3158738271,6339.48341160724
271.233091405361,-6598.84312704094
-848.072990265651,-6485.78280852829
-5484.8532136757,3286.16828158662
-4786.58189146451,-4549.889831793
-1448.60345321904,6236.43848351688
-4256.96521831118,4842.96173555172
-5630.02395933589,-2167.66428391703
5789.94185619786,-3363.67994259111
3316.75028364509,-5823.5470703862
-6407.88327546429,904.685034290359
2255.87110914036,6019.95287805856
4361.48050726494,-4257.37127097827
4957.00638543809,-3629.10414745222
-5860.37679669098,-2817.15410043468
-1993.54838129739,-6409.64497600643
-1021.94612819468,6044.63719125635
1328.14685885081,-6295.75520838818
1179.04968183609,6413.44553763371
-2906.02463552031,5817.56484405383
6322.01576930523,957.252503073529
-2177.03792696787,-6061.93293323428
2078.31563266382,6359.53394971543
-930.098045496545,5928.00316113732
-1458.39582554805,6161.87402508298
4605.07156403624,-3898.30278997189
-5365.61324895244,-4014.76550055644
4303.48433003016,-4295.95417861847
-4469.09798282899,-4136.50832238371
1197.49467580996,-6061.91334281338
6504.14621216607,-1201.79329713006
-3185.85170432212,-6107.24885542841
6391.87319293932,3636.89869137305
5874.45181709099,3396.62675577744
-6100.95239485821,3337.81406612915
-6459.769168644,-3135.7332815403
-5263.03261737063,5271.9040539054
5978.99925271736,-3231.3336176055
559.357798018448,-7283.47185133813
7074.39382589129,-2244.26866239674
6639.55721233056,-1981.79592855713
7063.53134573877,-1770.25447682018
-4875.5444705901,-5231.41368637061
1927.78791540978,-6600.4262458328
3923.5704666064,6298.50755953414
-6861.16331458066,-1559.25374784124
-5850.44379869937,-4650.64272054487
3040.99844633641,-6803.32938145222
-4211.18011787474,5863.56128266801
848.821958845797,-7117.50560226557
-3973.24987722341,5875.32550267532
-6122.78254823511,-3485.75082393892
7378.46065084227,179.043691783447
-2268.72864208314,-7092.44352199286
-2470.20656362482,-6828.28206622804
-4672.96727488949,-5390.85900397544
5071.35988583531,-5273.54804621302
-6077.46184701112,3755.16207577658
3509.1552317196,-6355.23821122512
-4797.47587205729,-4919.30256008767
6157.01298170197,3607.8240358016
4364.36626967323,5951.33405695152
-5184.33576216015,5403.5908741115
-6290.33291866082,2904.95772529322
-1404.77184226404,6849.90496403343
-7111.23327671328,2271.52546771966
-7292.8772917736,-534.747783572367
-1328.54749171191,7220.02096810374
-405.615332343607,-7162.33323857374
-917.736691993849,7186.1037735345
4720.37951908945,5705.47624632073
4972.48466713557,-4711.67627275874
-7446.66126749267,176.887767318824
5750.13003538195,4318.75571936129
6711.49209691774,-1325.07824894247
-7208.1236850478,-2062.26280177089
-7016.25179324068,1425.80343176829
5432.9883145071,4416.48023157448
-3790.88638095561,-5814.47546923311
-2866.43253091195,6624.70195308888
-5832.48176831133,-3527.61600871637
432.15067023885,7173.86114128202
6364.60365629175,-2573.28741609518
6388.47563322585,3806.40313399891
6435.54059350619,-3732.66273056541
-4605.51740203102,5162.63361812559
-445.0794463938,-7442.88956979938
-951.159720594044,-7093.56383897986
1376.55202509915,-6767.21816602793
-5600.38912280239,4397.94221515442
-2681.42470762372,6286.14170153317
1230.39683003462,6698.19674504764
5301.04150429467,-4242.08825001428
-5509.02981002688,4013.76585180992
-4556.73159103653,5625.54769151928
743.033850086554,-6805.08199553326
-7056.36777410325,1469.25029518014
-37.1284373414013,-6967.0073867384
4252.83206390504,5404.50424125972
6320.90372640474,-3178.19886089219
-4406.72194880723,5327.85316128362
1102.95934125546,6731.3913040595
-4347.44679100266,-5176.66161643866
-695.516856045232,-6731.3885304348
2875.49568572067,6537.69042580032
4192.90385047408,5610.52309479507
-4715.68904798245,-5244.66752055845
3407.27310029597,-6104.89528571121
-6657.5196535253,2738.59387667181
-7351.92439629509,-425.306729237361
4750.13873096216,-5365.87854927758
-5947.52048192651,-3615.85000200867
-4674.56747451123,-4950.52697196422
6004.94557570722,3722.70697277933
4530.81945554944,5787.38304255679
1166.16337931575,7029.13597573534
-5678.77602169379,4020.55518691331
-6045.71910205647,-3389.12253947454
-7214.43507237902,1024.10055016222
6567.89353310739,-2473.1423058093
-3829.85738418378,-5844.06741762032
-1130.60243378063,-7199.95200152656
2374.86817042732,6517.18659827337
6538.08050675369,2032.67197100069
-2790.22131931967,-6350.076592388
-6474.96692375185,3395.71706131901
6648.05418176299,3202.74727519805
6137.73698303688,3014.09789255429
-1220.83767823737,6777.51330791092
5016.43863720685,-5393.23739887937
-6908.5934128991,1881.01534642556
6017.46073566812,-4187.30829886247
4907.80187478089,-5071.00263153867
-3160.81566436832,-6077.81184834641
-5547.85807070286,4071.60760924901
6091.42097646186,-4152.38112211228
-3908.3380298624,-5982.16298111167
7272.19491063161,-571.67934806643
643.796246402236,-7019.04813992709
6767.43782583965,2002.70959900573
-1729.21273019104,-6963.12677711342
-4993.49102571908,-5184.38981323595
-5051.85615525467,5422.4440129552
6804.22703218321,1003.07371752825
5017.78869274256,4638.3785903406
2135.77280132214,7061.41837735788
5668.24372406825,4207.09539366497
-5381.4762210578,4571.18124814778
5685.32579022703,4206.29584851335
