6158.9025854471,4151.25918337121
6301.1342954528,3786.37086845971
6583.66233090704,3527.51405321488
6331.46972122409,3534.65772777776
6375.62445913592,3171.40794348638
6716.6993275648,3301.74198442874
7159.99004034249,-1504.55136647674
7230.17020164617,-1583.0624626841
7337.57467112893,-1195.59088991332
7065.7540005282,-960.10874889537
7052.18545729812,-523.915943217239
6954.89275328076,-814.449917650579
7070.71055504452,-330.254794435912
7496.70315395634,151.800317129731
7320.17993332172,-206.658116646894
7256.276291434,-49.3832094581266
6953.86264054561,-226.494084912811
7006.98095871248,88.4191197119023
7144.52323148644,378.525793666582
7349.9783966888,563.792996494381
7212.19953754869,926.180971076364
6942.63545024512,220.415849482653
6992.28038026221,393.786729824295
7098.53073949387,753.303480384113
6902.33519766953,1001.60061492723
7111.60973965859,1082.4081132766
6455.46542307376,1862.00725461562
6812.44956693525,1710.65056539019
6959.4743518708,1375.86610235444
6685.66969352755,1296.17305134581
6998.53613514592,1444.51489205033
7152.31928207041,1735.03526035596
6966.74489461888,1835.84361222723
6788.90017094136,2193.2128007188
6895.66471584228,2318.87003101558
6707.55634863782,2157.7417825637
7186.40161260468,1803.70982240847
6878.51086531842,2773.67463310215
6403.41804362003,2801.0978697202
6613.31721620569,2644.90608822542
6544.00006911957,2889.76085946276
6748.44029857866,2979.88094668266
4831.53947377127,-2098.15824835089
4973.11446209514,-2472.23763583107
5256.51372905238,-2744.09248649864
5513.32334270521,-2407.86514742122
5438.80564899613,-2795.27478936683
6499.5040178238,-3040.82396674655
6192.56196625893,-2863.89949626579
5755.07425069486,-3127.53601216955
5787.47243916161,-2760.44650822422
5552.35662390092,-3053.00812367854
5759.1432922266,-3134.35046598394
6042.44987153165,-3338.81702481055
6631.41948953303,-3318.84296791767
6506.39338477278,-3699.25980610073
6537.64666474033,-3183.61709256716
5720.21768811503,-3422.14063513219
5873.81315159492,-3678.9288769661
6227.51154993087,-3824.67805281551
6254.1058137287,-3819.02916634371
6374.22437221579,-4125.59212330057
6655.76158774461,-2674.71249063434
6524.16118871655,-2871.03645565859
6638.14506136889,-2433.85623330506
5471.79674140574,-2298.3905949364
5757.40207522722,-2434.55744554152
6178.51046999542,-2532.98285425742
6142.5307582768,-2660.4913182308
6200.50593444786,-2318.70504509796
5930.81371292087,-2230.39080346421
5887.92340301773,-2280.81124013488
5311.44817556992,-2065.60458658038
5477.08055736795,-1976.05130608773
5085.29897808866,-2188.85529610901
6105.87938168708,-1947.18458985358
6024.92598825342,-1828.42472218649
5632.94552690981,-1501.54391224844
5537.6077978007,-1723.14721540932
5820.59551194885,-1259.9401025188
5345.81843140238,-1465.62394304147
5016.16903931803,-1615.60487405275
4758.73739756539,-1946.85602442318
5020.23807404933,-2236.32692521962
4746.88453588164,-1851.16043581272
6882.23583694269,-2628.77105280543
7111.19857106867,-2361.09475816522
6596.23613410927,-2338.33522306426
7052.57040319085,-1313.17279966938
6973.53609480708,-1734.60917303956
6863.41925423146,-2039.54034189851
6949.32263056012,-1984.01719895325
6603.86918778569,-2090.33844793595
6678.13975235496,-1860.493242042
6645.11373774845,-1520.08773263852
6779.29290168251,-1198.32882304936
6511.31079916568,-1232.28479104157
6903.45682619796,-925.506915263176
6432.04040224135,-1897.66083916151
6205.42460724567,-1778.17813150928
6161.24365175456,-1401.4101063386
6411.61513547653,-1137.3508296767
6058.16462128106,-1137.32244497137
6110.94087982745,-908.725113532089
6269.90885358223,-763.01861771321
6648.01306859967,-666.594658213006
6870.59822169377,-627.70098566484
6720.20608103862,-523.255320262976
6383.21030152503,-430.757128109058
6298.53775531545,-377.61081744061
5924.83605941995,-629.063533310559
5908.13722285436,-603.515226321425
5735.9171976501,-872.824067714798
4703.7919302259,-752.258415433163
4888.93694128735,-799.381080281854
5271.5795021143,-894.202756029586
5338.81457291053,-605.629878876301
5509.83466043375,-946.887188799605
5103.00152654535,-1036.97288001408
5123.21697314042,-1023.14844772418
4438.44512146438,-911.236832135733
4423.50199199438,-1083.43480391108
4361.99755501582,-955.418307018793
5283.57126678126,-1223.95320881007
5036.88123768573,-1434.26876403006
4630.69312599095,-1642.11504967678
4584.16359939009,-1233.699503325
4490.86361680417,-1773.74097307894
4209.21163311498,-1653.53952203048
4349.63926465361,-1331.02499409911
4137.24881917093,-1135.71565571042
4170.74423038646,-1018.05621300064
3804.88648138083,-1026.44704815276
5428.61160137907,4949.21510096604
5922.48774236133,4017.14451997557
5805.42906089162,4292.83030067388
5561.14445947137,4763.77582927644
5405.68757470865,4570.40094899453
5467.46674445556,4399.31271537671
5521.76460014409,4366.79900484074
5917.68697646951,3783.46708550865
5638.22906733483,3739.26537183581
5930.55435222291,3735.46198226387
5229.91058886034,4325.03141143087
5065.5833553329,4121.97582587746
5119.04977677129,3617.64692108938
5357.69510879797,3645.85063676106
5020.51040190332,3394.77165891979
5323.99318253642,3208.15483606445
5708.04871939797,3268.33518854896
5743.46574112245,3380.29451281922
5773.54703140746,3519.93423399213
6213.73133788364,3127.2569575657
4226.47382662795,1019.78146018173
4222.40552623034,1420.08255174618
4492.91883737214,1683.17577131914
4700.2834267576,1540.525239965
4444.35948811219,1698.0617499868
5499.33658381079,2397.76776208474
5028.66156166187,2206.18136008882
4920.76716096998,1966.07016030295
4951.0308910061,1775.42538529592
4616.32581405108,1961.14672526433
4922.74927775137,2286.24750384285
5079.0701472835,2448.85356978875
5318.81072557206,2573.71237673769
5091.35245954217,2733.34144756853
5715.8153136373,2613.03326067764
4633.44909038687,2433.19349431379
4732.75796688793,2657.64277242253
4905.36466169384,2992.22672627961
5088.86913104195,2932.05510291768
4913.7065411832,3194.00915757258
5184.97954554984,3165.96413882683
5638.08937633792,3092.3851359787
5791.68300794982,2857.07549134131
5686.79117628975,2768.94015902134
5897.82008509274,2974.20433541434
6059.12941993751,2674.13015394421
5953.21786594784,2390.67136144103
5779.19584149011,2052.83638873662
5420.58520057883,2146.59004703071
5719.33624650569,1807.44756967216
4903.98999762904,1407.60338960908
5107.46389152397,1427.05661664363
5536.09609064622,1647.75791103934
5205.85027151216,1790.28722093262
5752.21484263901,1607.21643563959
5471.02795744619,1343.31795804733
5302.25735017962,1150.25704680509
5006.72760209555,915.940605518462
5085.83623192767,989.077141425369
4759.81039285151,1081.82685080892
5656.13881923945,1145.23430673585
5669.68542838739,823.097352907325
5358.83348109911,625.364282104077
5121.98713417853,679.16870898538
5271.76519245067,374.682556929411
4978.36676982877,468.449574050363
4728.5892192028,330.073229629271
4358.23420091603,701.328138400153
4344.60004923499,808.584505763619
4216.27995864226,766.479982084618
6218.34877189824,2633.1393678205
6243.49447269091,2148.85768001735
6009.48298239362,1966.7941886891
6447.569355858,1892.22555478787
6168.21544051738,1642.21026456711
6381.25125508108,1003.58594548798
6239.85864609287,1058.57960416984
6108.6518035426,1330.23276763151
6429.21739530085,1531.787092357
5920.77713247245,1617.82760804
6037.37391429262,1136.51871833791
6097.61186351624,960.84009978155
6461.66293979677,716.075973135359
6246.92473564304,372.11628851403
6364.45574695227,595.031290432319
5803.10116192218,1143.80245020655
5620.85226364651,998.687863562621
5640.65771284841,486.220443645878
5927.25640446647,450.440283567332
5614.74378741296,480.497388949278
5848.40862742842,81.2006455120111
6022.30702340172,145.589595069366
6536.78931025068,147.064490913983
6538.27328192817,259.646174486262
6713.05808844746,-160.520289007074
6334.02276350143,-168.019849596435
6122.58293270662,-246.941106148239
5767.23014634635,-95.7721685018801
5754.79336693672,-167.380418569797
5553.95917246548,39.6309882446641
4714.02380671947,-548.451761095728
4846.2809869205,-302.310117334965
5354.74538088709,-336.608425423164
5338.96572150902,-284.09252862926
5271.66340767061,38.7705059014908
4904.01465376414,-184.482596827671
4672.55908912979,-130.07282551065
4493.74992643585,-423.208359067208
4278.45152496279,-91.6614583428565
4425.86879323838,-564.321264674867
4745.13768541159,182.221394962039
4671.18839064349,241.218412356202
4253.06100806742,310.504310059523
4152.91777693488,196.763359554774
4099.78255916015,471.435228764387
4156.89463217741,160.134480534731
3886.80968509812,-65.7181153767798
3817.14336539188,-438.917611352695
4105.32861556477,-545.269793065037
3758.7273176123,-638.610380135937
3709.20374913129,-370.188967498136
3715.63514608319,-68.0421560661985
3877.06451160554,363.764564589305
3343.04862120049,372.75734042792
3932.286349699,608.805010275678
3325.7747226597,1224.76133010336
3328.87820298855,1067.71142833111
3704.21303509447,711.844720280746
3361.3611941649,513.694290285351
3798.65898222944,675.209527552733
3797.1085046459,996.270446909601
3712.36400640234,1219.81372801849
3428.55522397422,1621.10788527346
3704.0702873111,1742.95085845446
3228.31413678854,1743.91927891819
4020.93695068256,1086.11389332599
4198.93516522101,1321.70653700806
4264.49390136909,1539.56494807704
3851.00964109018,1689.93580034186
4388.2776326142,1884.34944094763
4086.66760638881,1930.06488674427
3737.29042124937,2107.00865611268
3333.80340942058,2000.87809942106
3291.90220593491,1936.95943766646
3120.04736403907,2355.76927235692
5110.52979871443,4418.62827602256
4938.46185153073,4210.37006699929
4867.27617977703,3817.77535977271
4506.61709727942,3904.31969724766
4797.3404828288,3614.49578592725
3952.10988402587,3214.47362555521
3969.13035434861,3258.01786862513
4443.09931687262,3483.4296960951
4303.29969674553,3660.66965220965
4513.04188058472,3328.33317895902
4314.14584918092,3153.02890426983
4218.51158355291,3074.63792333341
4026.34972847597,2993.40027936065
4039.36737489312,2854.87029610865
3480.30860653397,2875.91348688773
4625.59048023466,3003.99683779283
4531.3333540257,2734.02984782782
4327.18165010496,2553.89353354549
4097.88459806599,2706.959821957
4416.89682933917,2242.8477553385
4146.90214931304,2128.28539307242
3826.19370944098,2345.31812780053
3476.10542475562,2497.46010556736
3555.18964583673,2687.08574396308
3197.88689159075,2492.40459326216
3199.71185867573,2915.20360489519
3292.2441582098,3074.11037683694
3471.25728832842,3390.89432620676
3817.29906297872,3211.35885369166
3500.37838373405,3579.60988675881
4395.6565328847,4038.80989609818
4240.48853400116,3917.22734403977
3874.0626419714,3833.9971812756
3953.11733865733,3601.65578382551
3643.81004895502,3790.74154007861
3745.58994099575,4042.05548098796
4029.72312850311,4196.47347612243
4182.50953540425,4319.80719634943
4186.15130502119,4428.43022214794
4599.98664135713,4393.12240388152
3665.08032384528,4277.38817201751
3622.61656199764,4536.48206583646
3904.66604149516,4809.05697444846
4215.04798165476,4694.01415528735
3799.33644494154,4929.10980233028
4281.88059473695,4816.17171381066
4451.38814302383,4894.86180991521
4717.65696782356,4872.52377684872
4695.05426780267,4567.24488650446
5066.83034326715,4865.874304399
3184.17567203078,2840.08426961927
2958.4381502397,3245.53866994068
3179.40397597413,3550.10022932762
2931.77979734743,3561.47951265502
3295.96474175975,3839.8695140525
2744.8593446126,4543.26712946072
2843.06802432975,4452.36010713774
3152.84918736785,4018.55498580514
2755.49278047131,3895.79471353798
3294.7176019027,3946.70733433727
3195.43208336712,4414.05128086526
3206.16874718741,4363.12520137463
2920.97289775445,4803.98547643705
3106.8928345589,4909.06058014916
2831.35659742052,4926.17108481532
3426.73850031071,4340.13498625337
3496.40252599391,4693.4268918848
3620.07184231095,4990.32555839296
3340.37660059175,4978.11578999925
3613.09645592598,5199.20726646015
3420.36277153545,5375.13841860122
3184.88076459142,5319.35003493764
2735.98150491915,5568.70062399951
2702.17514211938,5157.74593613381
2578.05854717973,5590.31466415217
3096.94747154897,5584.40985212259
3140.81756795883,5600.41029911061
3352.17043064158,5637.66512065072
3580.63406327281,5562.28448620777
3694.23634857493,5411.29724960862
4511.02577393717,5774.26569960261
4379.96706262733,5801.95596700249
4105.53431514507,5820.98415826421
3930.76450826018,5822.4108076853
3927.47471870773,5443.72042931383
4327.53341395867,5643.83919290319
4432.80845414318,5610.86336747595
4846.06027121595,5894.13656134576
4877.63659504553,5616.20451933047
4130.64554393456,5249.27403933457
4541.13922175541,5160.9616076858
4955.47461104092,5139.25014156436
4991.97556679818,5400.79215401159
5125.08365381857,5013.30613470135
5308.62486533493,5155.60368827961
3248.99798587712,-428.291673075705
3307.9882086587,-144.195203990262
3181.93005763663,83.0392740729851
3118.41256827182,254.519573463707
2962.50043507695,154.103820026386
3061.63928781292,1147.91960670648
2986.06726519269,1040.57828687958
2918.79378807488,832.737595016868
3301.92135832576,587.418936889001
2797.36120589881,586.719987188342
2743.58450958212,883.911940058609
2806.40169017059,1059.35708463621
2818.87584293246,1573.74626915551
2566.40743589487,1370.89806122137
2953.47381793483,1777.63071427781
2545.72446481901,853.017942635545
2395.36531693992,848.173025589153
2220.84324947294,1494.72209320139
2350.77487701928,1513.38018602292
1919.37108632323,1437.59519741478
2263.0985191477,1715.44356780552
2637.20137992717,1965.26829429204
2821.45846880176,2035.11101321301
3107.02126214457,1819.30914074852
3018.31028528068,2119.91921914151
256.659416974358,3567.84855177952
681.314191142017,3476.74107346704
1015.0287343992,3238.77521187567
1066.9147662279,3321.18863385191
830.977315128,2944.72279893131
1904.27489513128,2770.13481972711
1861.92372890888,2949.32756895492
1402.4557474749,2918.06776571024
1308.78316281352,3101.23812249698
1125.78258796339,2838.62528349055
1566.71156473536,2636.92130057951
1671.18607669273,2738.90153696734
2021.50068942406,2540.40657350688
1972.7314838357,2349.38850970128
2163.07032675435,2491.17639644017
1303.64554554915,2430.44779695182
1351.52846558531,2220.99529845992
1590.66076731223,1847.79711886811
1925.84815181166,2071.32820967094
1766.16543382921,1743.37558784138
2212.34019446577,1913.67419837249
2242.49818639062,2051.8615237112
2570.97531086642,2388.21069527761
2510.80365885765,2530.79390242859
2974.83514329146,2476.4104306426
2726.41526785987,2712.3947459069
2497.91775917897,2940.80048496855
2298.47848173661,3021.82419525564
1903.34928420229,3001.998932764
2092.51957577009,3444.92473031098
1037.12619898883,3652.50340790889
1321.84596061996,3540.70181925891
1592.34171888661,3311.35831024203
1813.35211160519,3171.21738715541
1915.51181521423,3557.45833204166
1821.50211617977,3689.13062458559
1457.21502720259,3721.00094793906
978.077305180488,3704.17445964109
1110.54974846106,3948.14398751921
904.697270071619,3591.37919837513
1779.23894077737,3990.01729424887
1584.90620809387,4273.02739019316
1393.14700156225,4422.6288218831
1316.59310534193,4297.82381466438
1211.64119504518,4662.52604055522
1018.04993608524,4372.68091423451
621.340503087439,4315.44609743695
668.88015694195,4083.33922827062
489.1674344711,3769.48085351687
293.944388572564,3797.75604193091
2829.91878575121,2851.77683398295
2644.86410734459,3094.24606290941
2644.4492234234,3381.26286621617
2703.45935766686,3548.82941248698
2231.38929548951,3539.80974454637
2581.54630831579,4504.53994187235
2639.71583890437,4305.58631922424
2390.5574753496,3988.80899298173
2754.27385382638,3803.56304735821
2297.42810729161,3837.92749214262
2181.3185569968,4135.32623426026
2067.5749113926,4218.94654449747
2372.12780215178,4598.56357923842
2007.01793108607,4773.18126875666
2226.07008822132,4809.02192765919
1989.1583549464,4152.15749849668
1812.245059256,4076.8254248864
1667.94745077061,4679.5085875443
1796.58570407359,4532.3879857181
1532.98327573446,4833.06152378617
1620.6122172799,5071.09875713853
1713.9559473601,5112.71542520013
2250.6867847237,5250.41136808202
2152.65770879203,5060.49607793898
2311.14344001453,5537.65815610663
2144.39060911014,5458.36872426541
1818.95042493001,5359.360650773
1388.05375663679,5302.01411350004
1335.88293355822,5353.25098338413
1303.43681373462,4964.33007009643
177.099819214925,5300.82420856051
651.349956037694,4942.38549703825
914.377844948545,5084.07631376366
941.243004687933,5300.19540621564
1040.85921548144,4890.32718153986
656.523678055814,4693.57766166
557.141219379076,4884.82578257604
220.196964216993,4922.60647733864
223.413922615266,4654.83847514437
-50.3767156226447,4861.64827184534
783.076726894843,4459.7500627556
499.92012701904,4417.72168450175
316.42316109465,4264.71360017156
130.22211295714,4354.62491111138
225.931087377745,4121.46743032131
-307.554494764362,4306.01573535276
-261.267465811949,4667.26192133384
-259.540142391129,4755.24961255443
-236.293881046578,4926.01374392409
-611.047769674894,4996.86858216672
-445.336106541456,5286.69069157065
-336.602785359628,5490.77237228197
316.497174380266,5627.83236382156
284.634709269955,5365.3250485571
185.925854547841,5689.10786817323
1265.08286387676,5631.65471320739
1219.42915811,5530.22219965607
694.150850948014,5659.26505951626
524.07466454319,5466.90026403957
506.080724093236,5735.4825272273
1014.34858153487,6029.5860872365
988.720262840419,5838.96936268957
1601.53149190454,5734.99523146659
1526.29342573224,6050.77219330639
1584.49655819011,5742.42775435452
762.153077830284,6240.17642323881
965.343727529481,6193.3039538535
1352.92649735714,6378.75539466841
1450.74501393354,6205.64315405094
1568.83409658235,6684.426180022
1798.01609285886,6275.55251607248
1887.79587182543,6259.10275328174
2059.27336190302,5908.5596009109
1749.81201276969,5880.71697984906
2169.8627421321,5719.03085808491
2919.18718686153,6678.15260801248
2638.02778926579,7071.56879325424
2349.50565187871,6687.3077249628
2287.45470471143,6640.27365940877
2576.02505791309,6550.76786352776
1962.3252245922,6873.14963267431
1998.18496996458,6804.37892085018
1841.10704811152,6969.13280376461
1728.18022988167,6478.68330139926
2021.4423910613,6418.25184095897
2339.60366791583,6112.30656972262
2554.6233664865,6280.08024087826
2462.62270347224,5685.11376282859
2738.00350475191,6054.53066462256
2889.22631241994,6166.26367677983
3194.28213000278,6573.33800935152
3031.9332603021,6645.09075591654
3360.67577509529,6397.85589473444
2834.37283900302,5815.62700228695
3128.8172087577,6003.31627281789
3379.32472184546,6162.25655855959
3519.14353975053,5948.65154410401
3520.68872402421,6189.65570054348
3997.16355811367,6366.99405085776
4038.2526573142,5927.0865686923
3654.50623369639,6363.91025506296
5143.02252822421,-5276.67121490386
4497.67378718772,-2429.67834879461
4898.93298583,-2633.31169812524
4870.83964602279,-3003.90856940221
4734.91136958892,-2962.1837518518
5245.22255586564,-3039.58443282949
4918.48573891627,-3971.95774277741
4963.43400887461,-3976.06345995906
5166.47535525877,-3632.14829885078
4862.70847644095,-3436.13317361959
5094.84259593446,-3283.57718551718
5348.85946484731,-3648.42939314126
5232.78212818062,-4044.29594221946
5203.64288488898,-4290.80180936518
5453.00396021816,-4307.54020643936
5024.60866791513,-4455.25314813747
5518.34209949448,-3581.10090953241
5679.89259665189,-3776.90289072787
6015.73428817404,-4010.24458423214
5719.54148841144,-4304.91939344788
5944.39359930697,-4224.9429349606
5802.8073257857,-4526.35656376406
5642.89294169617,-4652.81436337608
5211.65773275834,-4767.50957513346
5113.09908108955,-4635.30288688589
5141.58865650841,-5028.69470355892
4972.2977429176,-4636.94207048999
4616.60221050247,-4684.88047740424
4558.4461238523,-4162.03406649704
4856.04462454795,-4170.41217359624
4493.44448487307,-4074.42409763816
4738.68399116149,-3106.12938032403
4518.96053578378,-3228.88629886928
4500.52644411835,-3725.28244910082
4761.57982931324,-3715.02473035157
4319.51815028354,-3876.34374016983
4305.59216033031,-3489.14587093536
4245.85273731636,-3291.84641253116
4323.03883806123,-2964.98547249746
4215.83203255073,-3019.4228556515
4417.67572509713,-2585.77514152996
3996.36411916725,-3596.71003231464
3710.4812430102,-3504.421085274
3831.45363826725,-3039.61055088645
3959.421367896,-2981.98676915128
3537.44163127779,-2974.73800988538
3786.7342171824,-2689.17892878649
3990.6185445056,-2487.44496876078
4288.51968430576,-2348.31943677512
4324.28601992922,-2428.01812156519
4377.83528474549,-2151.53429759522
4862.65948651837,-4891.49012471177
4725.31648512979,-4739.62094662102
4180.52712076549,-4463.66264376388
4062.12672725825,-4544.69136507851
4067.11863114743,-4276.00491796668
3110.02217058881,-4277.77949082118
3266.48117276474,-4202.35515755447
3719.30629994552,-4182.33687228381
3697.72259449592,-4390.51597181674
3982.59470748884,-4177.8983085904
3716.81279617417,-3931.00452771552
3460.83240936387,-3919.16013343687
3017.83580492808,-3884.62523271666
3117.26401836875,-3677.8151992448
2912.85257866652,-3949.33441033552
3829.26379937705,-3774.95297676701
3720.40936252212,-3550.02602434901
3407.05972472284,-3297.09261351591
3224.5934383843,-3302.51708265708
3232.79495568471,-2969.60023138661
2994.80500770233,-3053.34750900382
2654.03551682697,-3274.2806708808
2500.93952118211,-3475.44319754517
2715.97617635825,-3929.34657567343
2368.79198279015,-3615.07835492395
2456.45021070548,-3508.54670509152
2626.0511859332,-3240.07817208188
2820.8640447016,-2943.96600998123
2682.96884958605,-2758.98175944347
3151.40263843358,-2884.97337500607
3256.0565268298,-2058.75567237822
3204.14082917496,-2265.15695062421
3229.1429311852,-2317.74143634412
2918.8025825421,-2537.75726573424
3240.32585484634,-2873.70813486368
3525.14119953351,-2221.26229168941
3304.1600886576,-2157.81411099895
3547.48643950296,-1853.24677878402
3713.94267768958,-1871.14146452409
3360.59142682308,-1424.93163182459
3499.73769896679,-2520.16325916113
3762.1607023101,-2298.82142862265
4105.71581980473,-2238.86788385671
3995.45026866971,-1760.29802207809
4267.38453358681,-2002.79939029234
4050.68242455304,-1719.84863649783
3973.54690833046,-1379.23198320681
3802.61606681058,-1089.39998026853
3546.35353206104,-1549.48865590565
3523.70373300132,-1092.71029791917
-3297.47360888478,-975.166188341541
-3059.14791585683,-781.886899230742
-2647.24904886332,-931.166976921494
-2632.46023943612,-1254.466531608
-2371.08716730851,-862.628045663275
-1726.44561700417,-1586.35637465642
-1742.85238381746,-1596.71323007348
-2165.66473386856,-1268.87714597832
-2253.89082838294,-1363.55306090255
-2331.4764789457,-964.644028255513
-1812.70672769831,-1206.96386690447
-1787.73856544924,-1317.02072133451
-1546.24310061839,-1653.82124458643
-1439.78234181255,-1310.10265020376
-1495.83421163637,-1893.43115932593
-1973.31157031197,-891.787434053641
-1572.92699549234,-918.071125596575
-1285.40715620854,-1143.62998982997
-1242.68588953009,-1280.4382733561
-965.923393268641,-1043.93153544712
-843.264594657604,-1237.81286996842
-900.368321165847,-1508.44698351596
-1043.24305550219,-1822.70996535452
-1151.52181093497,-1787.68254870984
-957.721143236297,-2238.92571160744
1582.7205422113,-854.919392243026
1419.28068053825,-824.314845583919
972.343366846004,-1047.34696765978
1118.78526654296,-1197.44697871073
796.467102033738,-847.119428751025
232.162751209929,-1610.11289919537
160.747668951987,-1596.16001793041
369.105546902057,-1275.05586571007
920.798726705436,-1451.96736478121
702.764870821071,-1023.72246477579
209.09719821061,-1033.26304928205
264.465161879434,-1326.72746976547
27.6307808579341,-1620.97974433274
-322.285730947997,-1416.10306240087
-190.08361881213,-1849.09511802156
174.667118592364,-1025.1066120182
76.6016142358739,-992.708152106165
-340.922766005874,-1076.54192414457
-438.239211035729,-1247.08367021911
-582.625494844275,-968.101874726119
-721.165568713034,-1267.57648954536
-577.220566642091,-1572.53593026376
-663.722895736269,-2009.8719226967
-366.163168183912,-1774.11473022679
-692.940162565718,-2095.69855490581
-392.886581007736,-2165.9946186718
-104.331852201198,-2166.03825166014
85.4947442407978,-2053.99163381891
217.041579837017,-1904.0632445147
380.623125642095,-1993.64239924926
1145.41049771711,-1447.76325325463
938.335455138258,-1562.22759035265
766.590430466644,-1795.36532804847
577.004592279229,-1676.3659183484
672.558300771385,-2015.44195166384
1194.42709104125,-1841.4463050342
1003.68015757061,-1774.19568181959
1397.19371593678,-1497.91844877039
1664.72150929077,-1676.33518578344
1484.1553464467,-1398.94086035622
1032.90556509741,-2182.44937888115
1369.87158955454,-2158.39223870793
1681.0435840179,-2086.20206625379
1793.92042362594,-2024.48012151053
1997.30784966966,-2066.93079655891
1973.64033156063,-1771.72469991408
2037.97131700307,-1396.48354597914
1924.26749028841,-1366.90019772531
1864.35306306322,-1077.3674352091
2012.10419049624,-1050.17240475012
-346.875117212569,-2414.25841265888
-117.746169325032,-2194.77958937851
430.402188224437,-2496.10620157829
161.296312899157,-2518.27539511356
548.853630063421,-2325.9807649144
1203.00943484062,-3122.54867697498
954.329290317865,-2898.23812144698
697.577075159286,-2589.16232967956
589.063873292758,-2838.47807079311
688.465321544713,-2571.11769121872
1024.33165733987,-2532.83788382139
1204.58897766264,-2923.92595440301
1261.73483569285,-3006.48543401112
1783.2508608935,-2981.93438778473
1534.678690479,-3253.26079486085
1191.3352153192,-2439.31775615101
1264.90571148991,-2219.60256743852
1690.50700504251,-2366.25097665968
1724.92514927466,-2713.10621486281
2073.71338429693,-2367.72354601723
1996.76098510058,-2718.5147327971
2125.85610084671,-2963.51278762402
1994.91379708725,-3263.32959913881
1903.78714574124,-3353.5760779388
2101.61410148589,-3706.51089882547
2233.92557183592,-3275.74126674678
2366.3405710632,-2991.06601646184
2465.77283855079,-2682.6665578826
2565.88276946476,-2715.34622645172
2249.53391369066,-2463.24281373172
3024.82954326052,-1710.12105753493
2854.8652205288,-1930.18639239376
2519.50275631094,-2135.40151383484
2700.57185293645,-2417.71629655223
2346.88256162301,-2257.59779370028
2410.30985382166,-1737.00141493105
2547.3412524605,-1667.38442484593
2749.02418133181,-1600.09677449941
2788.84922926024,-1364.92927984437
2949.10519823817,-1465.65447980098
2285.61391588695,-1839.37332458529
2361.23953614226,-1686.7386808955
2338.78695674371,-1169.62903798179
2686.85581495343,-1080.53590938083
2232.51284996471,-955.392342969389
2752.50663456796,-928.398748530127
2686.0093249107,-783.828334853214
3133.98308543901,-984.114960682198
3159.88738658397,-1180.81722868969
3314.08480643722,-955.514285864209
3138.08523604558,-624.782561089894
2797.13434604159,-615.131441619945
2488.23374633772,-560.696876517598
2361.75080290506,-351.299804074393
2457.83381603914,-683.415487682154
1634.12291450549,52.5130309191938
1884.20047931329,-22.7625920415164
2043.43610597736,-372.173396187425
2211.62095178977,-277.346867998864
2045.96189404336,-733.764630291479
1718.92264852247,-336.763350126496
1632.8062912535,-307.549707356928
1379.99015119518,95.5054618428265
1195.03553931238,-307.219261038756
1214.00822240155,185.48552127546
1659.65753026713,-686.647256637778
1445.11376869408,-584.156893428669
1130.80267793025,-519.961430880143
1210.32869314056,-352.230846283721
829.139519196978,-724.556977862491
693.965000543025,-403.344027372335
623.274119171957,-178.835542624555
864.901856128588,229.517445106871
1022.07761593201,101.824432225129
755.391961084841,494.721565783353
-1824.2404954753,-872.217958686988
-1575.31978885401,-797.278966242071
-1334.70212292946,-686.56398416637
-1208.37539625394,-402.379600317642
-1052.42763503644,-688.212893069237
-195.642952451794,110.526750402488
-470.25521885788,-312.800147374722
-629.806987135687,-315.153261342462
-777.66086293378,-329.69963045835
-824.120944670153,-643.902458254447
-376.100268948664,-555.233138969236
-273.999565792905,-251.266771736384
-137.636300369215,51.5457966506934
290.383042373991,-256.93523525806
114.577598129579,246.037511229646
-345.170646061922,-667.016245300094
-50.4925218162328,-805.292554763472
281.387868091496,-587.30751594699
239.381025981794,-273.882138724903
420.841235586219,-640.157067401728
549.351082443084,-439.755836248048
437.656930984258,-49.413401267564
292.287875695597,184.59076135905
273.581413714435,362.423021916352
480.503548251278,556.929579372951
222.377475364141,503.670062108486
73.955369003672,718.5225033366
-398.928799586503,461.041258724694
-397.937059169444,231.491581834767
-644.464735261105,500.368138500207
-1284.45185356462,-170.786036455222
-1048.32373507934,113.080461168153
-756.989245156385,239.63665433121
-805.964104225253,114.534960319162
-932.382121752664,413.049242956733
-1185.14057720658,311.727062127324
-1323.60792352028,293.930435724355
-1494.41482645042,-48.7825962149691
-1791.64547196989,-26.3700080110999
-1784.15596134399,-298.446659115605
-1277.54334613685,546.380850211389
-1454.81507879059,490.761718404144
-1778.8270861136,606.519615572578
-1830.40878274205,201.736083868175
-2131.76551608747,468.416716903201
-2143.80907730741,180.448370411838
-2134.91838746274,-89.3263533127294
-1985.92029601264,-426.685761719863
-1813.9554307232,-495.347902837211
-2013.43320397129,-497.187600340571
165.532753874885,878.340654804265
-28.0354555443419,750.329064870639
-363.894731257582,930.010479978572
-246.166327130398,1095.97916952904
-718.92393111197,613.575638737731
-1385.89493489078,1705.79026388038
-1213.75758810371,1508.94561828465
-1035.06048391148,1197.51911491449
-710.932325322237,1227.59849560575
-837.039653012576,877.921201276345
-1362.24681678323,927.249472077673
-1302.17493378768,1160.6492906274
-1438.0215094889,1435.80421180662
-1908.13141622033,1291.23403673002
-1769.44777096578,1759.26849828181
-1209.62770459743,809.687817519629
-1496.88464133375,751.418986850262
-1813.06963332382,765.155365222683
-1843.29767572605,1162.52043861992
-1999.29145077498,737.517639906869
-2292.33565733588,1217.45244093722
-2277.8034434848,1321.56570286416
-2022.91796232056,1560.75670252041
-1898.3190717444,1692.7999717747
-2106.90813891546,2095.00178979415
-2288.47709526209,1767.27687857779
-2394.65233985034,1475.725372585
-2429.37805593609,977.261248753233
-2664.48826886142,1062.44863059178
-2360.96106285912,763.802099575081
-3006.88043819424,258.543108763688
-2933.02559252004,173.651709931064
-2616.54355985812,580.492189198145
-2848.42178886963,742.814701307712
-2608.94600134293,653.81446029879
-2552.55590795946,246.244152105538
-2877.57429449213,201.635041176745
-3137.27771037201,-245.523669863345
-2934.49787538023,-145.753864254469
-3312.03788630592,-53.0987718598382
-2355.88456295112,177.798846398931
-2338.75755592746,-101.438051943599
-2477.04409406118,-305.515387640501
-2709.16512258295,-408.934463804922
-2412.47890906687,-577.255674850878
-2822.73998923174,-742.027185024625
-2929.87010316029,-634.864145457022
-3341.98309665429,-624.334301873704
-3344.99120557626,-367.866715249295
-3742.85170295282,-619.822918830849
3219.43075780827,-529.790449127068
3071.82598913629,-297.313428697178
2789.02295950039,-197.356945358745
2534.69978197725,-143.515053486582
2853.54796711827,177.160416788008
1689.10887252051,217.04835910801
1974.81042210372,234.139820346792
2370.08341227376,284.434219389425
2238.2494893097,-39.7079497541085
2589.61713783476,303.249181619978
2139.15018396988,579.994851747127
2175.83888312479,468.785628657879
1807.73962477554,564.689479670181
1712.64490338113,673.077963097175
1388.87585328769,516.788895509249
2356.79419189033,682.996834543949
2246.0232501683,871.920319381532
1828.69372666068,1036.95762720537
1751.13829836521,828.246287484739
1839.08221534187,1371.0100385904
1577.46400969005,1033.2873297333
1324.75769144283,1195.35444565104
1107.97780798428,765.421961964919
1264.00253390395,598.923686193829
865.763898860576,693.191724192453
374.738460438733,3295.47090489811
467.864302677533,3206.32382893017
550.515855337367,2920.71851563785
407.565281774005,2662.22677347758
619.863601989744,2744.53100568039
583.674935265051,1714.01819194909
556.705051941244,1926.41739214091
767.437346228195,2554.59276586514
623.72513852799,2501.63834652571
599.10959706215,2571.12446777655
945.171077659023,2350.45729902896
924.344426189701,1991.95248232044
817.937743275241,1653.82498920013
1162.80498002887,1676.46598844772
829.512247362004,1552.19636582355
1164.29205348998,2231.637102885
1249.45441953211,2081.07601431959
1630.03610116746,1795.83698121001
1198.77207240589,1529.02192423248
1746.70021165475,1597.22338382009
1452.94067644054,1287.13917101859
1193.39277711155,1352.34471726633
928.878919970475,1076.60495083263
744.238191247191,1333.27263945547
786.307239981386,792.639504777724
436.891109855602,1112.97825540502
317.408307964268,1287.46443603511
223.840330770882,1785.02831777411
396.328274708315,1717.95681113938
41.8518638139452,1836.75855105836
157.470266851677,2840.53800979522
161.929086328173,2733.60453078936
-109.214658000678,2091.68812646402
271.302803847378,2107.57320328103
-108.057144991765,1821.80518726911
-199.530525737452,2321.58325917973
-134.592336967101,2522.27536793428
-90.4967211756043,3046.74360855202
-378.807439389784,2931.64177989325
62.3162326823293,3102.18950888052
-469.007495885711,2270.27899609559
-587.65938697879,2385.00175220419
-631.699480084133,2883.14962870688
-468.57839437332,2894.19421185859
-898.891463925524,2905.79634866827
-649.059460846437,3170.68105961076
-391.989563303171,3395.03143082105
-337.982819264201,3483.49228783338
-16.7119987157318,3211.90804457922
15.1096365306508,3614.30689323554
460.141168588102,897.998693737808
102.858853965083,1241.10097027967
-249.519093201931,1350.02510784063
-388.909862714768,1239.53000238171
-64.9133035975736,1590.49409067911
-1379.89413163297,1734.63831664271
-989.529370410792,1740.46601100263
-736.602940209249,1609.16837182191
-699.977913506163,1485.76035902944
-343.678309593127,1661.38613083625
-635.258587034903,1793.64168542535
-883.559013648288,1978.29286477594
-1291.47120235721,2017.34956971085
-1243.20475002841,2320.7526777435
-1623.89877760659,2069.9222330898
-708.897379108371,2303.03982363754
-619.447902104263,2315.45142482156
-902.743027127164,2670.60048780275
-1259.41819922302,2549.20860251298
-1207.20501397309,2751.80773401913
-1493.94147899997,2670.20444507716
-1784.47441660809,2505.37033659343
-2008.60399171069,2199.24624584113
-1594.91999256307,2173.13355465184
-2065.19183441675,2270.70354531753
-1970.84826353207,2516.32181090128
-1783.82506569321,2648.40193966403
-1535.98246897887,2839.39140583335
-1667.49817733998,3220.2508764433
-1146.94303399289,3087.39067905382
-1214.1966254151,4011.0133522135
-1225.52016783573,3783.47348556388
-1123.91163450332,3398.95967517567
-1678.40152763659,3396.29601854185
-1382.89637674392,3152.83796161014
-937.454796681193,3547.421823109
-964.880451229998,3656.11159667136
-877.657377254102,4150.06748791868
-722.559127442091,4085.92010370204
-881.59633968814,4173.21875939162
-723.429062312534,3419.34359529789
-556.294526458249,3669.32927003047
-443.300190489641,3635.75915298212
-490.480440441707,3972.40199110858
-114.287059769088,3902.98559740261
-371.8885776852,4088.1723692457
-288.816286314267,4267.24706388827
-563.108043662205,4697.62953314378
-942.828934443735,4476.56170263024
-918.667085293708,4754.21794273695
-977.765953619282,4786.52371077012
-1328.00256072621,4538.6871148425
-1615.17251005264,4406.85987646492
-1344.70930638684,4216.78551761216
-1778.30025416403,4203.26196485413
-1881.4535895051,3021.16259370963
-1880.21996112501,3295.9137297129
-1860.63126969689,3682.84025148831
-1610.06534343446,3805.57976793004
-1866.01080362404,4008.52903502853
-2102.34571621051,3672.38310593378
-2049.75817283685,3434.35775525589
-1989.62154665398,3039.83168790488
-2335.44707310337,3226.19585947014
-2061.27352443202,2885.32635163216
-2137.33660754925,3730.73102946398
-2565.53055742838,3714.15436352103
-2695.89260687499,3384.15013816131
-2586.56362246506,3192.83475959067
-3007.30678644618,3243.52811916792
-2764.67097369872,3016.90989310746
-2659.76582410566,2946.79794501683
-2457.52355863338,2429.82578603754
-2210.26728260301,2695.29838523813
-2291.1980193983,2352.80170139352
-5032.00612059484,1878.86440350524
-4745.39539230691,1943.97348834002
-4538.07825361169,2046.38405522251
-4409.782578749,1678.51912380832
-4476.22108179132,2186.02012325934
-3425.02900062853,2024.4555207402
-3795.56745394128,2096.66532754302
-4036.68605012976,2121.24057406106
-4132.67749273477,2110.54199193898
-4215.80519896685,2285.25738353371
-3893.67528342767,2487.89449214746
-3727.16434387808,2334.89176088796
-3326.82950997664,2345.50043095351
-3214.02845588764,2374.93876810771
-3060.74635360954,2226.00743193176
-3855.22919998908,2628.87146160215
-3700.11180490141,2939.97145640695
-3406.35142616261,2863.23392352645
-3241.56123627554,2845.52312152593
-3237.76033869655,3114.07794020547
-3086.38634449345,2794.32546026229
-2804.55580870056,2666.7855233963
-2510.93536626712,2259.14660093954
-2845.16571511817,2213.68673898512
-2494.20442775896,2075.8433048937
-2670.28476547047,1930.68580606979
-2957.11056569468,1871.49516977544
-3158.03529848941,1551.73657988422
-3454.20522340595,1686.48557932665
-3465.6719228609,1582.65053456745
-4491.02965795408,1709.31611165434
-4106.29616777117,1433.62040715814
-3673.76263913381,1695.18125921821
-3897.91359537375,1699.06477233972
-3549.35106177207,1250.60141497595
-3966.17007932074,1254.28641238994
-4098.2301303485,1263.15530238153
-4634.47824946006,1536.38090955963
-4531.93195709881,1329.94765762148
-4779.50142959716,1527.01517075666
-4072.68035643739,1036.34762408953
-4046.4602958054,750.125652921514
-4539.85979911217,846.301617729205
-4525.30432164324,822.393836885752
-4538.04127275183,569.471601895044
-4957.42773949111,937.022097911274
-5020.43388843869,1025.81284990284
-5161.88478425541,1239.78726415594
-5095.24855434571,1431.92180563989
-5282.63682544392,1651.65601540727
-2674.54058499278,1653.33213159972
-2720.07969127319,1504.60075828349
-3044.19739948597,1311.95141163034
-2770.10839926482,1239.88344765133
-3224.82696311062,1258.18304365211
-3345.28765828608,254.499173221521
-3459.78210546902,455.933546767308
-3387.15616384498,785.348338478165
-3093.77374802249,780.976552347528
-3342.81277103739,1070.42576888616
-3373.70458986001,719.538712864371
-3563.04941749173,623.55486195002
-3496.97446553132,260.424119965059
-3931.3126118058,272.477510986951
-3691.21055592661,-51.1855504713132
-3795.20675757922,781.855039520412
-3938.82660236685,778.281536623593
-4157.54270363539,504.961880531656
-4085.66749211251,111.918772991902
-4377.47492416304,211.539155079663
-4199.58865508021,83.0965538231972
-4184.21242720931,-19.4258802123855
-3779.75468252406,-293.135194249121
-3788.39145591515,-362.24934331984
-3746.982770021,-740.09101580449
-3976.51059451905,-380.422207492776
-4407.32180485371,-279.619201877643
-4523.06162175872,-86.8690595164858
-4718.52336133991,-209.759149518011
-4485.63070912054,184.348119658484
-5645.59522798589,181.531250976158
-5411.07499108819,255.55275679986
-5049.38270555133,192.729804149301
-5088.5549977305,15.0770178451231
-4867.93836801313,434.183938230242
-5241.82761888546,402.470495207545
-5345.19809163603,640.85109247551
-5694.96811730779,550.824536051789
-5645.79275801778,910.601797853966
-5935.96869563292,429.134623577226
-4878.5462114427,632.242111353785
-5054.01906982242,1020.93869739402
-5400.27174365428,1113.69594055048
-5699.9941597704,977.48834098205
-5356.61473346002,1307.26178331522
-5993.38687137184,1264.63532535042
-5990.46470594379,1115.49670954744
-6314.60584011292,649.73444189076
-6139.03404844922,493.197141363498
-6357.93682659177,593.143256062893
-6325.06372334609,1077.93126647716
-6063.20168992033,1303.93862114244
-6015.10659732185,1437.52202398865
-5975.32904104695,1552.19422060278
-5581.64775627778,1585.2370363664
-5601.71898923455,2551.31326130399
-5562.5867081146,2199.02036584818
-5542.00199151837,2082.43405145665
-5943.04840286171,1925.418341478
-5586.94068544048,1809.77369402179
-5456.74723597481,2155.09705416218
-5408.60078412587,2214.06191324679
-5389.42717161893,2519.66905950407
-5156.98921549242,2474.75959431165
-5200.1901484227,2834.22408312944
-5339.75167437263,1896.67157669427
-5103.41376933955,2129.65185297806
-4863.73702679501,2301.55479992646
-4942.41985231107,2536.65696777759
-4487.30480307309,2481.75342395899
-4840.8576432184,2644.6414020726
-4885.92197877756,2921.23687742525
-5207.45145211083,3096.71343863709
-5142.84159550258,3046.4390138265
-5178.86816805938,3235.90272756503
-2433.84148421273,4054.31741861703
-2745.78555826371,3876.48688586721
-3011.48349353038,3631.94101480498
-3066.52214740599,3894.42373089616
-3134.10749274965,3473.69399424871
-4136.61269487848,3530.24814958476
-3880.85395663359,3625.34100108048
-3417.50210998316,3514.81575072055
-3449.10037070403,3814.36847983501
-3258.13463061458,3449.62725135419
-3613.97846569567,3149.78345718373
-3831.18642685148,3466.29011230679
-4235.95583988114,3575.78192180284
-4137.31954081427,3179.29237062703
-4490.50025654354,3584.11296386152
-3626.45040241156,3123.68051653292
-3925.05939028902,2859.89790847701
-4099.3698173527,2703.29461543528
-4328.28797862747,3084.29312519709
-4288.79027150261,2818.77888704937
-4384.26145031962,2762.5490609878
-4672.35628516471,2911.76274848779
-4799.98742411357,3371.28943372001
-4585.18961010056,3357.45545479642
-4898.24376131276,3632.02105839587
-4820.90282061735,3673.44387429776
-4632.28391941212,4124.02652769641
-4332.00752416885,3998.48692929698
-4056.80259843157,3969.02236025561
-4063.74968284423,4307.82080136973
-3155.03725227728,4100.09181807154
-3180.05770341504,4244.77799986387
-3781.73829638304,4087.80872885298
-3570.69910353556,3985.56365232757
-3990.94306884147,4239.11855279958
-3510.73990741332,4544.00911976646
-3423.32890252233,4324.93928882071
-3103.79783998404,4315.84985953444
-2819.33685343911,4442.61857916038
-2697.97354122224,4196.39251136192
-3532.24987401708,4699.60136045786
-3430.83480360989,4759.71440378304
-3239.80397485964,4856.27479582866
-2960.59148724034,4812.45039903132
-2993.51556421352,5278.56253128913
-2754.44937980942,4886.14911985755
-2535.93783860596,4657.36398061127
-2384.86800909608,4349.49067682163
-2558.76560867884,4369.1608838647
-2353.58887444202,4325.72358346332
-4959.34758921668,3930.71652453389
-4812.0913144932,4144.5011333485
-4490.4380040492,4529.33221870836
-4519.19202027095,4600.27388114356
-4233.93630352192,4520.61698056409
-4287.38429175628,5510.72774699877
-4291.56767072116,5323.60120898849
-4302.15195451265,4875.531913996
-4389.48005904869,5078.41035819696
-4124.30109776865,4851.01136956844
-4033.8500991524,4796.21402648826
-3947.90055891235,5159.70425571057
-3881.18154514648,5669.39305774165
-3624.75257912073,5531.1173118801
-3863.37389248454,5653.32732336723
-3575.99023128059,4778.9839843633
-3369.40012889054,5056.2625059366
-3286.00379470563,5322.27101459101
-3384.59238164608,5394.71636081491
-3101.92701181738,5309.8679922835
-3263.65541338158,5766.92482917937
-3309.35379090478,5963.75698952703
-3528.44379002686,6031.26729132545
-3805.02709192601,6126.46926246252
-3664.70233662803,6341.76786132392
-3504.86920826598,6189.2762118635
-3371.96015745639,6145.25265902723
-2795.4006824141,5824.68879737441
-2869.87433506969,5802.7618566505
-2977.32302811785,5637.72754580776
-1873.13756296167,5519.75625382868
-2137.678698483,5298.11240037873
-2451.01807871169,5559.62003310502
-2318.89371470231,5835.89317771842
-2672.55983100537,5476.42679144348
-2439.47300717466,5363.25982583906
-2053.47227509724,5239.83109769641
-1794.26243211087,5326.35505233347
-1851.78811247813,4911.31715733576
-1635.41523166943,5376.0452094463
-2492.51573454564,5055.22704772091
-2336.20729103422,4972.35698859052
-2146.30579320601,4786.75663976238
-1868.45132457203,4686.12707627702
-1891.44196260508,4392.52409275513
-1618.93062529497,4546.11406748934
-1425.34001597789,4671.72111155908
-1327.46408647693,4885.80611203838
-1553.03900634381,5098.67638501412
-983.152506764384,5096.23216324674
-1077.76934271577,7021.63350175214
-1049.78295819463,7305.76448824694
-1622.35169015036,7186.00219159862
-1844.62102142566,7105.8699413273
-1307.15855976674,7207.64553669571
-1967.22549721797,6827.04120457164
-1915.48965388216,6870.66858145752
-2324.79934435433,6629.2047611074
-1845.21661914691,6597.90763926805
-1585.27443590127,6605.24097665538
-1130.47255094949,6551.19536718843
-1304.8845830849,7022.49080202847
-989.789277670994,6643.90604230652
-2270.68824195027,6908.14762709597
-2723.0671003695,6945.25093515912
-2259.29622122957,6743.86431707477
-2749.52262609258,6659.47524064836
-2930.54790147971,6634.68602391911
-3180.28300170496,6384.85126454213
-2907.88037337193,6457.77464220655
-2608.58265462154,6265.20801917017
-2821.80874461273,6192.34487418451
-2357.51746731675,6365.43225787908
-1788.48791383767,5679.73039650637
-1899.4885762586,5878.82014328671
-2124.51805281412,6080.78170172793
-2364.17589272209,6091.94641133532
-2262.5513588178,6358.22078171135
-1785.16762019711,6309.19105037094
-1867.11442327492,6041.26455643034
-1493.14160321229,5787.13149016729
-1287.50160427431,5895.5785924698
-1510.89750813299,5452.40732010183
-1795.27758158981,6515.152733679
-1630.86239215918,6511.68965780433
-1218.25999468023,6349.23365780503
-1092.84316652369,6300.47091986014
-808.140231122127,6504.08063312777
-854.469447780235,6239.1213219671
-1004.77711038261,5923.49381969897
-971.960440951898,5535.64840650757
-1038.57191675897,5566.68900150313
-857.502199831304,5190.01435820848
-728.59291544646,5538.37621672811
-679.193052748324,5757.33127674955
-668.580353697894,6112.14053332335
-452.774212916847,6152.54696319906
-643.240279147528,6538.03787498991
73.2332710480679,6932.54511317903
-151.268895322344,7076.65446236288
-437.45500364665,6526.03139902052
-258.635184873402,6369.32507654929
-594.763253098106,6676.75307920115
-530.528554761786,7093.51209855308
-259.42451326702,7048.09616812687
30.0024485210289,7345.18857866912
23.5892533433374,7455.22005203219
-711.838947424402,7042.11072547635
-697.071514522168,7213.27449758901
-504.197682408826,5363.45989992045
-454.056892971934,5622.64632483569
86.8280713879672,5835.87982401556
-285.806096746438,6207.8058996685
189.925533237231,6128.51254242238
172.46357105513,6975.95377964303
137.963657072578,6746.59382389072
208.216754361642,6545.75229458191
20.8231553504161,6193.29657861697
318.400331954242,5965.46499887884
507.743721869655,6474.50352818524
486.784559083243,6691.82809962485
584.926130632753,6948.2891538555
815.338267492064,7130.90335323816
439.040938292814,7260.30935989745
534.525041315001,6380.88777784935
867.293614778947,6444.40049920014
1116.04838798587,6668.24544526659
988.570287519219,6919.07126623853
1184.88532684215,6757.86470172747
1116.4587008586,7150.62332372286
1073.39417077688,7489.96469366293
582.729743766179,7355.27575416878
1827.17824654747,7146.95980028697
1673.9467692397,7187.31437519392
1386.56598197826,7276.4673334621
2614.57573488824,-6730.08065965012
2754.66993002666,-6730.5599696368
2253.10563276609,-7156.58190300581
2277.07458929186,-6736.97424707308
1498.37693040883,-7199.94266025275
1320.37734368905,-7219.556281956
2003.65337653009,-6911.14586296193
1770.60911336384,-7020.50904255512
1911.14456056422,-6788.00768433228
1659.7463432389,-6804.07127051924
1449.78387905979,-6772.75603402555
1202.03574960461,-6818.07582095829
964.382328557654,-7119.10081517186
890.393809204032,-6845.40000219266
276.015276920337,-7390.94764531367
562.052482430535,-7120.12885819848
561.236061745233,-7343.30797366605
509.199950958074,-6817.87143433471
297.015802281595,-7035.15231159935
160.051625860268,-7235.69829681444
-118.240295311971,-7372.75363598097
-273.592234479763,-7214.21807322896
-594.534079426394,-7464.19640876847
39.2018801127064,-6871.17648656377
-169.370646838636,-6824.58902018604
-459.955175841323,-6864.87641577267
-358.552656514725,-7190.58348587031
-756.308766418809,-6818.5593137574
-1183.01217796491,-7472.27814486033
-820.957437280012,-7037.91037947382
-774.589703090287,-7201.97563996316
-741.993794711975,-6835.41720109053
-1211.47168128372,-7088.66983410376
-1305.08626590623,-7361.2179255844
-1239.7767264644,-6666.77845684083
-1517.54409181958,-6812.95233694282
-1837.88000331625,-6986.97292846579
-1852.45706928043,-7109.89337830415
-2174.60061522403,-6849.69623329721
-2277.39752048932,-7031.62374281368
-2996.09349655147,-6709.08667559306
-2535.33584941574,-6799.8757834888
-2578.43387712535,-6855.60610744477
5086.25767753672,-5480.35368490396
2644.11422423533,-6669.40920657876
2869.87052143163,-6594.8148485535
3280.18039790723,-6445.17369728923
3254.26796423409,-6326.95484891677
3379.01028363566,-6666.01110048687
4070.27998500509,-5793.1847257221
4017.55672889661,-5883.92077604817
3767.12713866349,-6223.41161479121
3575.98216134129,-6194.54731199212
3637.53078465215,-6669.77366996054
4126.69380891431,-6195.20930271633
4300.31919988347,-5908.14265150929
4421.25432798893,-5770.24385575503
4927.5682682507,-5670.80321261568
4749.26212343527,-5610.97434918422
4979.25809895802,-5428.64862213486
4577.03731734262,-5360.06709442357
4437.36869798182,-5275.32180749195
4013.32462056253,-5399.03711981592
4082.06785072412,-5724.94300867571
3863.12403420748,-5304.44262969443
3101.01541090467,-6255.53782075645
3223.93273459173,-5913.86027368224
3611.85452467326,-5794.53408032092
3548.95668291512,-5861.92384604633
3651.05935524413,-5512.39546176029
3240.79514370552,-5674.20215459777
3095.8953105915,-5708.18411262507
2774.57798269262,-6064.59859021008
2469.11893348154,-5865.95459599528
2729.37896741157,-6154.85297574584
3133.7313920444,-5285.38300859232
2845.23900373659,-5465.53148756499
2556.02437695092,-5399.11622311009
2686.89108716405,-5535.97953645318
2173.09692783283,-5450.4349425494
2387.48044554034,-5834.11997299222
2253.4488981204,-5940.72674728357
2418.7715958492,-6341.27507793455
2550.36830511423,-6107.31619260664
2139.85088237367,-6669.30058764701
4626.50349551953,-5277.91775533594
4414.23970037561,-5220.98509818417
3933.69222425626,-5033.24333993156
3977.52014223901,-4860.85453920719
3762.01091121498,-5057.11487704534
3239.57793197847,-4328.71216757436
3208.22580599795,-4470.01405376756
3595.76198339946,-4914.38956861262
3587.55866430973,-4630.07255851557
3553.32864875491,-4913.2027582918
3191.82118843791,-4830.45334545124
3059.32389520921,-4821.11983746575
3014.57638737508,-4476.4593012728
2678.84092028857,-4655.88670612289
2762.33936705808,-4254.94803215475
3117.66798434569,-4921.04256587753
2810.07477949931,-5166.01144205469
2474.12128624496,-5105.15223452594
2554.90722257343,-4999.70668509325
2311.32314535856,-5099.78197711703
2364.71790030465,-4813.22855377658
2221.24808543124,-4430.25055074831
2406.70934872256,-4107.22632348505
2443.89268461315,-4190.74342533896
2271.16261930041,-4023.41128742876
1841.69532987416,-4202.4624886682
1918.16546274844,-4554.56033481351
1810.77950462232,-4864.88888950333
1679.49718354236,-4647.82343614963
2111.08174489138,-5165.04511551232
1127.52128946934,-5639.82597857628
1464.1054228177,-5586.10200382031
1796.2953796391,-5406.36582441049
1584.76494645577,-5032.4939048635
2002.72457400825,-5310.18925263449
1990.75744629738,-5578.36694272363
1483.65072003869,-5752.73576365037
1381.69673165658,-6043.79689372644
1567.89194598109,-6165.16895587003
1160.92368898916,-6195.82758535731
2051.55257637845,-5757.01512184109
2090.94226238999,-6005.16135251442
1852.1479253368,-6455.31490298238
1927.99607323008,-6269.2839040562
2111.21516481642,-6395.19864760789
1654.55616771173,-6603.67681028415
1449.44700133628,-6419.75810505813
1078.88677496455,-6443.66660667864
1053.57002067504,-6430.00890519276
938.684484193561,-6534.54603426054
-3375.26544741333,-1001.10758101421
-3287.22283947406,-1301.66728640164
-2872.83360450764,-1675.58486203584
-2837.64274256396,-1377.03006918992
-2906.40700191113,-1674.29515669394
-1863.43059774225,-1891.255373993
-1956.79956551422,-1989.08112405653
-2421.86335236045,-1728.84218599779
-2319.2679820748,-1495.57616694243
-2678.25874876533,-1866.5971050283
-2591.52300058709,-2096.42737882973
-2027.82772278715,-2233.23920736967
-1807.3641980089,-2212.63788146557
-1815.99277471866,-2385.0867374581
-1607.68386852336,-2265.69982095871
-2422.19433327448,-2190.91867121147
-2348.30351235129,-2672.01361094761
-2039.68557072351,-2697.01331829756
-1849.08778946439,-2551.64674358098
-1876.16197383916,-2974.11768005992
-1674.96809948095,-2621.32720791982
-1532.38594357421,-2805.00985691254
-1200.53540052829,-2463.14018661483
-1478.69712311879,-2361.16415387357
-955.860571216547,-2288.31457735652
-440.405264911377,-5045.46412460362
-494.6105280658,-5000.36979169646
-667.00438321523,-4496.33270628851
-613.748643499151,-4586.59818644263
-869.508106907647,-4449.09484876795
-609.765451398009,-3463.50558254631
-658.257886775913,-3646.2226654184
-811.711614718719,-4004.1586037261
-670.361674537597,-4106.50287730831
-811.88017960008,-4208.94690200285
-1179.28366724613,-3864.70830176385
-975.870105373562,-3634.67528528367
-888.332242836401,-3394.68722316746
-1026.57798832307,-3257.17847905089
-818.529865539912,-3056.69041357121
-1274.01115933931,-3866.00676068044
-1407.83012128199,-3722.20467628897
-1583.30611319776,-3371.89945409275
-1269.25058150119,-3357.46483499339
-1796.84056209055,-3219.63973903246
-1521.52262579131,-2923.13165179527
-1174.85934859398,-2907.46253786752
-1154.71754551746,-2676.53320413621
-883.981000416842,-2710.78872217432
-920.435777062038,-2322.86771820268
-640.513743694781,-2807.61508659286
-541.321854002628,-3051.79714314941
-290.571045846859,-3235.97060363969
-407.421978175421,-3252.93975426886
-58.0547322657271,-3326.51561714625
-391.326182319667,-4436.08680233827
-337.912481665573,-4179.31923849531
-208.88433049937,-3742.42419984478
-449.61286244177,-3771.87222450297
65.3462772338054,-3607.98763539663
-59.3584808426537,-3929.85465612495
-173.575761126599,-4256.60138075565
3.97672708832605,-4637.9179590239
169.802747982058,-4489.15962121432
-231.854703716171,-4727.87000144515
442.864532570218,-3923.24207278641
567.200182936277,-4135.18765083735
415.283962943005,-4471.4362322984
319.286220036557,-4446.82152599367
914.356217571583,-4507.28824484618
371.016042472636,-4946.10708095939
511.691900444611,-4933.94662839958
120.067112253248,-5232.85131413838
-183.935567028033,-4905.00486441648
-224.388635479461,-5392.8211588977
-410.75140376211,-2672.50080437006
-363.789643035664,-2702.77236613571
-55.2774276475853,-3173.69366683369
212.036025754371,-2792.14080042468
92.2895212273444,-3177.38546264065
931.367972614989,-3333.49391370401
982.562550059944,-3363.3700121941
594.033113405303,-3311.05855601821
483.091079622583,-3131.17741845499
222.831283139626,-3340.49653826592
423.95978089494,-3529.58861844084
725.746663580464,-3442.17445002162
971.404219411921,-3709.52641869479
1101.57365361546,-3793.91114865292
1462.58462276616,-3617.59972332114
448.205540193007,-3765.11605646952
589.212295789227,-3940.88229273567
884.52736533048,-4326.02342447149
1048.14390533706,-4196.03118509302
1002.51950446674,-4398.81640504101
1286.66946600156,-4451.93471133498
1393.48418139563,-4145.69749640733
1847.75818985332,-3779.33122884573
1427.41546235284,-3561.69451194495
1774.99021084026,-3641.87836334111
1662.92780542802,-4102.37686155093
1668.66056298047,-4342.7875403051
1289.57755909264,-4547.50960087249
1611.17067893418,-4733.22717194785
1013.29195881869,-4621.61771965226
1197.15288874322,-5722.46506354374
1071.22260818672,-5404.98934551169
1097.7594464044,-5026.8936159416
1430.26984897229,-5048.11377856151
1068.28627109262,-4811.86625975951
855.734433571014,-5103.53367940201
953.673786516528,-5318.69336731497
774.160685228568,-5696.46274100194
504.362183661856,-5712.53131005152
777.40620016132,-5918.75322120054
694.807122590202,-4983.70473146673
548.079504532212,-5318.37351143222
379.505673334963,-5403.95971697836
481.614747000327,-5519.28263953763
-192.511882030496,-5431.62825706715
132.084374489727,-5837.05780741299
328.320091512995,-6056.35258927011
460.660681886187,-6241.88693533998
739.995691101881,-6122.15408868116
633.724202389681,-6530.71969490539
319.514985053517,-6516.66932210252
153.576748272225,-6141.67708909213
-261.512373449731,-5871.09215342815
-271.390970147256,-6064.67561695159
-194.450749730679,-5618.03643410821
-1173.03582135357,-5636.48173327044
-867.611173147755,-5707.90228138167
-767.832570809216,-5728.06784334613
-817.06632798082,-5926.30420971938
-418.522599817913,-5587.78732629629
-687.741876461978,-5499.19541772737
-911.311029584806,-5390.81236644239
-1187.50460905084,-5482.06013832614
-1332.40788579506,-4921.87865391317
-1504.49176688325,-5415.12002927426
-626.914883840301,-5059.58891936272
-757.551127136814,-5044.53448014893
-1001.89402128323,-4762.07871065881
-999.751785297165,-4958.80936641798
-1027.7178758358,-4672.33299607456
-1541.43732067912,-4643.0624727718
-1559.54925902892,-4850.37063793187
-1873.9647848314,-5123.46724834123
-1640.90253420104,-5214.69523018391
-2040.64071349229,-5104.63293233283
-2635.41909399795,-2417.90233767613
-2477.110426112,-2541.56884183611
-2474.31855202756,-2841.38720310104
-2688.80765317222,-2992.35515753632
-2195.92469731545,-3130.4410737913
-2281.96317899452,-4058.67924489109
-2384.83274145002,-3836.78974420435
-2208.43788196776,-3478.85852581826
-2313.73481424507,-3361.15840867424
-2030.43515196299,-3211.88250132992
-1973.06914155543,-3476.53024838357
-2023.48477095727,-3903.83322175591
-2124.04016820756,-4150.01727772437
-1711.72281329726,-4291.40508627509
-2284.71352295995,-4503.0038519757
-1903.75743471112,-3644.09791155915
-1719.36335879865,-3868.00590912045
-1559.28413463723,-3965.3374916808
-1550.58817747883,-4329.85471808474
-1431.74167355584,-4365.33208957444
-1618.98717167829,-4691.14949814065
-1801.89192462293,-4804.36108968133
-2180.96106808596,-4788.30176934808
-2182.45069323178,-4763.96427387031
-2202.32484436755,-5016.95638740095
-2428.22292557243,-4820.99836411439
-2550.81993941386,-4469.82808989546
-2701.11634053232,-4278.94493974912
-2471.02231786616,-4083.0486325328
-2801.14236393745,-4134.69470438029
-2921.07076112852,-3226.93284474871
-3013.64010315297,-3268.38508640189
-2797.47596757474,-3768.54626409603
-2679.86938399065,-3770.67311977112
-2977.93024813919,-3917.82549420348
-3078.55469550889,-3559.35046427236
-3137.01810743547,-3468.08154020775
-3057.08933748737,-2975.08029473107
-3235.62305501658,-2898.51852391473
-2755.76417139526,-2827.3315498192
-3245.9827061507,-3462.57500417889
-3511.45793881442,-3517.07966905814
-3582.84237203987,-3033.13450782814
-3541.46620842175,-2904.66150771846
-3642.24258246015,-2940.49605851022
-3633.07248776869,-2689.48551980821
-3225.1855380978,-2552.37329658968
-3137.79660765162,-2252.92984198834
-2816.52098382339,-2415.82714692892
-2996.2098359048,-2187.41220148738
-2516.71555004558,-4931.90268740855
-2943.53026501671,-4827.30768250401
-3096.75650358681,-4517.65234800255
-3230.02744776877,-4611.99301553521
-3154.75293168227,-4265.03964772351
-4156.79545630325,-4069.29560861827
-3832.61772689965,-4132.95539590211
-3625.57080929205,-4302.1784575006
-3563.09789180102,-4453.74770062992
-3428.47203561173,-4185.50234227077
-3659.06817740095,-3894.08849571422
-4000.43263941348,-3789.0137060922
-4230.69019997779,-3850.42131519237
-4155.72435004053,-3586.63180748323
-4438.12435177207,-3897.52251382944
-3683.23843440985,-3736.28796831946
-3684.94248063317,-3460.29223329949
-3939.38418925484,-3301.39955845209
-4035.66516275779,-3422.06273362872
-3895.46470063216,-3152.39999669639
-4345.51612967589,-3308.26358811305
-4487.4557584758,-3432.05026763923
-4704.2675337505,-3582.58579224391
-4527.34044566963,-3681.7024108983
-4890.46916373102,-3856.79330561196
-4901.19334358888,-3362.07305690507
-4717.58630557093,-3331.68424702018
-4568.83723668281,-2965.8101607023
-4640.0406004668,-2829.04771193067
-4235.82605242243,-2809.99128276571
-4155.93102499428,-1871.26732595402
-4152.57704142037,-1994.24974500891
-4234.7910837943,-2456.86895262733
-4416.14582017717,-2388.2266342594
-4120.27783310806,-2819.34554741678
-4010.39171097309,-2510.55049205468
-3915.48029158428,-2180.11906177634
-3865.21980007214,-1800.97522299572
-3447.66328922225,-1868.87652106045
-3918.1560867663,-1549.8876016804
-3573.83768411208,-2485.27368298081
-3590.2192275994,-2387.78483134739
-3389.03756284661,-2074.4607499566
-3522.54085175163,-1942.09152663639
-3086.70680670107,-2002.34036903247
-3280.40182220656,-1689.30781707787
-3474.63120639947,-1606.72875666628
-3639.45477759976,-1244.12763893022
-3905.01986061944,-1479.47433800691
-3724.77979764432,-1080.01725500946
38.7789952280909,-6457.88635265728
-18.9084364148446,-6567.71881604138
-414.162101547055,-6533.55140674248
-379.994446408667,-6225.31755656224
-694.323850906593,-6642.27491743836
-1328.4355372629,-5666.72354551309
-1195.61961872603,-6035.11957725462
-993.803162783554,-6329.28022840312
-708.368750358915,-6056.38185190576
-858.761408852073,-6547.8408006264
-1149.21372305908,-6449.96567100122
-1326.48471703228,-6203.97275578401
-1569.30742248501,-5908.04562618787
-1829.14099452785,-6042.22660814604
-1833.63201622108,-5730.73359274803
-1272.2125710359,-6682.8872731176
-1480.58150560176,-6704.62394217305
-1969.28601450766,-6532.6129226494
-2000.70448813013,-6223.94398357019
-2087.31119929773,-6703.27745309308
-2166.490444397,-6217.07359284342
-2180.18070396386,-5973.45701911003
-2095.35624213024,-5808.6443549548
-1878.08147071077,-5625.76983438948
-2053.99609566997,-5276.84926851568
-3248.43777787803,-5824.85729407967
-3310.49883815792,-5848.36432763109
-3649.31847032209,-6139.17300669118
-3744.57060515319,-6243.74677224793
-3681.02164177988,-6643.62971000622
-3297.16754954649,-6255.12118637398
-3241.65143767251,-6269.27487455533
-3094.91988208809,-5877.41685695931
-2619.20172864005,-6194.56138927332
-2791.76695390316,-5780.9027221824
-3356.96780032406,-6419.61151733764
-3062.89145010307,-6539.28086165877
-2522.82180898456,-6527.43719272935
-2731.74574600398,-6342.53432753602
-2427.18276679079,-6560.64649831358
-2367.44951202161,-6218.28843384229
-2235.22371130437,-5984.24907164106
-2520.94074507558,-5672.88682828181
-2524.88253087092,-5724.95592314016
-2367.5117494832,-5400.77482348232
-2673.90256503236,-5409.8427499255
-2992.94929862185,-5137.11833753737
-3349.82458935086,-5518.67166777957
-3349.58246134679,-5495.51911049539
-3601.75138855296,-5339.73989485944
-4399.73041064764,-5972.28405131397
-4212.20752049225,-5944.22738729197
-3828.90298041066,-5655.49494498848
-3647.86822975502,-5775.8364990361
-3761.07876320426,-5341.76309969085
-4131.00504576744,-5540.12564930894
-4100.04713208774,-5796.32086836815
-4452.35456233681,-5995.88397033814
-4798.76762446545,-5881.03519278676
-4380.05066264184,-5353.3769200634
-4578.94385028801,-5301.91329466526
-4675.11086947833,-5521.92281526708
-4678.3405759071,-5670.05569302089
-5070.87912516872,-5240.50934467798
-2753.10529189845,-5172.45697567539
-2987.18394226305,-5077.00730115315
-3411.35648609361,-5120.53470809909
-3383.91815549018,-4874.29576409434
-3546.91048792841,-5152.22407007494
-4192.49459281829,-4217.53237504566
-4029.14328958728,-4579.77639092798
-3813.12620717415,-4791.47708335488
-3690.1273386875,-4713.88836182623
-3815.80324635569,-4948.80558977273
-4099.92872256643,-4868.71718585309
-4314.21516078882,-4727.75834912358
-4567.56102896891,-4491.92588536101
-4880.23221256323,-4674.29342511599
-4538.45396290963,-4337.35199321967
-4392.58031961727,-5096.75202474169
-4423.20952948228,-5140.07223810158
-4914.05971474979,-5062.90805865465
-4691.35193271767,-4886.01600140947
-5053.07633717716,-4924.46414363941
-5220.47182915509,-4649.16299859769
-5097.53551124588,-4328.45422343797
-5102.91571700269,-4207.87210016374
-4901.84550694497,-4079.84103048484
-5135.65356230101,-3929.35336252691
-5264.09604244108,-4279.64135373715
-5328.99236962098,-4454.02887850829
-5397.77306903711,-4828.59684198646
-5623.17910242869,-4810.05738148186
-5195.78787803376,-4897.64049835747
-5756.59550607711,-4608.31399479534
-5845.61336908438,-4591.93365370841
-6035.03022611851,-4248.00184213953
-5677.39647464967,-4301.97064045025
-6183.79518119919,-3863.67019073682
-5992.79337476151,-3862.61166138638
-5621.09215265023,-3952.08256225573
-5621.96551179646,-4236.3051416205
-5457.25829004359,-3960.12332049777
-6641.37940374442,-1432.12829655214
-6477.0754555685,-1493.47865766555
-6632.47873567894,-2020.08013002875
-6420.21253074144,-2000.40792476239
-6564.3353870577,-2166.50396545322
-6021.45189739418,-2780.6914780509
-6017.66002587685,-2630.84203544057
-6364.81196115835,-2348.11102341539
-6212.37139671413,-2138.15331565132
-6440.13908685729,-2129.43867963354
-6429.15909400969,-2631.78477082295
-6177.92242051225,-2769.6250120478
-5945.94127349352,-3038.51182014469
-6162.58825024638,-3284.05766049678
-5742.33815174185,-3210.88093473523
-6410.98624351963,-2752.76116579489
-6483.00480258243,-2829.01977487499
-6528.6983098284,-3340.67434184157
-6248.43572235062,-3184.84703982688
-6494.78327532183,-3541.18970786058
-6346.99884463567,-3562.9926349981
-6057.36303488685,-3631.67335106434
-5762.77910037089,-3481.99390949864
-5539.7901546177,-3389.17790633546
-5411.31099197834,-3829.64785092026
-5184.92843948237,-3407.86413648651
-5361.22787626442,-2978.13584066796
-5334.76112723649,-2638.78560339577
-5646.1701604011,-2678.41758103231
-5294.1979334377,-2510.52008245431
-6167.92583178586,-1831.47240408361
-5786.96095576001,-1905.61783046493
-5705.101138513,-2223.48828218362
-5810.76428062901,-2374.4333984518
-5439.04021656544,-2318.18076292007
-5460.03525042059,-1824.86379055063
-5651.16600660659,-1705.11836408902
-6140.8531484569,-1422.51500401516
-5662.66179104716,-1198.23093040847
-6180.76275443803,-1410.38136069485
-5183.33128040751,-1929.19706626922
-5314.59806085541,-1579.87780368243
-5366.4257247535,-1180.39553833742
-5605.75866462738,-1178.22341739084
-5271.86884776646,-1042.36025940409
-5634.37545481631,-778.213321437727
-5938.19553994408,-905.771488896269
-6412.99940256783,-1039.18786150548
-6306.1524412512,-1177.67148677617
-6563.33470429244,-936.145395072217
-5088.88034561143,-3330.02196217013
-5217.21387838765,-2951.6026795653
-5032.22565864372,-2694.8498437225
-4801.15883094451,-2660.76095324982
-5130.84948584729,-2485.11910508575
-4402.62460581106,-1729.84267667232
-4671.19735282134,-1801.63204620988
-4768.16756145166,-2183.86154234265
-4679.52082993682,-2552.46939061994
-4960.42485334394,-2220.60338702008
-4955.5308168224,-2076.26236137913
-4765.82685539323,-1830.50103737184
-4622.53569151857,-1591.55540698111
-4511.50258439669,-1269.22386348454
-4250.43614379514,-1408.66206281807
-4962.97155623269,-1757.27101477155
-5136.36955916705,-1582.84492538151
-5034.91983352602,-1218.64182047076
-4666.75596022058,-1273.9099814962
-4972.62269331887,-960.425501779085
-4746.78224129133,-980.75894548091
-4427.85859163188,-748.485972119471
-4185.61296215127,-918.759970282043
-4136.17076699994,-1298.60888645178
-3961.1910789939,-916.986698404736
-4153.35990133891,-520.992572623093
-4450.38066435993,-695.943514686715
-4789.52440390419,-655.697155093249
-4725.81430292152,-220.517903736875
-5041.3278631692,-693.112171789141
-5794.82136979464,213.801137301046
-5605.93902227716,-85.2445184109719
-5455.39360153377,-401.180997113972
-4950.55027952246,-258.741939662488
-5279.16553754339,-560.772610001236
-5497.73477578844,-651.736379046295
-5812.38554371298,-465.838347916733
-6011.32383140297,-85.2842878654931
-6123.72905226542,-38.038138702212
-6073.58259063443,150.081037266837
-5707.40214563294,-514.571653480579
-5835.92649631419,-543.209231745246
-6312.46254819869,-753.006257321504
-6188.75392459984,-529.880033831119
-6536.1660941406,-727.606718936246
-6477.39918304385,-325.825010758259
-6596.93696257425,-138.396755845662
-6337.90989053394,285.608118447794
-6233.25908483609,229.142726849835
-6519.99870607423,412.052357928131
-6908.69393177613,106.669623638533
-6686.82732783752,-101.016867589342
-6779.12107672598,-268.784307430248
-7164.41928211897,-435.134136904541
-6793.71873899679,-620.962574114203
-7386.42289124239,-1100.43778822117
-7261.42038488227,-824.661482885505
-7288.37004555828,-666.076933789886
-6902.88306934275,-870.637849189663
-6996.16338283538,-1135.12165781036
-7037.95448150767,-1361.7712657456
-6826.47318729813,-1452.26692628891
-6814.7991173695,-1506.45433553844
-6937.17502124884,-1831.82127271326
-7148.41645959597,-1727.76940593569
-6788.92538597849,-2097.98703296563
-7293.60774692097,-2167.92799921036
-6770.5132430053,-3021.87702048391
-6981.16057082113,-2629.21570304664
-6623.67841329266,-2491.50553535626
-7346.45882275467,-309.620416945293
-7526.27895638253,-370.810181549559
-7350.36354450851,-199.274207500467
-7214.36868278463,66.1043961087908
-7372.86435055732,457.612073928324
-7077.93290301584,489.012724418577
-7145.03232120593,213.279679561731
-6784.18670351322,532.089022667662
-7302.27388848885,1624.41353667988
-7102.639753701,1443.14382329541
-7431.88654857856,685.792762275527
-7199.6901741612,968.547348617609
-7164.36404676618,1064.1703312164
-6877.14309612909,697.502446179602
-6794.04117570716,1188.87207445228
-6860.57682209107,1354.05331423947
-6912.9805614402,1703.89226887641
-7010.74225929861,1783.3349425249
-6741.37019173302,1777.06387495815
-7143.80170147221,2149.34886414897
-6902.8427527212,2093.7381672616
-6921.417794374,2477.49574977216
-6826.05000479042,2589.73236569495
-6826.88555421545,2810.87263303537
-6573.57219580852,1160.45255500795
-6642.71519338909,1361.72638825262
-6457.79343110189,1730.26381614441
-6311.82530146086,1723.7033232189
-6659.85843899059,1921.66788574965
-5895.1164649865,2562.4570656619
-5997.45628030458,2466.48028091599
-6355.9631608165,2329.7068111019
-6106.27431262701,1994.82356086371
-6352.69781725168,2110.44301631181
-6387.37503746043,2677.97553109265
-6188.66975694319,2643.01856904527
-5968.41154455473,2908.82443027547
-5930.72926788603,3037.02381732985
-5898.03875719297,3087.90861528228
-6506.92267981335,2648.3617821657
-6571.32093814862,3003.82041432506
-6416.72566725875,3283.26594370968
-6195.69903499714,3227.54273197239
-6597.46409181729,3425.85172871375
-6198.97625774685,3497.37702038163
-5934.09681010073,3550.93389555405
-5577.13046518044,3351.87176994417
-5554.48285089831,3325.3747249758
-5388.54990368571,3531.46419556909
-5788.04513815162,4528.91387372932
-6005.16770807841,4275.76361289809
-6125.46819295298,4111.30033147222
-5626.34022929534,4200.57640009079
-6320.2806493508,3966.40138652854
-6023.8181570715,3764.53021836972
-5989.11087176027,3718.59135571912
-5578.74071452815,3764.8918849038
-5606.06947223424,4120.22407034609
-5585.49982672386,3673.65706623685
-5334.04018852322,4044.65574471482
-5156.7155733945,4234.74070883555
-5332.36598422805,4692.51564562597
-5675.9721478292,4606.31608367067
-5232.15865144739,4921.02341443866
-5466.70327247599,5132.30909577202
-5136.41653853944,4135.42056005294
-5183.90678851408,4301.73903708901
-4899.2229493531,4687.86570593124
-4783.60748819108,4734.03596144716
-5043.20253913752,4952.39025023816
-4184.56907071377,5522.76257381514
-4612.76137468711,5451.40975221132
-4631.91463440735,5266.09218157566
-4712.169126504,4987.4348278061
-5011.92906592029,5091.15297226376
-4944.3010060159,5513.99264304911
-4747.27111429077,5563.24442177301
-4480.68439775359,5816.58468673275
-4241.57042707501,5928.73975662078
-4240.3482695279,6030.01843281183
