0,0
6.81192516743511,5.49182806661536
-3.11803822797929,8.17559402177357
-8.7389787705478,-0.439033082938842
-2.28294767918302,-8.44693138921543
7.32803951027501,-4.78145761623466
16.3932718566774,-8.53683210150215
18.4062577499292,1.68123173279059
14.575386859981,11.3655163709381
6.11693362675125,17.441329866214
-4.28360281278433,17.979644363515
-13.3241256257521,12.8095488134964
-18.1343326963165,3.57251202313961
-17.1870172668724,-6.79877209240023
-10.7829452928573,-15.0114941064311
-0.955364377010809,-18.458172807819
9.17553797825453,-16.0445120619412
-27.06663823315,11.2435463475952
-29.3005259122043,0.706697235725258
-27.5772152069965,-9.92559525377391
-22.1294487774591,-19.2173811046289
-13.6929776670171,-25.9137531501191
-3.40719404723591,-29.1103292396224
7.33875000853846,-28.375394059412
17.0935552102421,-23.8082046779916
24.5397810621434,-16.0255853289921
28.6717735019811,-6.07862188047837
28.9314840545948,4.68929313580058
25.283837370748,14.8238931298193
18.2214683474023,22.9564442146286
8.69818905509829,27.9886003022035
-1.99982886742619,29.2407408287777
-12.4277588199705,26.5437572778871
-21.1772510792888,20.2618922225813
23.1504964250032,-34.2634675365045
32.221319173827,-25.9175091983691
38.4291363131262,-15.2686664308429
41.2223560475171,-3.26313564549729
40.3527885457561,9.03233906198568
35.897698696409,20.5252508060441
28.25294078343,30.1944039424059
18.0977850958547,37.1806517825258
6.33456178169099,40.8632355471654
-5.99151514554246,40.9149415080838
-17.7852196587633,37.3311753637455
-27.9986293561522,30.4303704631737
-35.7242379652857,20.8256936054677
-40.2755912579675,9.37056247886485
-41.2482815208579,-2.91718424602134
-38.555880955518,-14.9457263487963
-32.4376211675837,-25.6462750772408
-23.4371363887537,-34.0680397182482
-12.354159189604,-39.4627095251594
-0.173460731123338,-41.3509444115118
12.0226504745376,-39.5649664212708
54.4904182248237,5.28659048762135
51.4637799435676,18.67171848599
45.2034830979142,30.8836337421068
36.1028851624371,41.1550167081474
24.7338101750804,48.8404786168512
11.8106189298326,53.4571136313427
-1.85467693919451,54.7148415948656
-15.4034366351074,52.5346348338717
-27.9843417573593,47.0534837573939
-38.8068877677866,38.6157892458308
-47.1910542980143,27.7517226770138
-52.6100333301404,15.1439133087034
-54.7233304819659,1.58455617179002
-53.3981595212781,-12.0743644569869
-48.7177858131751,-24.9746083605251
-40.9762944509472,-36.305605770587
-30.6601118080971,-45.355388447405
-18.4174415803406,-51.555325262622
-5.01753576347938,-54.5158513843654
8.69764027860703,-54.0509460683526
21.8663115943051,-50.1898210253909
33.6610421338644,-43.175084942154
43.3407255994998,-33.4474994851465
50.2971518796797,-21.618284624189
54.0932231272743,-8.4307134338043
-0.890192594115456,69.6401805203609
-15.8399606487912,67.8206667057161
-30.0490697483813,62.8299338931691
-42.8531177436794,54.9013432022335
-53.6534015811026,44.4056267216219
-61.9449119920663,31.8335524888165
-67.3399471651059,17.7729767220866
-69.5862412516808,2.88135631707672
-68.5787600368794,-12.1449931069221
-64.364612222571,-26.6034561514316
-57.1408466768636,-39.817971153918
-47.2452386480358,-51.1706420797436
-35.1404957693371,-60.1306306540043
-21.3926223643201,-66.2789777692797
-6.64445371373964,-69.3281935478565
8.41440220771538,-69.1357000488884
23.0798100338741,-65.7104980544461
36.6660315942152,-59.212746202951
48.5377902685781,-49.9462721492465
58.1399758158615,-38.3443659211378
65.0236007119373,-24.9495197592585
68.8667943072644,-10.3880617828358
69.4898531407283,4.65913041705089
66.8636436737564,19.4884668568878
61.1109645422021,33.4065442463718
52.5008046286132,45.7625687556027
41.4357654410437,55.9787864112637
28.4332359139967,63.5774982302865
14.1011998768832,68.2033968933753
31.6046511793186,80.2177346120641
14.8099908507101,84.9376423822785
-2.59099224342642,86.1801930936132
-19.8858998106885,83.8945165739526
-36.3666763032069,78.1741886885673
-51.358596794969,69.2534003331948
-64.2478902995662,57.4973696312524
-74.5068676264925,43.3873898609524
-81.715525038605,27.5011252519431
-85.5787392544706,10.4889613438743
-85.9383498301832,-6.95262187401342
-82.7796342665207,-24.1095639354806
-76.2319107497928,-40.2794576166757
-66.5632438500992,-54.8003055704088
-54.1694699263335,-67.0776225753269
-39.5579915391413,-76.608773830725
-23.3270043304698,-83.0035528843446
-6.14100682370249,-86.0001567303757
11.2964042239651,-85.4759040552759
28.2713391554322,-81.4522578251609
44.0888421401348,-74.0939465894497
58.1013427474012,-63.7022204746975
69.7351675559711,-50.702517969018
78.5140264112652,-35.627048420394
84.0785118002757,-19.0930033234387
86.2008130373774,-1.77728842708915
84.7940428605632,15.611188866288
79.9157946061607,32.3605422532424
71.7657843308747,47.7850512381469
60.6776744129612,61.2532346108565
47.1054133752569,72.2137033616482
-60.2066546815623,-85.6015799384461
-43.9543566680631,-94.9762406383816
-26.2893294654873,-101.298286817488
-7.77934158295835,-104.364522709773
10.9806807389104,-104.07639697075
29.3877749468964,-100.443170198743
46.8503218877474,-93.5816172916323
62.8070609345529,-83.7122742055573
76.7451293651001,-71.1523497478272
88.2165461917501,-56.3055302248535
96.8526106389813,-39.6490046321084
102.375752489682,-21.7181274071777
104.608453420315,-3.08921169764551
103.478952585897,15.6389938176608
99.0235530726017,33.8645492038606
91.3854550867026,51.0016701148044
80.8101533821139,66.4995553839444
67.6375468570085,79.860090227028
52.2910139235598,90.6538560611138
35.2638047774184,98.5339323711542
17.1031879305755,103.247047020796
-1.60713944890598,104.641716627236
-20.2658120441409,102.673115361786
-38.2731247655114,97.4045156888871
-55.0503077656864,89.005254737045
-70.0581285787282,77.7452916641867
-82.8142234952294,63.9865309482023
-92.9086011288239,48.1711904792497
-100.016819876686,30.8075883129065
-103.910415739599,12.4538049096184
-104.464245342865,-6.30025403048971
-101.660508147345,-24.8518176221916
-95.5893185734242,-42.6046233473726
-86.4458096494003,-58.9880814229681
-74.5238612753956,-73.4756140260744
-20.745801765735,123.428431409893
-41.306898452539,118.146968270208
-60.6796708781442,109.466631963032
-78.3067996517837,97.6371399596753
-93.6811843722728,82.9988052071719
-106.360531983275,65.9727459444023
-115.980080739251,47.0487708970885
-122.26309373676,26.7712883725471
-125.028820131317,5.72364462388938
-124.197695010096,-15.4886579595839
-119.793628329609,-36.2553800536887
-111.943317069788,-55.9791008736531
-100.872600392555,-74.0924048823749
-86.8999626603086,-90.0742053023328
-70.4273712206891,-103.464734833435
-51.9287125378423,-113.878772321148
-31.9361593416507,-121.016724867741
-11.0248609872188,-124.673246574485
10.2036025449015,-124.74314596929
31.1385270094574,-121.224412173832
51.1776527457246,-114.218272752865
69.7444905914151,-103.926281581484
86.3049064262651,-90.6445205071076
100.382487238179,-74.7550816138052
111.572246658185,-56.7150751287081
119.552275680913,-37.0434791930354
124.093003400581,-16.3062098058719
125.063801347978,4.90015954876508
122.436741433683,25.9655602348822
116.287399388355,46.2839790284181
106.792680586559,65.2708920143351
94.225730801232,82.3800802754135
78.9480782971097,97.119343616003
61.3992333207839,109.064660265504
42.0840441911219,117.872385212693
21.5581737323076,123.289136247025
0.412113866083083,125.159083303495
-122.714894621166,82.6791187502582
-134.388432304326,61.9235924506071
-142.581380181798,39.5642776334516
-147.081545207114,16.1802688077481
-147.772375469946,-7.62280048097185
-144.635978829362,-31.2284432413075
-137.753586310882,-54.0252857252397
-127.303448265578,-75.4229016870647
-113.55621777962,-94.8671041130216
-96.8679409015054,-111.854298373848
-77.6708352364297,-125.94452506115
-56.4620957373426,-136.772854704983
-33.7910176168322,-144.058839255431
-10.2447698896508,-147.61377553979
13.566811996343,-147.345592575615
37.0270205779495,-143.26123616081
59.5282487759861,-135.466488981104
80.4877265994747,-124.163230894059
99.3626145822938,-109.644210346802
115.664063040211,-92.2854623450159
128.969873020923,-72.5365693438162
138.93543103515,-50.909017298318
145.302634364989,-27.9629484460694
147.906575788737,-4.29265391732863
146.679814591305,19.4888180930439
141.654123243319,42.7655399518114
132.959664510817,64.9346567895314
120.821620307983,85.422000125008
105.554359603849,103.696958527359
87.5532964311278,119.286220173356
67.284648870471,131.786031375031
45.2733642470684,140.87265358811
22.0895232706705,146.310748070256
-1.66642475534518,147.959471030881
-25.3792132555301,145.77612141134
-48.4346934634838,139.817246819917
-70.2357405523069,130.237178978479
-90.2177188539621,117.284036611939
-107.863105626486,101.29329930362
-146.655225186642,92.4068529195851
-159.04232805215,68.9370686118772
-167.701613546143,43.8514578442567
-172.43011535591,17.7380060715391
-173.117001406724,-8.7912095294586
-169.74617167173,-35.1143666301695
-162.396635542935,-60.6144727386262
-151.240659918019,-84.6938269805344
-136.539731410263,-106.788029701178
-118.638427323961,-126.379211514963
-97.9563390544538,-143.008171724889
-74.9782372214528,-156.28514159769
-50.2427090565881,-165.898920212585
-24.3295343751826,-171.624168747101
2.15390397122034,-173.326692228085
28.5868566341022,-170.966584948135
54.3497576065768,-164.599165821558
78.8387463254716,-154.373681755908
101.47982165112,-140.529809430965
121.742295967575,-123.392037480503
139.151234050535,-103.36206075374
153.298585146467,-80.9093649285287
163.852747336422,-56.5602221649907
170.56634000396,-30.8853557321268
173.282002227131,-4.48656273811556
171.936081185113,22.0173914838431
166.56012412638,48.0052767104961
157.28013892794,72.8679589384408
144.313640577494,96.0226779688866
127.96455280648,116.926706812789
108.616084375409,135.090072751482
86.7217469853015,150.087041881915
62.7947253478033,161.566097958515
37.3958485704937,169.258181636041
11.1204447979435,172.982996992602
-15.4156127754188,172.653237513245
-41.5903414509928,168.276632480675
-66.7902277732943,159.955765807419
-90.4246077653619,147.885671555857
-111.939511591753,132.349262505109
-130.830648141963,113.710698915275
83.3878837269807,-183.50309929501
109.217515283453,-169.406201063147
132.719365119671,-151.698703770237
153.392532109119,-130.758011978202
170.796403589139,-107.030440176403
184.560046254871,-81.0217003631665
194.390111958645,-53.2861236725319
200.077089916456,-24.4148457685324
201.499772066581,4.9767921851833
198.627836408982,34.2623584539307
191.522493266086,62.8176820368337
180.335180691043,90.0341557880541
165.304336828534,115.331707821472
146.750318019686,138.171164735844
125.068570962845,158.065743159771
100.721204453758,174.591424694122
74.2271403388803,187.395993128057
46.1510535971455,196.206541316064
17.0913372731496,200.835287719948
-12.3326512316946,201.18357864631
-41.4937906868705,197.243990878741
-69.7705620330093,189.10048989079
-96.5602949815914,176.926640267674
-121.292012885818,160.981906478477
-143.438602116539,141.606122841465
-162.528046574106,119.212250545588
-178.15348789205,94.2775760997069
-189.981896916792,67.3335387992949
-197.761171645865,38.9544040205145
-201.325510344408,9.74502375073358
-200.598945321289,-19.6720547814691
-195.596962048551,-48.6698576196466
-186.426169115455,-76.6303469408458
-173.282026051499,-102.957593458795
-156.444677445883,-127.090477622017
-136.272982151969,-148.514648902888
-113.196864833853,-166.773488286134
-87.7081528685662,-181.477840310389
-60.3500938994148,-192.314307241221
-31.7057774556255,-199.051928599733
-2.3857074113627,-201.547103684191
26.9852098444268,-199.74665216967
55.7809842027607,-193.688947554346
94.7273222757865,212.822857829894
64.186225407734,223.935175594036
32.3958166728691,230.688849887726
-0.025139783837919,232.95242812303
-32.4456069232485,230.681852324378
-64.234557230229,223.92131666695
-94.773254946449,212.802407287322
-123.467299058116,197.541541108998
-149.758192635588,178.435753533159
-173.134213340827,155.856916982459
-193.140373520636,130.24450282731
-209.387276023785,102.097027575554
-221.558693373627,71.9623498156873
-229.417722776229,40.427006772618
-232.811397163784,8.10479802775844
-231.673662524586,-24.3751613916404
-226.026663569231,-56.3806860208861
-215.980312709021,-87.2888247288151
-201.730150735893,-116.497985752964
-183.553540843337,-143.439645998927
-161.804270067324,-167.589416695699
-136.905663224079,-188.477250026625
-109.342343374062,-205.696588075478
-79.6507991853405,-218.912276013842
-48.4089427919175,-227.86708550862
-16.2248613914064,-232.386721378941
16.2750184805824,-232.383214053599
48.4581236304055,-227.856631798691
79.6980465240617,-218.895079388899
109.386737597311,-205.672983248265
136.946340248799,-188.447696438254
161.840438161497,-167.55448957315
183.584496036151,-143.400025158911
201.755290519731,-116.454442370066
215.999147766586,-87.2422063254513
226.038827297553,-56.3318999712515
231.678918170528,-24.3251572606973
232.809642432178,8.15504696648
229.408991820928,40.4765224806832
221.543156132745,72.0101685261619
209.365234912043,102.142218551631
193.112257543202,130.286186478045
173.100569743221,155.894281983004
149.719676252167,178.468072616281
123.424659566473,197.568185220506
-164.133903854739,211.693842638933
-190.885444910112,187.928093502016
-214.230630678904,160.808763084457
-233.752865768013,130.819796480025
-249.103775429784,98.4963475082289
-260.009422317632,64.4152288817263
-266.275194904485,29.1846189698043
-267.78928033009,-6.56679115903036
-264.52465970416,-42.201016744062
-256.539590259103,-77.0821641855351
-243.976565748336,-110.587778581007
-227.059773641879,-142.119951447828
-206.091094495636,-171.115990414178
-181.44471488573,-197.058460477774
-153.560450040183,-219.484417645742
-122.935895325754,-237.99367018114
-90.1175466468315,-252.255920033981
-55.6910482130725,-262.016657017762
-20.2707417046053,-267.10170054977
15.5112966698029,-267.420307907712
51.0165355876695,-262.966793535735
85.6113832193695,-253.820630503315
118.678493689349,-240.14503230644
149.627783627896,-222.184040318916
177.906962222855,-200.258168868263
203.011386862254,-174.758685649951
224.493068493666,-146.140629546106
241.968665999469,-114.914690445875
255.126326928168,-81.6380959722585
263.731252508779,-46.9046677419737
267.629887640461,-11.3342246046417
266.752661086929,24.4384780392733
261.115226976813,59.7750754636188
250.818185455362,94.0449852502187
236.045287472466,126.636660047061
217.060155742608,156.968500645285
194.201580391272,184.499234630842
167.877473237133,208.737575403543
138.557588595986,229.250989198083
106.765140503854,245.673413659326
73.0674659501173,257.711790233708
38.0659007355005,265.151293806063
2.38504862046037,267.859166258898
-33.3383647437143,265.787085544142
-68.4668541992373,258.972027991238
-102.373551019565,247.535608463669
-134.453389396674,231.681910138838
-195.3989625239,236.410421668078
-224.026233458178,209.48243065049
-248.974999832612,179.114743913074
-269.83560359308,145.8059980325
-286.265514202558,110.103121695257
-297.994952983066,72.5923551437424
-304.831322874109,33.8896241276919
-306.662370871074,-5.369573579606
-303.458031216476,-44.5406030371767
-295.270919078854,-82.9802770242684
-282.235466613161,-120.057417156735
-264.565715588502,-155.163217818655
-242.551802828193,-187.721242733711
-216.555196171151,-217.196890032913
-187.002759179971,-243.106170402507
-154.379742053026,-265.023654175125
-119.221813829629,-282.589456873162
-82.1062667192144,-295.515148501948
-43.6425369792202,-303.58848956229
-4.46219798859033,-306.676916017176
34.7914101696478,-304.729715989601
73.4737443347611,-297.778862450184
110.949641649189,-285.938488221876
146.603748915105,-269.403011922161
179.850626676915,-248.443945614733
210.144362120929,-223.405436588914
236.987532948671,-194.698616470682
259.939375037271,-162.794850452735
278.62301977417,-128.217997491061
292.731682229327,-91.5358085553612
302.033698555282,-53.3506041738268
306.376329901132,-14.2893843467152
305.688270380236,25.0064667763183
299.980817910905,63.8917124062258
289.347688704894,101.727857884805
273.963478449798,137.893634749333
254.080795452685,171.795201943553
230.026112818681,202.875896671395
202.19440777161,230.625374784699
171.042676138896,254.587990620021
137.082428492711,274.370278687828
100.871291160523,289.647414364956
63.0038500162173,300.168547505946
24.1018873964808,305.760921395496
-15.1958275479734,306.332709408949
-54.244027424201,301.874522802932
-92.4015418697809,292.459564878262
-129.041825552437,278.242428983773
-163.563246027076,259.456560097797
-348.346242264299,33.0629076124644
-349.714315213104,-11.7540671462191
-345.340088774484,-56.3780404473205
-335.295387625629,-100.076287882932
-319.745145481703,-142.131285438264
-298.944696888798,-181.852491216131
-273.235584637752,-218.587684115813
-243.039951640959,-251.733673285496
-208.853609357424,-280.746202499384
-171.23789658231,-305.14888682988
-130.810462279441,-324.541034874925
-88.2351238023942,-338.604228099746
-44.2109670319037,-347.107549260387
0.539132594972165,-349.91137405848
45.280379679544,-346.969663768354
89.2781241816211,-338.330721191646
131.809924352863,-324.136397526629
172.177409210313,-304.619763175459
209.717745768631,-280.101280734616
243.814522739389,-250.983543007928
273.907871987381,-217.744662443865
299.503661549933,-180.930420542349
320.181609270061,-141.14530613762
335.602183817872,-99.0425897082836
345.512179785618,-55.3135966941172
349.748875313483,-10.6763559514606
348.24270397803,34.1361902607552
341.018397070947,78.3882211726356
328.194577511922,121.353119660021
309.98181206358,162.325403277576
286.679153831064,200.632308261042
258.669231818314,235.644836289641
226.411968170405,266.788082621117
190.437026264634,293.550676011709
151.335113652514,315.493175417835
109.748282658105,332.25528560588
66.3593878966048,343.56177318997
21.8808738204463,349.226985956558
-22.9569235989142,349.157901268641
-67.4177689674592,343.355653494884
-110.771616433423,331.91551538332
-152.306597019997,315.025333685462
-191.340707494246,292.962444717834
-227.233008841338,266.089120507323
-259.394150465452,234.846620294513
-287.29604731026,199.747945069152
-310.480551000963,161.369414108085
-328.566972627928,120.341201828663
-341.258333648066,77.3369903422246
298.102053276483,-263.65313013772
328.242474137923,-225.021522017088
353.407073683387,-182.978816996987
373.214382235146,-138.162339629548
387.364141186013,-91.2514620282587
395.641854613763,-42.9573052792398
397.922040820669,5.98804042954647
394.170134508127,54.8426135492935
384.443010751353,102.865828551115
368.888122831215,149.329702447754
347.741266992803,193.529890273601
321.32300801471,234.796362236409
290.033819773753,272.503560685945
254.348014469222,306.079882930317
214.806552533427,335.016346150118
172.008842222969,358.874303059143
126.60365320057,377.292091350113
79.2792818483087,389.990516126596
30.7531173960763,396.777082213042
-18.2392329678788,397.548912185426
-66.9550951520908,392.294305888126
-114.655986344063,381.092917796359
-160.618809656936,364.114549535529
-204.14681554121,341.616575861675
-244.580163797684,313.94004312252
-281.305926082277,281.504499342488
-313.767377274933,244.80163430231
-341.472434864955,204.387826023154
-364.001118420258,160.875706642965
-381.011916062619,114.924875537735
-392.246961439633,67.2319004673196
-397.535942715757,18.5197583182458
-396.798684326138,-30.4731244889304
-390.046362356442,-79.0040657914471
-377.381335124791,-126.337385988876
-358.995591534,-171.755560195954
-335.167840715509,-214.570095188438
-306.259287083055,-254.131966258578
-272.708154841949,-289.8414557681
-235.023044956827,-321.157244256289
-193.775225279459,-347.604616291221
-149.589970710443,-368.782656671814
-103.137084669076,-384.370327893603
-55.120745556282,-394.131336750063
-6.26883212784854,-397.917716296755
42.6781104055482,-395.672068879374
90.9780962888665,-387.42843622368
137.89894697041,-373.311783397637
182.72939018233,-353.536104468364
224.789842103169,-328.401178570212
263.442709155872,-298.288025558665
-220.251469658856,-394.042734117715
-172.100862097811,-417.326825717015
-121.534335682656,-434.752563474932
-69.2617336010661,-446.075328231034
-16.0168486033097,-451.136173187951
37.4528778394725,-449.864055175996
90.3968479751092,-442.276831943541
142.07184451751,-428.48101147337
191.752463788208,-408.670256844074
238.741298793905,-383.122667624939
282.378729291916,-352.196875967594
322.052181412478,-316.327012196737
357.204726853095,-276.016610572
387.342900931114,-231.831540770705
412.04362974617,-184.392064317994
430.960169210365,-134.364127474648
443.826972575188,-82.4500128113571
450.463418125778,-29.3784807008525
450.776344713872,24.1054608802685
444.761359536117,77.2510146304524
432.502899799399,129.312133471537
414.173047407546,179.557993414374
390.029113308608,227.283252725648
360.410025413177,271.817953379689
325.731570789464,312.536925800581
286.480558924276,348.868564872624
243.207987984921,380.30285402318
196.521310012743,406.398524737388
147.07590362801,426.789251000836
95.5658739506956,441.188791713808
42.7143088860936,449.395008888876
-10.7368714443498,451.292705225154
-64.037329635227,446.85524122588
-116.438844089583,436.144909158564
-167.205812410015,419.312058608093
-215.625577643872,396.592985898133
-261.018432424705,368.306617008709
-302.747160573755,334.850030554544
-340.225982218309,296.692883671713
-372.928776857069,254.370819060953
-400.396468938717,208.477945738289
-422.243472276349,159.658499046753
-438.163102832327,108.597797004346
-447.931883889907,56.0126199413049
-451.41268317647,2.64114847546465
-448.556637900041,-50.7673989255015
-439.403840675772,-103.463283329064
-424.082776713513,-154.706770029001
-402.808520167108,-203.778512799153
-375.879714964721,-249.989651937615
-343.674382502727,-292.691484346947
-306.644615053931,-331.284569903695
-265.310229383065,-365.227146283727
510.544380886375,-18.4624278240603
509.144528777753,42.0508610077114
500.597403543663,101.973847927559
485.022988086862,160.465345551935
462.639913060823,216.704261469136
433.762387774607,269.901124576912
398.795789382915,319.309167526188
358.230972279439,364.234809697725
312.637377577135,404.047393553655
262.655039403232,438.188037686901
208.985600223054,466.177482291048
152.382461317829,487.622816917472
93.6402066821779,502.222996076772
33.5834488065726,509.773065257538
-26.9447470744492,510.167038038429
-87.0946977701594,503.3993839052
-146.022029823109,489.565105887
-202.899532661579,468.858406922093
-256.928770822741,441.569963674303
-307.351292236363,408.082846069824
-353.459275229328,368.867139835156
-394.60546479036,324.473347523943
-430.212258611582,275.524660667845
-459.779815358799,222.708211533474
-482.893071348163,166.765427291594
-499.227567130466,108.481622004865
-508.55400219058,48.6749725398362
-510.741453824059,-11.8149668427973
-505.759215004923,-72.1390499896838
-493.67722544499,-131.450459005463
-474.665089793633,-188.916591719766
-448.989696760282,-243.730749596599
-417.011472581971,-295.123462013488
-379.17932142903,-342.373287942314
-336.024323774548,-384.816943399934
-288.152281188673,-421.858612501361
-236.2352122125,-452.978311408753
-181.001918690835,-477.73918776467
-123.22775499185,-495.793653141585
-63.7237437313494,-506.888262421484
-3.3251907930298,-510.86727160976
57.1200405351168,-507.674824139504
116.763431702823,-497.355734975269
174.76772023802,-480.054861509198
230.318653076643,-456.015070080772
282.636416890783,-425.573826665773
330.986584958444,-389.15845959372
374.69042690483,-347.280160794834
413.134436589018,-300.526809785891
445.778944385349,-249.554721130444
472.165692962007,-195.079431221022
491.924270209443,-137.865653716643
504.777309014436,-78.7165446393232
-573.817406583438,-60.6584164328128
-562.615574046279,-128.099865038397
-543.515852118058,-193.743072337208
-516.786359027541,-256.666551590458
-482.802318265946,-315.986995079398
-442.040791271632,-370.871673809458
-395.073980533228,-420.550127199969
-342.561197120984,-464.32497866184
-285.239605404566,-501.581725236204
-223.913874881194,-531.797363868954
-159.444884379756,-554.547733227182
-92.7376372091245,-569.513467994523
-24.7285568954846,-576.484482060139
43.6276581513031,-575.362917667199
111.371436510653,-566.164519121283
177.551804030592,-549.018411774835
241.239733420296,-524.165289390269
301.541185756797,-491.954035327148
357.609660831703,-452.836824984579
408.658080158576,-407.362778249789
453.969835829582,-356.170251058594
492.908850119694,-299.977874277355
524.928504623649,-239.574465700873
549.579313580162,-175.807956779656
566.515233666722,-109.573489521046
575.498521689309,-41.8008506576125
576.403071975695,26.5585805204597
569.216186622658,94.5451874451511
554.038753746709,161.204587183719
531.083831236082,225.60102788304
500.673655885015,286.830524674437
463.235119895512,344.033549639668
419.293778246582,396.407097698799
369.466471054367,443.215959041314
314.452664489041,483.803039860254
255.024631803031,517.598586508897
192.016612307393,544.12818359305
126.313100480564,563.019413723245
58.8364296047201,574.007085438541
-9.46617577173065,576.936955913329
-77.635896790459,571.767896188498
-144.715779998234,558.572468531866
-209.764170875737,537.535907822998
-271.867932602877,508.953521261536
-330.15526449813,473.226542901441
-383.807940189095,430.856501204385
-432.072793717185,382.438178679517
-474.272292336731,328.651262440815
-509.814047589556,270.250802889897
-538.199131140398,208.056614463469
-559.029078637073,142.941767235699
-572.011483276537,75.8203309281571
-576.964100555434,7.63454337459947
493.384628874346,424.059178485274
441.829513655825,477.536657995738
384.514475035644,524.788716871033
322.186702194272,565.199352261007
255.658732968739,598.24174973325
185.797861179317,623.485151104878
113.514830128216,640.600470034205
39.7519596678334,649.364582164479
-34.5291383796061,649.663233891101
-108.360096302756,641.492531832086
-180.77841465519,624.95899358425
-250.84000990764,600.278159103442
-317.631522020589,567.771780811591
-380.282221489192,527.863629061831
-437.97536063398,481.073967643872
-489.958821155915,428.012771349861
-535.554919148637,369.371774020132
-574.169239744565,305.915450734726
-605.29838622174,238.471051711606
-628.536542549937,167.917817834955
-643.580763823239,95.17551840562
-650.234925610176,21.1924605416714
-648.412280735628,-53.0668734551296
-638.13659016291,-126.634399601119
-619.541813233281,-198.551052685954
-592.870361301064,-267.879289154327
-558.469937530926,-333.715309419999
-516.789004055377,-395.200840275591
-468.370935585044,-451.5343237964
-413.84693568833,-501.981366873773
-353.927808087599,-545.884315152386
-289.394690245624,-582.670826560521
-221.088870044159,-611.861332664256
-149.900818309817,-633.075290575402
-76.7585801650511,-646.036143910019
-2.61567654071459,-650.574928123822
71.5613264274924,-646.632473223407
144.805418066772,-634.260175137608
216.161749630206,-613.619325692966
284.70008221042,-584.979009928102
349.52691382636,-548.712598158728
409.797127588051,-505.292878524589
464.725009087695,-455.285893473017
513.594489388578,-399.343560529988
555.768480078739,-338.195173558184
590.697178692725,-272.637895296191
617.925236227543,-203.526365123088
637.09769331328,-131.761557527145
647.964607651329,-58.2790365255035
650.384312394489,15.9632408435471
644.325262990973,89.9974129555715
629.866448415876,162.858331156416
607.196361429092,233.596141950918
576.610541283924,301.288669795833
538.507720920947,365.053439068322
-567.040618498224,-463.560519042168
-510.502580543524,-525.176668464905
-447.309360738361,-579.946336859999
-378.284779344472,-627.155517840509
-304.328677339818,-666.188767535216
-226.40518561531,-696.537227840688
-145.530156054201,-717.805260164854
-62.7579183492347,-729.715603181105
20.8324647972806,-732.112987353703
104.151264906014,-724.966159113631
186.112293997866,-708.368288296664
265.647064715385,-682.535753532072
341.718719689513,-647.805321416283
413.335548561059,-604.629756245276
479.563916441858,-553.571917539573
539.540435273351,-495.297422309602
592.483219410303,-430.565967720042
637.702078695936,-360.221427275468
674.60751614613,-285.180849638685
702.718412944128,-206.422503498963
721.668300560093,-124.973124343597
731.210138228833,-41.8945293906516
731.219533503975,41.7302248223262
721.696363903741,124.810961736592
702.764778507679,206.264596890855
674.671579483556,285.029257583599
637.783004643661,360.078126007672
592.579952974839,430.432825390711
539.651715384749,495.176174632616
479.688292393686,553.464145163824
413.471398922575,604.5368641485
341.864273443499,647.728520589021
265.800424346062,682.47604519056
186.271460227915,708.326450830444
104.314162760211,724.942737938059
20.9969706529781,732.10828779962
-62.5939490774449,729.729686514386
-145.368860956536,717.837942787711
-226.248667420037,696.588083685151
-304.178976500976,666.257133617578
-378.143847441434,627.240502904334
-447.17903503401,580.046832995013
-510.384560032723,525.291365550298
-566.936441758821,463.687921826027
-616.09743994905,396.03959692147
-657.226665809941,323.228290206537
-689.787936983354,246.203208414801
-713.356767503497,165.968491282097
-727.625901620658,83.5701210494359
-732.409319349793,0.082286484868196
-727.644661525508,-83.406620809872
-713.394042749147,-165.808195248369
-689.843241629973,-246.048206290848
-657.299278876883,-323.080602682091
-616.186414813939,-395.90114932927
436.91197779686,697.957963634942
354.502857577114,743.212701259511
267.472250466603,778.778524725824
176.954733525171,804.191779134079
84.1303410148509,819.121163848502
-9.79081915137205,823.372051507788
-103.584341016828,816.889025290405
-196.027482585298,799.756601357607
-285.91510613287,772.198127056022
-372.075389021199,734.572869243428
-453.385100197666,687.371330695827
-528.784243229908,631.208855653636
-597.289874980372,566.817607868467
-658.008919773328,495.037025728922
-710.14981200209,416.802878897441
-753.032815397239,333.13506912168
-786.098884428417,245.124334255491
-808.916952317766,153.918028822928
-821.189550654613,60.7051664973687
-822.756687351117,-33.2990805100702
-813.59793238381,-126.86922307868
-793.832684130204,-218.785431302989
-763.718612828335,-307.849436841069
-723.648301451159,-392.900154174888
-674.144127787122,-472.828817135694
-615.851454446811,-546.593433366654
-549.53021557437,-613.232368286758
-476.045009943766,-671.876881468204
-396.353829591529,-721.76245199645
-311.495570925507,-762.238745169511
-222.576491121391,-792.778090605365
-130.755786368634,-812.982361232345
-37.2304799753596,-822.588163484379
56.780182661075,-821.470271038931
150.050628782425,-809.643257333622
241.364935484734,-787.261305579189
329.532681132904,-754.616198745534
413.404464327222,-712.133515724489
491.886888108388,-660.367083258127
563.956814059017,-599.991755960198
628.674700477597,-531.794618554196
685.196850741407,-456.664725020289
732.786412182274,-375.581508417054
770.822982087959,-289.602012473713
798.810695600307,-199.847111408579
816.384690071991,-107.486897619467
823.315861609114,-13.7254277398631
819.513851790827,80.2149740806683
805.028225629536,173.109651041066
780.047825415166,263.74757896305
744.898308867107,350.947153843315
700.037903687821,433.571595868733
646.05143386397,510.543769079702
583.64269559137,580.860223484651
513.625282215271,643.604276565253
539.335157694548,-751.094121142202
618.68828665469,-687.204187338861
690.531377912208,-614.972525612687
753.992353660465,-535.275930489436
808.300883620395,-449.081810674034
852.797735806566,-357.436446019392
886.942778710474,-261.452287106316
910.321537765364,-162.294451600423
922.650226506018,-61.1665813019915
923.779191352008,40.7037684349995
913.69472819944,142.080029561976
892.51924877021,241.731631596778
860.509794699524,338.448939082341
818.054917398646,431.057934922528
765.669961567106,518.434471359308
703.990809606159,599.517915603733
633.766162867816,673.324024481219
555.848453434653,738.956891810398
471.183496749064,795.619823490532
380.799010695021,842.625008288665
285.792140495149,879.401866936261
187.31614085396,905.503978188588
86.5663770079723,920.614497773902
-15.234185388969,924.550004453688
-116.849825412064,917.262726508033
-217.047066843624,898.841121619588
-314.609650903452,869.508803117132
-408.353299982838,829.621825612674
-497.140093170473,779.664362980785
-579.892279070834,720.242831143645
-655.605358246176,652.078527003216
-723.360276478961,575.99887287395
-782.334580845092,492.927372696744
-831.81240317827,403.872401952115
-871.193149739807,309.914967347841
-899.998791613019,212.195584861906
-917.87966732672,111.900435423502
-924.618727271823,10.2469662834062
-920.134168389567,-91.5308871464638
-904.480427149839,-192.1976795974
-877.847518766168,-290.5314525759
-840.558730668438,-385.338567284465
-793.066698231425,-475.468193779654
-735.947910394502,-559.82628048864
-669.89571186685,-637.388834513271
-595.711886861913,-707.214351516709
-514.29692652318,-768.455244310683
-426.639098181536,-820.368131415784
-333.802449128606,-862.32286070562
-236.913890524034,-893.810158599993
-137.149518220562,-914.447811956291
-35.7203365535547,-923.985307619272
66.1424416111626,-922.306873311423
167.202340133648,-909.432882951574
266.232628745203,-885.519609343124
362.031213892066,-850.8573272339
453.435230522759,-805.866789773938
-876.203948094991,-555.197749254074
-809.809666903358,-648.217712519421
-733.585393352765,-733.369190853766
-648.456386867978,-809.61856065938
-555.455998268914,-876.040257876956
-455.713126291501,-931.828013079488
-350.43851428627,-976.304638490912
-240.910053434195,-1008.93024812837
-128.457270878836,-1029.30881128668
-14.4451910678386,-1037.19295981464
99.7422337947481,-1032.48699082927
212.718923053477,-1015.24802841917
323.113492743026,-985.685330235487
429.585902331812,-944.157747387481
530.843720998775,-891.169368476169
625.657815992773,-827.363400641576
712.877272639158,-753.514361899357
791.443364884848,-670.518679541286
860.402406798429,-579.383808722257
918.917329025466,-481.216003319447
966.277839676536,-377.206887508813
1001.90904630858,-268.618991061811
1025.3784343404,-156.770423944249
1036.40111719377,-43.0188762468466
1034.84329443057,71.2548623332769
1020.72387590885,184.663663409071
994.214252242803,295.830897763104
955.636214352847,403.40714576145
905.45804735977,506.086577480051
844.288846237721,602.622803711092
772.871122226327,691.844005439562
692.071789750072,772.667158138724
602.871643251544,844.11117822075
506.35345167551,905.308832062483
403.688815120701,955.517263046819
296.123943201686,994.127008835754
184.964527752328,1020.66939941756
71.5598934956447,1034.82224612584
-42.7133809304746,1036.41375257352
-156.468172773178,1025.42460002823
-268.323652955817,1001.98818191558
-376.922047472426,966.388984603629
-480.945118924857,919.059134123803
-579.130168139064,860.57315074621
-670.285361622578,791.640975081842
-753.304198808606,713.099350365265
-827.17894347401,625.901665525232
-891.012856291931,531.106382334588
-944.031080032469,429.864187118175
-985.590045279803,323.404022979607
-1015.1852824931,213.018172096764
-1032.45754558336,100.04656916673
-1037.19717267429,-14.1394635863125
-1029.34663111347,-128.153862405242
-1009.00121584084,-240.612646936397
-976.407892637174,-350.150719876272
-931.962300294074,-455.438437403584
1153.66757765212,-143.531313030859
1162.455221259,-15.7472573410377
1157.13223318337,112.227948721104
1137.76322728975,238.84085951378
1104.58331707175,362.554565814361
1057.99526169272,481.867350815385
998.564577035094,595.330918932323
927.012671103687,701.567976150057
844.208087109725,799.288948506495
751.155960532831,887.307635773568
648.985818137899,964.555610321127
538.93786705026,1030.09518638104
422.347940321213,1083.13080228221
300.631281724348,1123.01867749154
175.265366613276,1149.27462723754
47.7719673722769,1161.57993985755
-80.3013188390002,1159.78524552557
-207.39985581862,1143.91232939963
-331.980839499894,1114.1538671795
-452.5320255028,1070.87108628463
-567.590085732232,1014.58938104267
-675.758371198778,945.991935114066
-775.723865445521,865.911428567806
-866.27312278915,775.319930273441
-946.306997906791,675.317098301766
-1014.85398797127,567.116831565493
-1071.08202537943,452.032534730833
-1114.30857792564,331.461175264041
-1144.00893381824,206.866326138749
-1159.82257096985,79.760400042686
-1161.55753324718,-48.3137092635958
-1149.19276055842,-175.801355586901
-1122.87834449425,-301.15501160021
-1082.93370641924,-422.85305372808
-1029.84372012917,-539.418232595621
-964.252826140013,-649.43560483475
-886.957209053004,-751.569708579972
-798.89513295217,-844.58077416634
-701.135552149323,-927.339773253764
-594.865135526771,-998.842123701637
-481.373861984591,-1058.21988383517
-362.039361844235,-1104.75228808159
-238.310194282605,-1137.8744960878
-111.688263785928,-1157.18444911715
16.2894109361796,-1162.44775049782
144.06935427574,-1153.60051088089
270.100490815913,-1130.75012377054
392.852973285404,-1094.17396191232
510.83675283195,-1044.31601036381
622.619666196919,-981.781477117448
726.844820237208,-907.329446695312
822.247062769906,-821.863665891334
907.668339805965,-726.421573509461
982.071752756897,-622.161707261927
1044.55414497901,-510.349640690816
1094.35706487163,-392.342620819661
1130.87597245206,-269.573093013155
-851.131702639008,985.150918713348
-954.340609669107,885.540235458179
-1045.96511448187,775.180293329141
-1124.89301970672,655.410712526141
-1190.1662474928,527.685333515953
-1240.99246927624,393.554569378377
-1276.75472357561,254.646585891696
-1297.01890506856,112.647537805696
-1301.53903404235,-30.7188987928661
-1290.26024225436,-173.712449573006
-1263.31943895825,-314.597366532449
-1221.04364901104,-451.663497627075
-1163.94604323441,-583.247045700097
-1092.719709216,-707.750764725706
-1008.22923816506,-823.663348212138
-911.500229946316,-929.577774415214
-803.706843686956,-1024.20838567631
-686.157545075378,-1106.40649456475
-560.279223360228,-1175.17432738713
-427.599870847834,-1229.67713580836
-289.730035145483,-1269.25332956567
-148.343269295173,-1293.42250727817
-5.15581710673683,-1301.89128786888
138.09421971712,-1294.55687181354
279.667979780998,-1271.50828898759
417.846949418621,-1233.02531796411
550.953823120779,-1179.5750898809
677.372863752078,-1111.8064181013
795.569515411026,-1030.54192249884
904.109030859909,-936.768043966321
1001.6738874127,-831.623070359676
1087.07977987571,-716.383319225331
1159.28999640833,-592.447645034151
1217.42800280039,-461.320458983106
1260.78808241013,-324.59346748126
1288.84390260822,-183.926350990155
1301.25490374285,-41.026617751267
1297.87043307266,102.371123050992
1278.73157348684,244.526217095009
1244.07064481459,383.713094107486
1194.30838377705,518.242213949029
1130.04883681346,646.48057534274
1052.07202777568,766.871538297584
961.324489495238,877.953719609212
858.907774156991,978.378732072409
746.06508194778,1066.9275520752
624.166170290269,1142.52531689416
494.690726843333,1204.25437207184
359.210408098339,1251.36541049877
219.369761598342,1283.28656798675
76.8662633586981,1299.63036492543
-66.5702871923229,1300.19840975986
-209.198764635328,1284.98380719524
-349.287852463818,1254.17124189647
-485.13705892126,1208.13473666647
-615.097358667476,1147.43311231602
-737.59120971243,1072.80320433614
-1262.22808094935,-727.542129085233
-1177.74431783462,-857.587079974515
-1079.91624099608,-977.915226573274
-969.85228163441,-1087.16320289986
-848.799508388516,-1184.09318572922
-718.129497549506,-1267.60691962463
-579.322792553272,-1336.75816061067
-433.952128831767,-1390.76339749554
-283.664614092126,-1429.01072936592
-130.163065928192,-1451.06679866887
24.8132817832303,-1456.68170132603
179.508485097164,-1445.79181824669
332.169785546996,-1418.52053615752
481.067469598269,-1375.17684958164
624.514466994186,-1316.2518598072
760.885465935739,-1242.4132105136
888.635328513834,-1154.49752310175
1006.31659773921,-1053.50091743934
1112.59589780849,-940.567725424749
1206.26904178483,-816.977525249296
1286.2746755171,-684.130643265115
1351.70630320648,-543.532287728004
1401.82255836609,-396.775494186454
1436.05560379954,-245.523075752326
1454.01756542324,-91.488782763883
1455.50492703476,63.5821146903397
1440.50083623271,217.932601378994
1409.17529536122,369.813824612579
1361.8832353154,517.504909443194
1299.16049403253,659.332456865349
1221.71774523408,793.689504095337
1130.43244620849,919.05373210169
1026.33889586947,1034.00471408809
910.616515736028,1137.24000949656
784.576486615402,1227.58992117938
649.646892400567,1304.03074853519
507.356539309106,1365.69638644585
359.317633897887,1411.88813859349
207.207516118561,1442.08263396899
52.7496543856919,1455.93775687464
-102.305882009062,1453.29652323168
-256.202251881294,1434.18885927269
-407.195747866489,1398.83126246535
-553.575553321188,1347.62434850966
-693.683126559193,1281.14831220199
-825.930992791566,1200.15635359619
-948.820730850333,1105.56614394598
-1060.95995089904,998.449428123061
-1161.07807076597,880.019881319352
-1248.04071214787,751.619357622194
-1320.86255356936,614.702686271318
-1378.71849446902,470.821187862259
-1420.95300391839,321.605097264118
-1447.08754804935,168.7450924071
-1456.82601203406,13.9731382259887
-1450.05805518429,-140.957137194605
-1426.86036115549,-294.290311927168
-1387.49576909032,-444.289059833156
-1332.41029554617,-589.253835162331
-1413.67987304923,-810.006276791709
-1319.57270357307,-955.682390698569
-1210.51424809092,-1090.53024124751
-1087.74018248095,-1213.02194840934
-952.641585964542,-1321.76963219671
-806.749179622897,-1415.54113789895
-651.715982715509,-1493.27399688725
-489.29858331146,-1554.08746480881
-321.337235444698,-1597.29250077224
-149.735008300504,-1622.39957445622
23.5637763188086,-1629.12421268363
196.595573936822,-1617.39022261633
367.399865146525,-1587.33055505045
534.041369078581,-1539.28579803074
694.631970906873,-1473.80031785195
847.352114943938,-1391.61609117116
990.471420933962,-1293.66429811583
1122.36828995251,-1181.05477164082
1241.54827777027,-1055.06342267758
1346.66102750339,-917.117783553448
1436.51556969644,-768.780833479985
1510.09381648233,-611.733289373957
1566.56209692461,-447.754562663105
1605.28060284228,-278.702597843632
1625.81063809216,-106.492821226685
1627.91958917149,66.9235616071346
1611.58356082185,239.581673746644
1576.98764677197,409.525229790628
1524.52383255188,574.828701343104
1454.78655414016,733.619134019467
1368.56596276682,884.097368768057
1266.83897218411,1024.55842706112
1150.7581898434,1153.41082898281
1021.63885739211,1269.19462533254
880.943948460404,1370.59793943281
730.267592585295,1456.47183121615
571.317013086071,1525.84331517521
405.893183541887,1577.92638467727
235.870422041484,1612.13091773356
63.1751544103155,1628.06936331708
-110.235912963835,1625.56113247072
-282.397963396067,1604.63464445219
-451.360332062524,1565.52700473255
-615.208607812272,1508.68131849644
-772.086324210623,1434.74167008329
-920.215994045623,1344.54582525442
-1057.91924896843,1239.11573897216
-1183.63585607735,1119.64597624182
-1295.94139598002,987.490177212833
-1393.56340203432,844.145719894968
-1475.3957779039,691.236754267175
-1540.51133007158,530.495800009345
-1588.17227331246,363.744116362041
-1617.83859009526,192.871066531583
-1629.17414919679,19.8127104499514
-1622.05051420296,-153.470131557836
-1596.54839874471,-325.014095651516
-1552.95675198031,-492.875520172425
-1491.76948468594,-655.152468106712
-535.515801307126,1740.54285428261
-717.490364202406,1673.76049013011
-891.33547457667,1588.01375082367
-1055.0813978644,1484.2741811823
-1206.87282732518,1363.71719198227
-1344.98990541046,1227.70874208333
-1467.86771043674,1077.78986156907
-1574.1139877736,915.659191260254
-1662.52492464494,743.153736435611
-1732.09878980881,562.228052827986
-1782.04728357258,374.932100726888
-1811.80446954351,183.388018109289
-1821.03318691417,-10.2339240316221
-1809.62887062916,-203.739911723986
-1777.72073614892,-394.93744480618
-1725.67031538694,-581.660178829723
-1654.06736040875,-761.792470607511
-1563.72316130536,-933.29334929649
-1455.6613539523,-1094.21964141284
-1331.10632180619,-1242.747987764
-1191.46932315093,-1377.19550283689
-1038.33250097738,-1496.03884256323
-873.430956671136,-1597.93146441655
-698.633090620509,-1681.71888427701
-515.919432493532,-1746.45175719784
-327.360201045459,-1791.39663386291
-135.091847713041,-1816.04427086053
58.7071502339302,-1820.11540061483
251.840972710563,-1803.56389559895
442.121336335838,-1766.57729097837
627.392288557705,-1709.57465976254
805.554635456976,-1633.20186454022
974.589726453218,-1538.32423959831
1132.58232642245,-1426.01678633857
1277.74231607638,-1297.55199308222
1408.42497472924,-1154.38541726878
1523.14961564035,-998.139193408674
1620.61636278656,-830.583653651063
1699.72087897695,-653.617269213198
1759.56687843452,-469.245139942937
1799.47628207219,-279.556275736279
1818.99690039973,-86.6999272205086
1817.90755701147,107.138766114203
1796.22059460326,299.763534418362
1754.18173512486,488.99186209813
1692.26729565205,672.679716589093
1611.17879152379,848.745841101924
1511.83498789319,1015.19533609344
1395.36148975115,1170.14226227554
1263.07798837207,1311.83100906094
1116.48330868437,1438.6561863326
957.238426985193,1549.18081415527
787.147651415201,1642.15260433232
608.138178426431,1716.51814933139
422.238256876403,1771.43485781269
231.554207158119,1806.28050152551
38.2465557483669,1820.66026540298
-155.494444420562,1814.41122097451
-347.473630401779,1787.60417241046
2027.29677043841,-169.500627752994
2033.82854174382,46.9480673392795
2017.31622299462,262.864822069103
1977.94690536022,475.80321332943
1916.16665894061,683.350564061418
1832.67547861386,883.155279849558
1728.41935281444,1072.95349342606
1604.57954510631,1250.59471519158
1462.55920999467,1414.06619912169
1303.96749462478,1561.51574798356
1130.60130650182,1691.27269947075
944.424953810831,1801.86685547465
747.547889020101,1892.04514001656
542.200807941796,1960.7857970992
330.710375057057,2007.30996761046
115.472861477763,2031.09051410832
-101.073005762689,2031.85799349875
-316.473675461124,2009.60370993358
-528.288571960123,1964.57981333796
-734.117747845412,1897.29644245096
-931.62907630904,1808.5159447498
-1118.584675078,1699.24423874831
-1292.86626251456,1570.71941653826
-1452.4991585937,1424.3977157112
-1595.67465881674,1261.93701960469
-1720.77052755615,1085.1780728216
-1826.36937863334,896.123624858287
-1911.27473487043,696.915738152497
-1974.52458465481,489.811517660043
-2015.40228191506,277.157536953745
-2033.44466600731,61.363250607232
-2028.44730951045,-155.126305888175
-2000.46683447041,-369.858219352539
-1949.82027084983,-580.399491403797
-1877.08146445187,-784.364605301576
-1783.07457501798,-979.442554805098
-1668.86473816868,-1163.42302879729
-1535.74599699142,-1334.22145499295
-1385.22664001528,-1489.9026189757
-1219.01211169929,-1628.70259095058
-1038.98568906522,-1749.04871177345
-847.187143416422,-1849.57741180752
-645.789628913913,-1929.14966071218
-437.075059871362,-1986.86387311188
-223.408255754137,-2022.06612391869
-7.21014682981124,-2034.35755756489
209.069655939125,-2023.59890719584
422.980615966278,-1989.91207261916
632.099036600055,-1933.67873913118
834.05552257519,-1855.53605287003
1026.56182620787,-1756.36940169528
1207.43677415633,-1637.30238338972
1374.63098098634,-1499.68407484751
1526.2500695271,-1345.07374649393
1660.57613492154,-1175.22319512837
1776.08720917476,-992.056895366646
1871.47450565959,-797.650194574595
1945.65724819202,-594.205798353168
1997.79491665725,-384.028813003812
-673.268641889689,-2169.5749060813
-438.842761380698,-2228.84790150279
-199.444617032594,-2262.86715959783
42.2133145205152,-2271.24722857879
283.392952352522,-2253.89315891561
521.361634796297,-2211.0015791519
753.423081592291,-2143.05846802499
976.947943821256,-2050.83364813265
1189.40359547813,-1935.37206353542
1388.38282913668,-1797.98194012289
1571.63113057148,-1640.21996289164
1737.07222330497,-1463.87363808218
1882.83159364957,-1270.94104001903
2007.25772969679,-1063.60817213019
2108.94083360706,-844.22419865485
2186.72879518255,-615.27482767388
2239.74024573613,-379.354147044017
2267.37454435073,-139.135232345919
2269.31858338094,102.660140130276
2245.55033608774,343.292332197884
2196.33910621029,580.034884969034
2122.24247664689,810.205410723305
2024.09999181802,1031.19598543242
1903.02364529253,1240.50269758159
1760.3852804562,1435.75401848742
1597.80104697805,1614.7376726656
1417.11308918872,1775.42570379603
1220.36867384923,1915.99745227835
1009.79699380045,2034.86018403261
787.7839103175,2130.66713681291
556.844920348178,2202.33277956173
319.596654927366,2249.04511191058
78.7272317018882,2270.27486446866
-163.034202516582,2265.7814956565
-402.948394075373,2235.61591713821
-638.297019319286,2180.11991697195
-866.413484283759,2099.92228701467
-1084.71313827004,1995.93169845915
-1290.72255897034,1869.32640622624
-1482.10757733094,1721.54089886586
-1656.69972462024,1554.24964522848
-1812.52080204597,1369.34812206403
-1947.80529453796,1168.93133751284
-2061.02037473932,955.270093826361
-2150.88327055294,730.78525827027
-2216.37579946184,498.020333731007
-2256.755904944,259.612639811744
-2271.56606426925,18.2634309474622
-2260.63847241457,-223.292709887151
-2224.09694336214,-462.318855095499
-2162.35550723737,-696.106742942374
-2076.11371918218,-922.007463241573
-1966.34873311571,-1137.46147056676
-1834.30423018995,-1340.02758492387
-1681.47632738535,-1527.41065129595
-1509.59662590763,-1697.48754466651
-1320.61259145417,-1848.3312258744
-1116.66548864951,-1978.23257573744
-900.066119661571,-2085.71976005575
-2452.52220734686,643.586660588878
-2507.03724852331,379.253479528082
-2533.14655591273,110.623205002232
-2530.55430062965,-159.260474639083
-2499.28985396224,-427.33966946548
-2439.70745458389,-690.576935080567
-2352.48219488747,-945.989688080648
-2238.60237191878,-1190.68399991647
-2099.35828957613,-1421.88738626006
-1936.32763895157,-1636.98022035995
-1751.35762246043,-1833.52541445905
-1546.54402429981,-2009.29603297275
-1324.20746437623,-2162.30052455891
-1086.86710475482,-2290.80528719037
-837.212106546475,-2393.35431055861
-578.071160637975,-2468.78567325237
-312.380437493932,-2516.24470779147
-43.1503191721922,-2535.19368435092
226.568709507761,-2525.41790345469
493.720624176728,-2487.02812860651
755.278486893024,-2420.45933129521
1008.27874255885,-2326.46576259386
1249.85479718374,-2206.11240719377
1477.2694975399,-2060.76291670238
1687.94614420199,-1892.06415892567
1879.49768658122,-1701.92755819786
2049.75376916231,-1492.50743817992
2196.78532249875,-1266.17661251168
2318.92642034039,-1025.49949988519
2414.7931552436,-773.203068156188
2483.29931879551,-512.145936708706
2523.66870878941,-245.285987155182
2535.44392390587,24.3531506441173
2518.49154625249,293.716357515594
2473.00365304191,559.751640693317
2399.49564028024,819.444714116578
2298.80038312439,1069.8531514954
2172.05879907371,1308.13972517616
2020.70692091887,1531.60455306455
1846.45962591649,1737.7156893686
1651.29120554466,1924.13781255614
1437.41299599152,2088.75868548097
1207.2483228327,2229.71308787366
963.405043784231,2345.40395003261
708.646000632568,2434.52044826182
445.85771513316,2496.05285702721
178.017683565594,2529.30398955037
-91.8393594890324,2533.89709721333
-360.655825903497,2509.78013827095
-625.385917699724,2457.2263675047
-883.030137156875,2376.83124013679
-1130.6692723191,2269.50566508455
-1365.49747283343,2136.46568399845
-1584.85404135546,1979.21869302428
-1786.25358031338,1799.54636340248
-1967.41415245564,1599.48445442109
-2126.28313611177,1381.29974744955
-2261.06048221612,1147.46436240003
-2370.21910958303,900.627747621019
-1855.51067248893,2135.66087012429
-2072.00567186325,1926.33322757691
-2265.02401904391,1695.17945983738
-2432.37873903112,1444.81863145855
-2572.17363597588,1178.08743066506
-2682.82477783659,898.008028542281
-2763.07844296203,607.753836630318
-2812.02532525859,310.613550903222
-2829.11083699165,9.95388952951531
-2814.14139248627,-290.818553389933
-2767.28660153017,-588.295905894276
-2689.07734762711,-879.10763071372
-2580.39977287465,-1159.95871480359
-2442.48523762009,-1427.66700315875
-2276.89636865571,-1679.19925390134
-2085.50935403283,-1911.70550612324
-1870.49268510151,-2122.55137108201
-1634.28258663703,-2309.34788087792
-1379.55541343977,-2469.97855641489
-1109.19732616586,-2602.62338795433
-826.271589973722,-2705.77945655271
-533.983866505815,-2778.27796273373
-235.645892461265,-2819.29746945343
65.3620437041874,-2828.37320931011
365.629401797129,-2805.40235054472
661.754032669608,-2750.64516216575
950.38072592845,-2664.72206499741
1228.23922580965,-2548.60660206374
1492.18128448294,-2403.61440795715
1739.21633295764,-2231.38830217283
1966.54536542435,-2033.87967530736
2171.59265310914,-1813.32637902358
2352.03492830981,-1572.227370297
2505.82770794726,-1313.31439723478
2631.22845837572,-1039.52104727808
2726.81633898523,-753.949508484179
2791.50830089352,-459.835420496219
2824.57135832256,-160.511213453126
2825.63089362036,140.631649775418
2794.67490182862,440.181100218453
2732.05412670374,734.743122908564
2638.47808664986,1020.98021242767
2515.00703559189,1295.64918817697
2363.03994987484,1555.63794090909
2184.29867730286,1798.00069416932
1980.80842791556,2019.99138111999
1754.8748275491,2219.09475857497
1509.0577941741,2393.05490571002
1246.14253300221,2539.90078454714
969.107978998109,2657.9685726025
681.093044356065,2745.92051465991
385.36105337049,2802.76008007206
85.2627676677684,2827.84325385089
-215.801579261907,2820.88583361476
-514.42080806861,2781.96664971498
-807.211443567764,2711.52667205646
-1090.85605086597,2610.36401373246
-1362.14082322391,2479.62488808434
-1617.99199577086,2320.79062164638
1241.84512287638,2901.04921091194
926.44718948485,3016.61423427661
600.552239246943,3097.99981298904
267.852792169869,3144.28381592238
-67.881534071036,3154.94182682927
-402.846735406831,3129.85308618738
-733.247522261078,3069.30185945316
-1055.34032169726,2973.97421622053
-1365.47569359602,2844.95025677833
-1660.13968026994,2683.69187414238
-1935.99362100823,2492.02619022354
-2189.9119804367,2272.12485380633
-2419.0177620824,2026.47943490046
-2620.71510589325,1757.87319425707
-2792.71870036971,1469.34954791226
-2933.0796760572,1164.17758406732
-3040.20768701579,845.815023013132
-3112.88893007514,517.869039777672
-3150.29989770944,184.055393391562
-3152.01670870672,-151.843674146479
-3118.01991091238,-486.022292182785
-3048.69470162986,-814.694083444007
-2944.82656318128,-1134.13506520457
-2807.59236307886,-1440.72584349899
-2638.54701964578,-1730.99262230172
-2439.60588417022,-2001.64656302422
-2213.02303920996,-2249.62104837027
-1961.3657589363,-2472.10642833533
-1687.48542089191,-2666.58185466373
-1394.48519874386,-2830.84384306675
-1085.68490208602,-2963.03123958002
-764.583361669868,-3061.64630818163
-434.818786253989,-3125.57170073976
-100.127540245082,-3154.08311701342
235.698190803738,-3146.85751126365
568.853367170532,-3103.97675249081
895.563207585012,-3025.92669682606
1212.12595900865,-2913.59168258731
1514.95483897577,-2768.24451037269
1800.61867527205,-2591.53202172116
2065.88078248678,-2385.45643973987
2307.73563495186,-2152.35268311631
2523.44292054856,-1894.86191055653
2710.55858953882,-1615.90159540176
2866.96254662535,-1318.63246948956
2990.8826724785,-1006.42271079925
3080.91490255639,-682.809780649465
3136.03913571719,-351.460342847984
3155.63079237265,-16.128718925603
3139.46789122445,319.385649826909
3087.73356440095,651.281251546857
3001.01398249706,975.79757644799
2880.29171302713,1289.25772489904
2726.93458754244,1588.11006816574
2542.68020355311,1868.96848978354
2329.61623685406,2128.65075161017
2090.15678732405,2364.21454985537
1827.01502620938,2572.99085255851
1543.17245480959,2752.61414078718
2522.08392649139,-2453.91974190426
2768.6315000269,-2171.93670465612
2983.80937237809,-1865.34475668236
3165.17949227051,-1537.61770726144
3310.68686377395,-1192.46883481638
3418.68283022748,-833.808813986482
3487.94375417818,-465.701406121021
3517.68488168244,-92.3174152393688
3507.56923388168,282.112568845113
3457.71142510748,653.346104798116
3368.67636425544,1017.1769683199
3241.4728541416,1369.48281034733
3077.5421613635,1706.27186491595
2878.7416861737,2023.72817746343
2647.32391739275,2318.25484111951
2385.91091081076,2586.51475109806
2097.46458024767,2825.46841542782
1785.25313788604,3032.40839361088
1452.81406412121,3204.98997300543
1103.91402649484,3341.2577353568
742.506201846614,3439.66771246773
372.685485241046,3499.10487997493
-1.35790682986784,3518.89579102063
-375.385913273807,3498.81620667466
-745.160647323756,3439.09363665105
-1106.49241348843,3340.40476153209
-1455.28717847635,3203.86776570695
-1787.59295822889,3031.02966789574
-2099.64459547879,2823.84879280928
-2387.9064204865,2584.67258254756
-2649.1123115911,2316.21099914281
-2880.30270167381,2021.50581960682
-3078.85811123599,1703.89617138194
-3242.52882814858,1366.98069869295
-3369.46039778948,1014.57678846998
-3458.21463475535,650.677317829346
-3507.785918077,279.40541318023
-3517.61258530669,-95.0322664449496
-3487.58329637819,-468.393192518347
-3418.03829513415,-836.447036560083
-3309.76555422743,-1195.02360145032
-3163.9918470761,-1540.06007142892
-2982.36884803041,-1867.64704542145
-2766.95441824241,-2174.07283211546
-2520.18928927683,-2455.86550490618
-2244.86940864719,-2709.83224021224
-1944.11426061329,-2933.09549344268
-1621.331521178,-3123.12560272691
-1280.17844775655,-3277.76945099458
-924.520440988659,-3395.27486165227
-558.387248204753,-3474.31045144443
-185.927304778465,-3513.98071555772
188.639269303752,-3513.83617404828
561.06848508833,-3473.87846462918
927.140570745265,-3394.56032411443
1282.70778326908,-3276.78045872998
1623.74140406442,-3121.87336141308
1946.37738593758,-2931.59419147407
2246.96013429512,-2708.09888794005
3868.99900702917,-648.192818322807
3915.14066296211,-246.942979933769
3919.78085389489,156.924515474775
3882.87039264928,559.128571981042
3804.80053929673,955.40572652944
3686.39885370428,1341.55534269956
3528.92042319409,1713.48413849723
3334.03455830561,2067.24957616198
3103.80709768857,2399.10165404804
2840.67850969939,2705.52265757469
2547.43802282947,2983.26444787596
2227.1940591893,3229.38289288059
1883.34128446083,3441.26907584446
1519.52462359672,3616.67695051704
1139.6006237091,3753.74714979043
747.596573710769,3851.02669545329
347.667814050893,3907.48440012126
-55.9463109275303,3922.52179807985
-458.967391092312,3895.97948916981
-857.123302733817,3828.13882846856
-1246.19349413908,3719.7189438563
-1622.05372448988,3571.86911308162
-1980.71978184146,3386.15658113146
-2318.38971676023,3164.54994704435
-2631.48414393362,2909.39829627088
-2916.68418454485,2623.40629978353
-3170.96664721397,2309.60554389154
-3391.63607457866,1971.32239467182
-3576.35331581271,1612.1427376611
-3723.16032220679,1235.87396657709
-3830.50090297183,846.504623997981
-3897.23722124851,448.162121818846
-3922.66185546105,45.0689896587716
-3906.50529816188,-358.501885003542
-3848.93881287767,-758.272550500002
-3750.57261867328,-1150.00533832508
-3612.44942167793,-1529.54778347614
-3436.03336214077,-1892.8766416155
-3223.19449418008,-2236.14053646124
-2976.18896274434,-2555.70078533398
-2697.63508791453,-2848.1699700984
-2390.48561005993,-3110.44784463819
-2057.99639005563,-3339.75419823615
-1703.69189634728,-3533.65832649941
-1331.32784470881,-3690.10479743068
-944.851386720917,-3807.43523951879
-548.359268982324,-3884.40592088921
-146.054406576725,-3920.20093317134
257.798668872654,-3914.44084033026
658.919014299197,-3867.186700783
1053.05465425435,-3778.93942016424
1436.02765290513,-3650.63444160186
1803.77840119333,-3483.63182978718
2152.40864970146,-3279.7018539508
2478.22283106628,-3041.00622256841
2777.76723391226,-2770.07516871318
3047.86661305134,-2469.78062895572
3285.65784787179,-2143.30580012196
3488.620292129,-1794.11139661498
3654.6024934227,-1425.8989659813
3781.84499912766,-1042.57165158616
-1724.61535051403,-4017.83084374293
-1302.35730095642,-4173.8625105298
-866.293940020182,-4285.65019636985
-421.047647811077,-4352.00892398366
28.6618542091975,-4372.2352743504
478.067533444622,-4346.11484312447
922.40557789628,-4273.92451337485
1356.96589375464,-4156.42952055575
1777.14203356569,-3994.87534082037
2178.48002571985,-3790.97448866387
2556.72558765911,-3546.8883638437
2907.86922233047,-3265.20434000444
3228.1887198521,-2948.90833787358
3514.28861386414,-2601.3531737589
3763.13617431676,-2226.22301886161
3972.09355516313,-1827.49434614506
4138.9457561838,-1409.3937787321
4261.92410253999,-976.353286648529
4339.72499316689,-532.963206838275
4371.52371926926,-83.9235844498437
4356.98320643983,366.005648811498
4296.25758773185,812.055131143912
4189.99056981038,1249.49662707058
4039.30860950152,1673.69314791199
3845.80897306982,2080.14810501952
3611.54280479852,2464.55297473369
3338.99338434989,2822.83296980681
3031.04980338302,3151.1902331615
2690.97634046354,3446.14409612049
2322.37785889875,3704.56797436051
1929.16159428978,3923.72251048389
1515.49573686223,4101.28461188846
1085.76524761281,4235.37207612707
644.52537663199,4324.56354272174
196.453376319764,4367.91355993834
-253.701078653327,4364.96260681014
-701.166239079259,4315.74196417442
-1141.19886294125,4220.77338308778
-1569.13449495909,4081.06355413514
-1980.43691097549,3898.09343625913
-2370.74620306061,3673.80255822688
-2735.92499562083,3410.56845914253
-3072.10230260915,3111.18148594135
-3375.7145609404,2778.81521501802
-3643.54340514639,2416.99281152735
-3872.74978285055,2029.54968295721
-4060.90404942934,1620.59282285498
-4206.01172284974,1194.45727567427
-4306.53462567495,755.660184225299
-4361.40719012784,308.852906837331
-4370.04775337452,-141.228288196697
-4332.36472329506,-589.812428242362
-4248.75754938274,-1032.14440982054
-4120.11248848006,-1463.53540388721
-3947.79321023572,-1879.41255858776
-3733.62634186712,-2275.36747262428
-3479.88210545743,-2647.20292540595
-3189.25025303677,-2990.97736863146
-2864.8115545415,-3303.04670768159
-2510.00514088657,-3580.10292992864
-2128.5920483222,-3819.2091704933
-2380.2813813275,4251.20948647845
-2804.77919237371,3983.93464231608
-3199.54564623352,3674.42909985848
-3560.39612028967,3325.97369485162
-3883.50550974807,2942.26214127413
-4165.44877470029,2527.36187705016
-4403.23724639857,2085.67094819557
-4594.35030788808,1621.87138843603
-4736.76211317367,1140.87958848479
-4828.96306169141,647.794181078058
-4869.97580045012,147.841994199606
-4859.36558421617,-353.677354596135
-4797.24488392116,-851.447635448552
-4684.27219444204,-1340.19235954988
-4521.64505439158,-1814.73071123923
-4311.08735191122,-2270.0324659374
-4054.83105102785,-2701.27131177878
-3755.59253227994,-3103.87600971783
-3416.54379840801,-3473.57884980008
-3041.27885033656,-3806.46088994938
-2633.7755898701,-4098.99349772882
-2198.35365294449,-4348.07575472235
-1739.62862041143,-4551.06732704144
-1262.46309173317,-4705.81645352113
-771.915140218553,-4810.68275492368
-273.184696187651,-4864.55462236653
228.441573583212,-4866.86100065304
727.6463058445,-4817.57744159962
1219.13780624667,-4717.22636319254
1697.7061426167,-4566.87151182735
2158.27837153525,-4368.1066863324
2595.97231279884,-4123.03884330484
3006.1483017446,-3834.26576284649
3384.45837084988,-3504.84851144852
3726.89233926965,-3138.27899392515
4029.82032175111,-2738.44293835392
4290.03120632028,-2309.57870639145
4504.76669286788,-1856.23236558544
4671.75053181655,-1383.20949992776
4789.21265293276,-895.524269468691
4855.90792851151,-398.346258972947
4871.12937203983,103.054320964841
4834.71563242967,603.362499463494
4747.05270437958,1097.27488536885
4609.06983673486,1579.55588451932
4422.22968221865,2045.09319834647
4188.51279294922,2488.95201551162
3910.39662609476,2906.42732213372
3590.82928221111,3293.09377610689
3233.19825464247,3644.85261682768
2841.29452124923,3957.97511307712
2419.27235909958,4229.14208849921
1971.60530809909,4455.47910569606
1503.03875035489,4634.58693597933
1018.53960794473,4764.56699179122
523.243692307432,4844.04145220488
22.4012633639068,4872.16786816899
-478.678624544052,4848.64809267731
-974.684399950573,4773.73144120107
-1460.35827824458,4648.21204888301
-1930.55199549466,4473.42045250726
-5218.15489168578,-1495.62204303868
-5036.71667189165,-2024.23094935734
-4801.88800238732,-2531.38250404321
-4516.15812548807,-3011.70077445212
-4182.55584897027,-3460.09426742856
-3804.61743995553,-3871.80990039977
-3386.34913959945,-4242.4833852334
-2932.18469593876,-4568.18549077748
-2446.93836505912,-4845.46369368806
-1935.75387878299,-5071.37877603557
-1404.04991983268,-5243.53598174602
-857.462682445487,-5360.11040161122
-301.786127312674,-5419.86631778027
257.089435845236,-5422.17030267624
813.239787026837,-5366.99793348609
1360.76959415562,-5254.93405104849
1893.87490506658,-5087.16656039552
2406.90467084303,-4865.47383866375
2894.42064834088,-4592.20588385422
3351.25504691892,-4270.259404269
3772.56530830514,-3903.04711268259
4153.88543891916,-3494.46155073751
4491.17335051514,-3048.83382703453
4780.85370732277,-2570.8877063041
5019.85582549587,-2065.68953632499
5205.64622312506,-1538.59454337755
5336.25547577624,-995.190065512885
5410.29909287952,-441.236325379524
5426.99219367373,117.394629569574
5386.15782713769,674.781172240881
5288.22884771508,1225.01486662057
5134.24332694966,1762.26309866612
4925.83354966863,2280.83090346617
4665.20871135746,2775.2213332853
4355.13150013809,3240.19372657752
3998.88881158762,3670.81926030236
3600.25690682746,4062.53319667526
3163.46138321606,4411.1832705237
2693.13238196568,4713.07370433088
2194.25550749371,4965.00438439695
1672.11897877556,5164.30478284018
1132.25757290798,5308.86226585696
580.393955094922,5397.14448816563
22.3780169727834,5428.21563624768
-535.875133696274,5401.74634820383
-1088.44787463804,5318.01720507214
-1629.48279733458,5177.91575659918
-2153.2447970116,4982.92711299191
-2654.18186617581,4735.11820238005
-3126.98394727557,4437.11586086371
-3566.63922063182,4092.07898739726
-3968.48723097361,3703.66505867455
-4328.26828942326,3275.99135896608
-4642.16862725815,2813.59133588152
-4906.86082280801,2321.36654469717
-5119.5390729523,1804.53469065078
-5277.94893533135,1268.5743199679
-5380.4112259962,719.1667459091
-5425.83981917616,162.135825435957
-5413.75316048223,-396.613775121478
-5344.27937150335,-951.159170996682
-1337.09787777401,5897.07753709497
-1936.35448526677,5728.34055557498
-2515.08525350721,5498.88173912191
-3067.15549238065,5211.13340827281
-3586.71312001606,4868.14576691809
-4068.25069630972,4473.55456938141
-4506.66380316044,4031.54258051943
-4897.30515257119,3546.7952373738
-5236.03384905807,3024.45098237283
-5519.25928417248,2470.04679456355
-5743.979197844,1889.45949625633
-5907.81150308394,1288.8434572464
-6009.01953670007,674.565356963015
-6046.53046835846,53.1366960836396
-6019.94667285188,-568.855226993082
-5929.549945026,-1184.81714314909
-5776.29851268383,-1788.21970283979
-5561.81687913268,-2372.6666888235
-5288.37860304497,-2931.96281765544
-4958.88219817068,-3460.17941123343
-4576.82040837059,-3951.71724226066
-4146.2431836624,-4401.365887448
-3671.71474974306,-4804.35895929697
-3158.26522606095,-5156.42463099307
-2611.33730529836,-5453.83091883264
-2036.72855947507,-5693.4252421786
-1440.52998424272,-5872.66784159938
-829.061432815552,-5989.6587009508
-208.804623954259,-6043.15768801983
413.665565865453,-6032.59770023454
1031.75079777907,-5958.09067609247
1638.89921456673,-5820.42640858472
2228.67489196968,-5621.0641731937
2794.82606108846,-5362.11725921007
3331.35137868854,-5046.3305683405
3832.56354293149,-4677.05151806672
4293.14958018939,-4258.19455818748
4708.22716388693,-3794.19967667689
5073.39636837773,-3289.98533470736
5384.78630925074,-2750.89632973757
5639.09617566797,-2182.64713932983
5833.63021978053,-1591.26134626627
5966.32633232644,-983.007787072878
6035.77790150178,-364.334100792873
6041.24872339578,258.20161759124
5982.68080593536,878.000334595847
5860.69498361561,1488.49202963287
5676.58433649963,2083.20533886242
5432.3004832482,2655.8361532593
5130.43289347648,3200.31444373711
4774.18143873191,3710.86860496643
4367.32247305974,4182.08663582729
3914.16880271073,4608.97350796725
3419.523969322,4987.00411434462
2888.63133118066,5312.17123648883
2327.11848232162,5581.02802201305
1740.93759863079,5790.72452210701
1136.30234330001,5939.03790170333
519.622000451375,6024.39600208226
-102.566464868846,6045.89400614517
-723.667700145902,6003.30402970092
6643.88658746455,-1102.50642278377
6722.0339718894,-413.531957816658
6728.9261239663,279.826048777993
6664.48998516868,970.217829643036
6529.40859459762,1650.32506015198
6325.11384859747,2312.93843447059
6053.77132229843,2951.03408599222
5718.25731398136,3557.84804207116
5322.12835560051,4126.94792381535
4869.58351266005,4652.30113090288
4365.4198730751,5128.33878864607
3814.98169684646,5550.01477944855
3224.10376557512,5912.85923290713
2599.04953232575,6213.02590755005
1946.44472746602,6447.33296195338
1273.20712427651,6613.29668305168
586.473208832882,6709.15781411438
-106.477468521799,6733.90020330477
-798.299458221655,6687.26157514224
-1481.65927507076,6569.73631068764
-2149.31313501051,6382.57020698105
-2794.18374103276,6127.74727128322
-3409.43530428867,5807.96869010507
-3988.5460051511,5426.62419595867
-4525.37712612507,4987.75613534933
-5014.23812378031,4496.0166188971
-5449.94694992735,3956.61820780682
-5827.88498261738,3375.27865942261
-6144.04598468393,2758.16031757767
-6395.07857085345,2111.80479021661
-6578.32173326298,1443.06360672385
-6691.83304880541,759.025590007674
-6734.4092692977,66.9417132140132
-6705.59907621091,-625.851762392861
-6605.70786475888,-1312.01105362473
-6435.79450663304,-1984.26270129809
-6197.660125699,-2635.48067071103
-5893.82900563555,-3258.76188938375
-5527.52183189967,-3847.49942134413
-5102.62155165951,-4395.45250229266
-4623.6322135884,-4896.81269325655
-4095.63122382846,-5346.26545148782
-3524.2155242224,-5739.04646593845
-2915.44226333759,-6070.99216014284
-2275.76458918443,-6338.583827164
-1611.96324424208,-6538.98492876252
-931.074687901373,-6670.07116340749
-240.316508244669,-6730.45298440127
452.989086183164,-6719.49032942007
1141.49288360698,-6637.29940533388
1817.89657249443,-6484.75145638473
2475.03010547383,-6263.46352878094
3105.92770361993,-5975.78132960512
3703.90169544346,-5624.75436173544
4262.61340787264,-5214.1035983566
4776.14035776452,-4748.18203971834
5239.03903169973,-4231.92857024992
5646.40258857888,-3670.81560515651
5993.91287335888,-3070.79108145662
6277.88619057065,-2438.21540837007
6495.31235240745,-1779.79404539795
6563.38015638858,3629.33064389636
6155.42202942438,4284.94803231936
5682.21489765889,4895.14390562974
5148.77487440894,5453.45003577146
4560.75655662529,5953.94823887477
3924.39308475827,6391.3331094774
3246.43006991831,6760.96825914238
2534.05408872014,7058.93546332882
1794.81650378282,7282.0761955468
1036.55341740743,7428.0251085239
267.302606943268,7495.23510747474
-504.78167765158,7482.99374969055
-1271.51515088837,7391.43079660913
-2024.77024720987,7221.51683831134
-2756.56227520719,6975.05300502477
-3459.13405733505,6654.65187469527
-4125.03815792353,6263.70977901079
-4747.2158278489,5806.37080144056
-5319.07182903028,5287.48284891942
-5834.54434559407,4712.54626282828
-6288.16924063017,4087.65551400716
-6675.13797740256,3419.43459984814
-6991.34859103492,2714.96682827517
-7233.44917035878,1981.71973291796
-7398.87338900574,1227.46591539777
-7485.86770910542,460.200653816656
-7493.50996922313,-311.942849179405
-7421.71915950043,-1080.77968037189
-7271.25628037986,-1838.15997808598
-7043.71627581085,-2576.05532275179
-6741.51112644717,-3286.64384014903
-6367.84428205188,-3962.3931152196
-5926.67670413299,-4596.14003754106
-5422.68487876605,-5181.16673207904
-4861.21124467841,-5711.27177033388
-4248.20756206967,-6180.83590702541
-3590.1718224729,-6584.88164549084
-2894.07936842793,-6919.12600038765
-2167.30895311511,-7180.02589840368
-1417.56452373605,-7364.8157357157
-652.793557756697,-7471.53669407786
118.897182330873,-7499.05750478247
889.327582707585,-7447.08644038969
1650.33088946884,-7316.17440711097
2393.84027824756,-7107.70910506615
3111.97436455924,-6823.90031831699
3797.12074843816,-6467.75649060638
4442.0167077708,-6043.05283510624
5039.82618495692,-5554.29131621876
5584.21225082079,-5006.65292763374
6069.40427763689,-4405.94277250664
6490.25910921935,-3758.52852792097
6842.31557965699,-3071.27294592711
7121.8418027818,-2351.46110666332
7325.87473109068,-1606.72319469398
7452.25156478612,-844.953617155044
7499.63267799208,-74.2273210744556
7467.51581912154,697.285803075108
7356.24143486826,1461.40752424772
7166.98906138716,2210.03796210775
6901.76482091758,2935.24144777649
