5940.95496664261,4004.35686733297
5860.06860823048,3547.83361970507
5840.58514800461,3180.29737307561
5738.21152553813,3317.55980884
5222.77680335568,2757.70521073581
6492.05293132674,3132.3192749801
6499.85800183254,-1096.64943671973
7058.16887370039,-1452.14449335165
7131.11515863987,-956.203767640987
6332.4104768626,-798.17375601276
6116.00680727198,-452.611238881971
6148.34356617391,-643.829105865139
5469.00463618221,-281.717056699336
7516.97855460991,98.8577243876746
6463.04465897579,-220.931435369263
6838.90262503145,-1.49853881394993
5693.01393133911,-192.091496396533
5837.87390267636,180.241744021021
6123.71617293835,283.92289411588
6793.2522378901,611.230618433277
6868.3287635122,841.81438867815
5185.46972379929,124.933204733881
5442.34770389999,442.218185866635
5510.41314629474,676.170732404329
5028.5407590487,752.362057475551
6045.7747780871,821.335793599793
4932.52006417783,1466.17522458319
5093.7472121462,1382.45361486951
5537.36945843082,1211.03188343456
4958.57636335194,1022.97682850421
6084.39383241588,1171.87901728533
6223.44369048057,1551.67601344505
5872.19683275636,1455.64652957421
5615.35843573904,1748.70388787702
6235.19550129863,2121.32662063986
5041.07579268923,1760.99076174738
7213.61140793251,1579.4441932311
6915.54869681605,2631.80285924982
5583.41397687936,2389.38559776585
5089.22477209912,1995.60365957957
5084.78109259271,2271.37090532007
6383.96060472848,2733.19594520099
2459.09613091838,-1193.53918358357
2587.11530315254,-1265.69619692292
2995.74094139665,-1504.94294454588
3094.07110915167,-1540.43866029474
3194.3558781514,-1737.68360812799
5211.72238929296,-2389.23054232412
4671.83924297883,-2242.09427130215
3752.04285787169,-1994.4965534673
3687.40926107941,-1821.32419603205
3441.34860882471,-1943.2788337879
4072.10824291019,-2324.63609070551
4668.5879629056,-2420.57936904859
5657.43439390389,-2951.2924747471
6027.28692915795,-3302.05565941755
6493.12278692198,-3220.32941253787
4058.74650387852,-2453.57794966045
4459.44979873817,-2795.51819562014
5607.52277373538,-3594.74129789736
5846.2645340571,-3573.11367337444
6094.61270761336,-4088.10343374384
5657.92846238114,-2363.16430590925
5201.60089678665,-2325.2738935017
5206.99698957589,-2065.51042095423
3154.77843085659,-1417.64897472513
3533.64902685856,-1545.36472113457
4197.77288034056,-1624.58862971009
4400.03666268721,-1872.88018182757
4734.4134239076,-1683.54477560323
3936.34239103053,-1429.35036813103
3518.2084434413,-1289.74254060702
3068.91117818299,-1120.82934258785
3014.4331004569,-1075.22588042856
2774.11048427352,-1087.88538927463
4064.42856854075,-1322.98698524838
3810.12167016371,-1080.911503957
3319.11429915145,-833.955743522131
3095.37427931144,-934.257289418096
3063.76018242674,-719.873866380414
2715.14564350667,-766.05025541848
2557.43645106216,-845.954585592887
2415.5395742815,-921.039866057478
2565.39922175747,-1111.99200683818
2199.27196051088,-948.039226616373
6559.92997850501,-2229.05036581315
7144.18669254381,-2368.46506338341
5726.29233357311,-1987.73313610174
5693.36801128626,-1137.64416727063
5668.77069091298,-1266.32973706239
5702.75531194359,-1520.24125873343
6456.37845494657,-1798.36418943737
5440.9323929705,-1788.50927045526
4879.51878438533,-1392.28185094027
4887.67789242473,-1145.33110265043
4902.83336322775,-865.720742374431
4288.92507317303,-791.634895826067
5168.39072440116,-817.591865823972
4404.20675076955,-1288.28378983825
3980.1966224091,-1012.06858588811
3659.97018009531,-757.245205384464
3991.19254588909,-725.644165508408
3387.53167382911,-641.293747677051
3719.94403640971,-483.783638997274
4041.13262412997,-461.927421605911
4578.17671111891,-392.287039869917
4890.54441173838,-602.161723694141
4927.87580340637,-223.424712312221
4059.41995496707,-229.529756105118
3770.91821093611,-393.686816258636
3353.20208781706,-398.015174173392
3061.77906347478,-314.77959988969
3175.73267347001,-492.972475928934
2170.99301252005,-339.940937354218
2309.91890185141,-419.241930379985
2694.56539177196,-368.652682535359
2769.58688263584,-289.768007442421
2930.2376220834,-463.388156984394
2532.83055659608,-465.244066785379
2331.82941419205,-418.909445792906
2073.12316317921,-404.20209793046
2059.07740259026,-553.69016665315
1977.84230032267,-345.375473443901
2608.37978387839,-675.297569571313
2482.80627793429,-696.91523162265
2187.23263303078,-724.740152559316
2083.34385113247,-632.801708984398
2129.50276976654,-841.729739650448
1884.1855659703,-701.119023148056
1853.74616323176,-615.355391349036
1674.89150589203,-443.888642249273
1744.4110854254,-408.742714650166
1570.59209211106,-346.661388651362
5140.43992359915,4688.92788999227
5231.8907255732,3687.88739118016
4998.05875525032,3693.41373465674
5040.11156641118,4233.10656662197
4894.31006312337,4171.37026189376
4359.16677822936,3554.65370375716
4375.69347001186,3286.07096427322
4449.30823105057,3028.8233588467
3948.52384710244,2575.2362508626
4812.79776200463,2960.20252049004
3811.664741687,3254.05594113765
3552.32241512941,2769.68055576036
3238.47210411781,2356.30726568047
3586.42938400544,2491.46654681138
2954.94771889172,2095.70100413007
3400.87165843758,2166.10944073973
3636.08912648399,2207.32600981499
4343.88881910681,2424.32457535808
4604.67231806367,2647.26719476233
4712.89426825488,2462.39138608296
1837.27453574829,450.351389824894
1878.62829744841,502.019572139412
2071.49598559057,725.904164554903
2178.48928490745,727.221186509382
2027.39316709773,832.422994808043
2943.49388142374,1218.57958515695
2749.20574168899,1108.41600130562
2433.76108462849,990.604068848429
2401.45923843167,927.730086322921
2180.95027155774,938.730503857679
2409.47598985115,1128.15143449331
2584.09820548017,1200.32896489109
2966.10869606781,1405.20652993243
2940.59499790809,1536.42635474346
3316.57482990872,1485.69731687182
2283.90890212952,1201.77157667946
2426.97360391035,1296.41574169419
2684.93771730148,1568.70758027272
2863.87164136204,1576.77971915702
2720.39443449518,1751.89514704995
3092.81266292891,1849.31773783223
3421.31437831509,2016.22433130714
3857.42436459785,1893.43429141573
3667.35684308297,1721.69405340833
4286.9610609911,2133.28289192189
4083.41935534323,1741.72185237085
3855.16988894046,1588.60605441985
3450.19409004931,1177.7339653387
3151.96372599987,1238.69753402185
3402.36828624767,1046.6189875119
2309.04757563602,650.908159325977
2489.18327772983,700.987136069414
2876.65958905036,882.789345942462
2758.0132605864,917.252396171603
3171.16935420981,929.92814470441
2856.7407116611,667.207309090132
2601.83453297137,605.83001638481
2293.76627624147,555.395919914555
2384.58583558316,356.861510030782
2177.16969539933,446.217084094113
2971.16419364521,669.760307229604
2947.38889854227,505.023211282513
2745.35560215795,349.950942286175
2524.33602116565,381.575158598806
2702.25310280292,201.079859644861
2398.12750588526,177.831932766176
2189.01987215393,267.234178338494
2010.19596295107,299.654769491284
1991.44936871648,385.155515652458
1803.60164013976,321.837368406917
4407.39350779485,1771.7941391022
4252.58677371809,1649.35995409108
3981.82259425653,1186.46555371598
4345.51224760266,1228.74196458887
3618.8819361703,1052.87928328716
4405.00320963579,599.391350958984
4154.96456806828,644.003374940831
4053.14821039129,880.801333128049
4312.49829239247,999.77309457582
3626.84415425682,948.838877247211
3593.74316059035,766.390942064134
3732.78759764656,548.630805706936
3958.04063231213,385.185935693335
3748.45752151262,304.279755168072
4418.21500717655,402.130272635261
3240.37010265387,590.825126819184
3132.68043885064,450.108811456639
3093.451402828,237.853763145808
3352.66155367926,268.874557587998
2963.91149307697,134.619404332501
3314.84534933232,33.0761968147064
3588.81382496014,121.050196392285
4228.48190878526,69.5527650833668
4535.0446094516,213.866285184785
4795.94900170847,36.5548527472295
4041.96137196493,-103.025952978941
3639.34744547543,-138.43956571154
3145.01855210788,-107.602529124622
3071.48257421915,-97.636428252969
2852.70842090701,-3.73760094355914
2079.33760792682,-182.965341545071
2274.56563474269,-159.846604697458
2587.29311788923,-94.9411419844558
2620.06143583535,-177.026591729169
2605.38088052462,-24.3698432416187
2366.89849280467,-48.8512797165207
2189.39569942723,-106.04925007485
1968.90843676906,-160.848174408916
1831.43790134574,-58.3159262478387
1871.50293876472,-261.578883033787
2315.95279191569,44.0139103717759
2172.27615308222,139.373676915365
1890.2644063226,135.360978100572
1838.81570058652,23.1164087169036
1784.42639818391,157.770902607756
1660.5228135179,102.494536314082
1684.54367232292,-10.5098406154071
1618.77354407784,-175.803942370324
1766.88593764648,-273.359111719952
1555.11605738089,-223.174862343587
1508.42387284375,-149.78453611249
1569.33939774267,-29.6748666890242
1515.90765790968,116.801721120229
1382.45041168879,118.758012543344
1648.20734415462,192.024212162805
1393.06284528501,586.050073837518
1451.47847924921,468.500536391419
1466.32135595739,301.011908253554
1438.16105131587,312.606779846063
1619.70016610001,266.770036356484
1591.57086768789,444.250578377002
1551.04581646106,535.906687355132
1466.35727477284,611.051447514663
1568.79720095944,692.331446991114
1400.7390596473,669.712066714691
1753.47956827113,435.354541272578
1751.95073842556,584.615156961272
1806.0948906019,741.750425912797
1700.57318650798,781.107804285032
1930.5327070143,826.404981359677
1696.16344690379,882.072261448438
1627.02363435592,876.979992484659
1395.86050007319,871.217945001004
1378.54942043154,744.725858856368
1350.4665731151,984.264083418848
3528.28503539719,3095.20098602891
3277.01683380135,2688.96040941831
2822.9948854709,2248.58286660777
2625.12712443731,2321.30865122032
2739.70620850397,2147.56646784267
1792.24843931993,1529.90776323267
1945.81767578553,1611.34494505809
2280.30663506822,1793.31813089033
2248.48900572336,1970.33547909498
2522.40733466138,1880.75129249822
2196.61370433792,1561.44736605866
2018.33486946659,1529.7045700332
1854.36301405735,1311.6779639714
1779.32166485636,1245.0724069598
1676.27371167979,1255.70464426566
2296.69722703597,1501.19210339872
2268.58135040259,1353.58853340035
2075.41537580601,1128.79213119217
1929.00578913744,1141.09639494554
2031.91904008108,1031.78134044821
1802.7166441325,1024.09628943094
1695.32381989906,1027.12886335889
1451.59682749864,1065.68199541568
1508.46723924095,1159.79655071361
1398.94384871608,1038.13120997365
1425.46875428024,1183.35928281077
1515.76146822065,1332.88831255349
1648.35876717904,1608.31665743787
1776.62745923496,1568.54903147462
1671.49829186521,1745.92356871172
2532.28082844564,2307.84911764186
2294.18089295162,2124.5461033149
1892.98959522204,1925.73718017709
1951.71046653707,1804.1136499491
1766.73432163594,1898.23480868499
2067.59871809738,2178.57059487816
2242.97967540002,2337.03512990026
2636.82709942941,2666.0006547437
2625.99051351034,2878.21928166109
2977.55255560069,2760.94501558723
1904.36728335404,2230.50554079333
2099.75438266799,2412.29596254471
2330.45897694711,2858.92408559187
2594.38076827646,2936.63765034515
2526.94453869546,3262.91837986767
2859.74417650198,3466.84440216656
3214.66713980188,3459.90078231735
3419.66022630202,3485.71244033825
3197.1691427165,3189.03449826003
3895.10121364106,3800.70164449219
1328.51283794879,1232.96328218416
1332.65497157062,1316.43039575896
1404.90760531241,1524.50161916735
1267.59972104247,1590.80398195095
1463.64162379946,1703.28975028623
1324.95997239875,2222.65280461853
1434.98298266303,2189.78249226349
1387.81172551957,1943.77614744015
1353.29386301682,1819.48614221834
1485.23770436227,1817.49707396025
1638.44612215124,2107.69135805833
1596.46501700315,2267.40411650993
1545.9480731019,2548.39694969814
1770.33352672838,2747.9278906024
1423.50977166364,2594.95721109694
1726.49579887582,2245.91037509809
1885.95976598943,2489.13719286926
2117.4073975921,2806.17399839003
1860.79236811563,2791.59155496591
2311.7978480773,3238.29878317676
2059.75296931627,3278.60866487974
1885.11502249412,3274.04061688838
1617.33388885898,3162.61783878227
1447.04741474195,2875.29720949341
1564.09145418055,3169.42871079126
1866.84407715499,3640.45463650598
1994.01608483724,3622.606898254
2354.07046596741,3709.38806571561
2674.43067925636,4192.99858629626
2475.47012492436,3717.51423329811
4647.05326296061,5851.77294095969
3958.73028560349,5116.78440723349
3101.11546304157,4445.51592353566
3179.79953682473,4675.7805184275
2799.9927072356,3934.81039603315
3415.50510772627,4249.89037920293
3813.23383713535,4749.09065165661
4860.07593411075,5612.1462747908
4738.19140640293,5324.23239928597
3265.84488366598,3829.05272822892
3426.56150645895,3927.21274765565
4006.109132791,4304.71718192569
4614.56102186034,4855.74309240941
4299.50562261783,4301.01838845218
5312.59010358223,5441.26511189387
1348.91910149324,-130.607375691087
1288.8057238398,-89.4547533030447
1275.9313352742,51.7010396921597
1333.76018984451,81.3641116480041
1180.68841926288,126.697818444371
1239.03918312704,555.416010368116
1216.88390998521,474.813346265199
1211.12356586598,318.560190146668
1339.98522028596,262.036704810486
1192.76796460345,194.710055518376
1100.66504108359,390.903245217656
1089.44352619363,447.197660614551
1098.16990051456,600.743754421974
1090.2624333068,623.371464629396
1173.40031023156,702.312637337072
1004.63402387584,338.075298424409
925.05663590573,440.65577577001
875.431962338714,555.491009928948
976.129749878188,589.86292579376
754.078278366531,595.461753413275
886.855049575635,695.911343469269
983.047048138733,777.383961832578
1104.09401351125,792.413346130416
1192.39650871562,760.442401719012
1195.39458061579,867.560363637055
228.542428115064,1498.24520736303
226.399882445893,1393.76278980435
370.699476093332,1301.86763344507
434.713480225235,1329.27041421487
412.809555721102,1201.90637815882
812.802074885882,1110.58760199103
716.837879233728,1123.75262694616
557.830778378728,1219.47909135155
561.608585312157,1291.6555828047
451.471998482448,1080.17421238925
610.281631420404,1019.27599790346
702.454177626801,1074.74815856403
853.923769063682,990.283188919158
782.536450649204,971.944313523648
864.960856599604,1080.66618342061
500.716689572678,949.340056706004
532.815123581652,885.142100511931
665.018802487285,814.719864190316
728.378963059369,877.512829582981
740.820498862825,700.690850815147
872.255117532071,784.727622129134
947.811297877711,862.875786953199
1018.8731752915,911.308349630404
1019.04332311119,1016.76884111584
1177.61802803695,998.811110665477
1103.8918256938,1141.58024005411
1049.94062715138,1255.72597806723
903.494589033754,1336.85727363887
815.597851445213,1245.67161257741
946.672861057258,1466.3010475104
455.322293272064,1480.37886001807
523.124064398797,1437.91677882852
757.848371631255,1452.29812159321
655.441945595388,1320.53652935572
784.414688288555,1508.34010435589
654.353574230261,1568.46211713183
609.216813341838,1531.1868835863
396.447887096176,1595.2420956305
427.387020725942,1732.60620558187
371.952387240328,1505.58951772555
763.241520169522,1689.71992787239
699.605026628535,1756.81591082575
610.834585950065,1906.48159548451
497.392804266674,1853.8470788292
620.830469085001,2054.88575943926
415.915650942758,1976.16707453009
372.73782771753,1852.68428524013
223.10127701029,1737.28120969256
223.557630019665,1621.86530345502
97.2328264229243,1614.65624775514
1212.52121033529,1193.17692129116
1103.14339597217,1299.17942527154
1107.16201177524,1476.31483533999
1199.12064937459,1555.07841066299
951.278737920036,1513.18294539931
1183.03439241652,2145.3361271292
1187.72609178713,1972.23306493562
1072.358701034,1702.37192402235
1209.07508050311,1716.44265003738
1002.05126923177,1680.91381507931
914.765366717981,1806.4599911565
1001.3758274267,1989.08497134257
1093.14396568514,2288.84271644699
972.280329945099,2251.00176223651
1177.28635731805,2504.84857581102
869.49129440192,1810.32320958403
805.182800872038,1914.81835731357
711.027876279847,2072.07859885007
847.141687210354,2165.70127973807
709.273551040653,2218.46443605829
857.884436235893,2403.27501201902
928.422451184312,2544.56926284695
1188.41538217089,2782.25263251492
1227.12478348167,2662.26362666381
1317.60598919023,3022.9112060385
1127.29263555957,3025.76371718901
956.793281596256,2819.18425359919
774.766960253698,2545.99429729735
723.290173770127,2777.31949579099
583.530337006844,2397.28861947302
124.386949279357,2540.10573720075
321.356542597614,2423.87132487095
469.336582587868,2475.288054406
530.161953305165,2652.40318642352
492.759252293997,2294.77552555247
381.155425846807,2211.05463658144
298.827004582292,2214.43478107182
76.9515290158183,2221.57521359272
8.58958693216187,2138.67454125604
32.3299763547592,2338.3473298351
321.93028787669,2056.53373739108
247.605425555864,2001.36488473644
155.796317309406,1865.46199009807
21.4586117890376,1995.2424084234
60.1851901850417,1772.29789474732
-69.7767820283774,1861.38550158523
-160.346934652807,2028.47896681991
-226.026139542007,2290.63727564228
-73.258926509506,2312.21919081602
-317.229112870414,2350.14553643824
-226.298086359221,2585.27331653008
-109.971913384298,2652.57322996392
57.2840472953423,2893.3943055457
155.310526731433,2711.34992357799
220.159601185402,3118.76719639684
692.600431221094,2913.30479078565
547.867216266808,2978.06962251088
391.214768662552,3017.74581540932
366.894677935058,2837.56182935314
305.955682002084,3229.29009865353
534.764109222191,3338.63445994208
590.058610285096,3260.67683760213
896.855316489575,3339.43340874497
931.460682833277,3739.00914893512
923.078279810074,3288.78196097923
516.030843188428,3802.12970175012
580.863813913524,4047.53830586247
900.52829795662,4327.59301248138
1005.8831173821,4069.25984400904
1041.43448316375,4851.39991916186
1196.0499781054,4483.02977819983
1217.2168363819,4109.25311103702
1234.33121209754,3644.81625159495
1124.84588882538,3360.85143794898
1316.39576568171,3378.00771100312
2645.04823904988,6088.3489098782
2507.2367916908,6975.5601689848
2125.32055974897,5490.50789178047
1906.72018553086,5409.71334307296
2098.79263103217,4956.61959297222
1617.04052432715,6072.87074056618
1738.81196787235,5471.5699354043
1477.42534177738,5588.95767504143
1473.14021847696,4844.37420666766
1409.98983237243,4526.12898121478
1499.91719168732,4054.47006070462
1727.57341082803,4500.2802320568
1459.94575001631,3665.40298568371
1932.74414310242,4107.97174558623
2203.54792173247,4594.10019845877
2655.81496216587,5519.7438969663
2853.68651123688,5976.94653175047
3094.79746954924,6126.02083279814
1908.15473878105,4003.57992012484
2251.76980868969,4262.78285980639
2722.93377271417,4980.94117462639
2704.31851216081,4684.17288661457
3095.52661656701,5754.67194148074
3861.1432055474,5893.48283418827
3342.44094561161,5232.23000530916
3619.77467812076,6059.01303297981
5066.82342427764,-5018.22821669682
2334.96568979577,-1162.21244434228
2428.40380536272,-1276.12507621483
2694.61350229566,-1576.33371456303
2611.48352584129,-1668.43317278814
3036.08355402926,-1746.65347350137
3252.85048218557,-2657.69964548926
3228.59572841305,-2416.02213823789
3021.76598770861,-2074.47747024975
2740.46437008311,-2008.35080449088
3120.95244330517,-2009.23073208538
3536.77741114533,-2364.40455890445
3504.99323618712,-2638.89832646574
3760.71030722643,-2975.89091036108
4313.47392023828,-3269.70395877457
3638.72696859736,-3270.81500417297
3837.76208573764,-2486.93666404436
4196.4706141609,-2885.93985305202
5031.92029365801,-3437.62836817194
4697.20174190672,-3490.35962783376
5834.98469232603,-4147.13719172507
5507.90356265983,-4214.66271125176
5136.34500236054,-4186.87651446973
4560.42131558741,-4168.48758742434
3931.25625672282,-3669.46192405692
4490.60861933974,-4414.75751065249
3710.2323171636,-3494.63193645909
3196.28036745354,-3188.66199416062
2831.29240460471,-2678.99746425938
3041.78017851785,-2583.57579856467
2499.18549528631,-2335.97715867143
2369.01920055427,-1646.99174807169
2350.5273107823,-1735.77876654269
2407.71034215718,-2047.58912002936
2662.52325425479,-2126.96064778532
2425.20880755144,-2214.90491698926
2186.33264518703,-1760.39216539623
2181.79339925209,-1727.85155474466
2060.48367347206,-1415.00146471298
1930.13360156835,-1306.63852577287
2218.96824176084,-1369.05642285688
2006.53089677489,-1761.95896728174
1851.7041131538,-1667.795211362
1736.95706982677,-1410.06512789157
1739.46553475698,-1365.37029476985
1506.33448248383,-1324.64850097836
1676.35132939333,-1194.01171741004
1753.97430379546,-1125.05908189997
1986.62874315497,-1093.69734960543
2100.86058190722,-1176.07950040922
1994.13216425285,-992.191785140491
3414.59355649071,-3523.2259067965
3147.23381759131,-3258.44210730073
2600.48789286054,-2669.78103439617
2475.91520005447,-2838.12124798343
2357.37310232785,-2404.20152995658
1624.45961320734,-2017.92007008966
1703.41938096597,-2059.64736820783
1942.36744154753,-2237.71339669159
2140.4108735766,-2405.59317177793
2223.00517117977,-2255.47835483647
1876.74234887112,-1967.67876347323
1745.70383422821,-1917.19603787286
1470.2017732106,-1858.16803149187
1471.99645648853,-1642.49326421897
1328.44981881749,-1763.65072451805
1854.62465526758,-1851.9208312397
1798.6405639829,-1743.010904444
1523.19957790458,-1439.5109978596
1425.49609648189,-1574.33652978396
1493.7808458017,-1352.90862354807
1348.38828131963,-1409.75487055523
1251.33297817416,-1504.95512327208
1151.47176731703,-1576.639865372
1219.79953956994,-1767.03900888301
1036.8321155253,-1570.74807170446
1069.53619631902,-1464.56364807302
1119.38682267832,-1337.96055814784
1265.40931250353,-1272.41170995844
1157.75744360449,-1179.30833921923
1344.54882712505,-1283.20735263411
1335.10399528384,-777.756255260989
1335.3415428492,-846.264035511711
1360.08827017092,-1046.39713456354
1164.34700087131,-999.038492155135
1367.21228779276,-1180.46248789541
1411.29079058847,-1018.68526697252
1450.86455403259,-898.89856481886
1504.0004059053,-759.388920588493
1631.73765481312,-746.030223999103
1386.64241608754,-630.956226497067
1607.86308116268,-1073.9642846965
1645.87764359242,-994.504288149282
1850.90512629672,-912.93808012915
1735.30762682866,-796.645698210613
1976.33342710267,-898.399154247045
1848.96456719512,-703.679949800272
1749.17235139607,-669.560255419068
1509.7781142769,-549.53548735098
1436.26026733134,-589.303961292827
1466.83933053337,-462.21066793811
-1275.58743881077,-355.887238264182
-1210.15522817907,-389.633586429205
-1112.93349843716,-412.436229728732
-1076.7651691337,-481.68614996125
-942.269810993362,-344.743230243683
-696.925041118581,-665.887105431543
-724.217014985778,-602.633005545637
-832.588511868666,-480.868935604106
-908.0801194517,-540.817468443917
-927.145495590945,-391.361595774349
-741.938325472842,-433.208153804356
-676.175055139978,-483.259196342912
-611.871685634337,-581.069092074108
-544.481931376013,-521.490887697013
-589.928046556317,-655.280961648162
-686.008688555259,-374.632735176695
-624.440987918867,-325.715122119788
-483.754578934504,-366.370430883358
-476.400785282671,-466.67284998583
-381.54670705176,-364.551453127275
-378.038915792752,-537.74045406475
-372.748644153823,-622.798903664023
-430.57133142087,-748.029152836744
-465.088731363817,-703.629762963825
-368.160093955334,-810.469209640608
634.124589076079,-359.50753160283
533.330758970704,-397.853683012303
438.246369229987,-412.511057289218
445.406946371008,-462.500346663066
296.253535239096,-376.608587354611
71.8174432590387,-602.931813913187
73.4447276144549,-611.827364151552
234.281486135263,-523.367005101592
272.567847502726,-572.743117138692
269.516417611123,-393.312292830258
125.973797221232,-406.634757449744
60.1772291455248,-514.365767865138
-75.7452056342062,-618.458980665471
-115.568499781726,-504.859923935264
-106.63368490381,-681.033753487995
37.1038493166355,-362.671953171556
-7.23779997965484,-323.747605376333
-195.816944689749,-361.472362204362
-178.791128239622,-468.31483949403
-240.480317607354,-352.606101340195
-239.911684929977,-542.770852737145
-285.971179068941,-624.758565473353
-260.609785573964,-769.659672593612
-201.929147219628,-712.397044694709
-239.55705487847,-785.559613324685
-103.601183014708,-865.143561206431
-6.91899292030283,-845.721827673277
115.492025892626,-857.27922563087
97.3351463715914,-685.064395453504
189.425370037068,-875.931047667397
467.272279923495,-555.041603990745
403.803384000215,-625.156168406181
325.675801361318,-702.309782894657
241.008904063707,-696.201742529114
272.919326097452,-833.024469822023
370.774195789585,-743.612503327903
448.906869197233,-663.659270367421
582.587160061384,-648.795739478342
608.104892322975,-671.264307495885
545.700589842492,-516.832942572385
438.533772809879,-848.094818406428
513.144856808963,-867.036976827948
642.486201708618,-798.572123680398
688.417625723439,-780.116552613574
799.817074289786,-841.213650040968
781.551767371314,-687.647872908056
750.092373587435,-604.517717171513
735.310934986179,-443.985075845216
691.424890508251,-460.88967940521
798.063241644449,-422.265557889976
-102.742323731869,-915.329978837212
-19.2729079731317,-945.915528686217
52.2774617233743,-977.290635806561
133.167307066605,-1047.01219180486
194.300615108897,-930.175653211572
488.146542431508,-1290.50130330383
429.852079815783,-1224.24680837444
308.733075890007,-1065.30253972624
246.581849983914,-1147.73326140358
289.584100707551,-965.621212873437
429.196082793424,-1027.65310924113
482.576437261579,-1153.19188333396
632.949873175116,-1207.942180775
647.845673106322,-1188.68493430733
632.485073609775,-1360.6772155931
433.425708002287,-970.663057441353
538.624672794025,-905.695037756469
651.121787633434,-995.869211880544
673.525527068846,-1108.29977502841
757.386172174188,-958.575973677586
860.282266568086,-1132.95036205195
838.651063849917,-1254.99228584495
846.695702120308,-1390.67492415634
700.177569343357,-1353.37821949996
802.211393391693,-1510.9472715731
949.154621625152,-1422.88556953376
922.85193286518,-1215.97419241945
908.769139181639,-1054.90967732069
1020.34029250223,-1095.49295696835
914.362754032375,-954.575996216279
1251.0279991202,-705.492038807667
1103.70383534045,-734.061936580496
998.867637085592,-882.679497270518
1073.38803871954,-940.175136077973
941.072918858394,-895.205270589961
953.567627005859,-797.242029317776
1060.8357765944,-758.521521352189
1181.16087139371,-552.974189094309
1095.05537260046,-472.123010474175
1263.8910183796,-551.516182257809
907.394616659464,-748.498305419828
895.737107601785,-598.02780757862
921.712301811491,-502.306333025035
1025.16666566097,-517.093776034856
887.785784768566,-398.24208699742
1059.83192783973,-358.913437344343
1081.5192072286,-354.863187757308
1275.80513752422,-356.73642208907
1268.65120077505,-534.630971294066
1410.84466851931,-346.913959539966
1240.13551698809,-284.562904999689
1108.1828270655,-275.589061286574
1041.99671675879,-218.670067023971
984.433938473143,-119.789796520987
904.730610768226,-244.059612587997
610.466178045971,35.8240602095943
716.434631180225,-75.2417215696023
788.053543996566,-138.922356366728
891.92798266062,-103.05055396961
787.253754359066,-215.045958615546
706.773606326002,-229.392484492216
625.69317536711,-155.320462031219
575.385390131858,-42.7852184403527
433.520110368364,-50.3315407257116
535.660417044616,64.2626825260411
678.761293435538,-245.238369499936
591.081079316753,-264.497309205337
392.17519460973,-254.835875915143
431.584254016981,-176.902932913679
370.855988370687,-256.550090919243
275.223270119017,-87.2220791435201
331.385341812847,-7.20524743049315
332.903201791688,138.009844738688
417.465701010315,83.5535581288572
256.094715603647,172.517737643947
-673.796546644141,-277.654367533395
-640.987898612247,-314.669034782013
-493.741377740101,-209.223245009414
-435.811420583456,-153.831055662624
-352.265696911867,-291.219088654434
-136.580675336217,41.0164136189998
-138.062833784307,-70.9185045966921
-259.093956948288,-165.651668784205
-309.42423258471,-126.080760049696
-331.221403305036,-222.63698349752
-170.007741334144,-198.953958169244
-92.4320103693579,-86.452929210162
13.594322454498,-25.6550515618681
79.6804594793011,-87.0110776735492
15.3712952961415,108.984104288973
-86.1593619656429,-271.446318482605
-55.1741133804056,-310.080043365961
128.299138005586,-244.216695689573
51.6369966676114,-150.885008668467
160.836805552168,-303.517912396808
247.187537871449,-165.944227489763
263.346775465553,-28.9642962870534
187.811552425499,51.3625607717962
75.5136558940903,69.0535579019079
239.431381461554,181.347926196033
85.2798220141212,179.590949627947
21.6739374128184,247.780899973565
-139.505400674332,184.600188023774
-127.662333167356,135.150800317876
-288.073433928941,210.726403515122
-532.624324715838,-60.0321237474305
-430.18670277343,28.4543203440068
-374.419751950404,108.677197597463
-238.891207897636,35.3653071272077
-317.85362826344,221.303806974478
-469.254152104673,152.534995173281
-550.430372000102,35.9574260772988
-615.522576731227,-45.4403632552158
-721.854184487253,54.8073937236129
-694.646014018337,-114.737450287225
-487.796518328579,188.150315254046
-601.75698785718,231.349635298916
-745.673696341044,176.814369747386
-753.482859875342,97.306677911207
-819.025041268141,226.518121075541
-797.878746122859,85.3614973858041
-805.519769053956,0.613270576085419
-847.914282662596,-117.56724750237
-743.343958651342,-115.987562793755
-869.729471313527,-212.262142944732
88.2017923142691,331.508021912217
5.05801782058504,307.961883346252
-130.4358844107,335.211500083358
-110.190046126657,409.126850661933
-197.849497846081,288.468489119649
-482.434181211023,599.877463392786
-420.110169787925,519.857504821133
-304.317517487809,436.297459621783
-273.981314956326,481.259890395055
-292.008858040568,348.935112496728
-474.894527130571,400.663103699053
-489.010150682692,459.32710472904
-626.262876358157,522.549414358086
-741.128882929899,508.515729451698
-645.715686396857,671.018775876605
-484.378279655745,343.457673292945
-609.754725408027,323.040744786256
-742.692897953964,365.355276070734
-771.732007809051,409.167980536092
-844.009918465544,337.876337422071
-845.846928682066,480.177981018335
-860.266958031791,549.912832217651
-848.464464295076,690.059527345584
-733.869911537908,729.905737096192
-880.508226803639,746.163769874021
-954.474741353595,701.012944349365
-929.543659909603,614.418010030981
-997.444692062969,406.462442332116
-1088.02335888978,444.291121096818
-919.604156888814,307.776383865048
-1291.95993820668,99.4911376649755
-1176.42238938465,157.850793473225
-1110.72428281652,241.522144453825
-1107.17808764171,305.725929581816
-941.679200975467,257.46554567998
-1013.1264279666,148.21441769546
-1105.84368332642,69.3466150768687
-1165.80824281595,-40.0321093307026
-1147.64130029643,-153.211291859381
-1267.20501517876,-105.008255159663
-972.354980521933,102.718343829107
-970.465027960557,-0.259913790050133
-953.714700744899,-171.0722847959
-1057.33947509668,-124.54695094557
-982.568860516593,-232.721525091236
-1131.04308221065,-252.549901904455
-1231.63758288532,-293.982620452463
-1368.88141432421,-271.222032057944
-1389.82971549151,-135.483902763702
-1451.8244880139,-313.737934822474
1328.06201200809,-238.208023658076
1203.04396713824,-85.9711071831158
1126.84999148232,-21.0022779309932
1043.26117651205,-52.041795466841
1112.79769588436,43.0702897233634
635.498785788408,108.00574262076
725.414819596894,98.7725359104488
902.867980194483,118.024128167466
947.35035948806,6.27833600577868
1034.49312418219,99.5010997702034
921.436712997615,157.459366613446
766.915751410817,195.080815501422
668.427664838379,222.001979610604
688.082902665625,326.711808493387
594.348626436323,154.982683371334
879.06938410572,253.560478646284
916.493355506893,318.369631505954
777.10924972466,452.466633253512
683.287995863153,377.985486045649
686.5503524863,495.012869949163
560.341378427539,476.123385373344
536.520797557538,386.841782529803
447.014888642969,274.460248689716
489.215187193698,228.655229638344
374.908104191201,244.755957958574
75.049518380314,1416.02369929588
189.396010041382,1365.00051921473
240.92407668241,1156.40262898099
140.083618449019,1101.73093187476
299.260404578444,1080.9228317552
258.466706238198,690.814048252238
251.09916302023,755.051165103844
245.404177881877,906.206624229148
171.792439173224,1004.3286138684
299.96216299818,1003.19317423682
393.473774885871,924.417404928308
334.424097067827,802.543998113128
287.745726150921,658.185989918243
420.447228116524,572.30914912941
247.86767731444,576.960431650153
490.876861871272,901.691107323165
480.476469341968,799.427244393805
572.272773594478,714.374778208873
508.375377838173,637.435261780359
599.540716894986,639.652994726432
538.93881789588,557.716923995365
493.00295803936,515.875880558312
311.232975742041,424.571277631633
315.937202163633,470.55965861044
308.572966257303,354.730557406501
166.663426034623,454.307616318551
106.758062639909,490.092327583286
83.2241290872207,653.950446471088
146.26160029121,724.37245939958
22.0773971919206,708.798505175317
63.5017372779176,1041.78354978688
5.53972165993637,991.643630121979
64.7612777151237,875.20050895564
71.3401161306393,820.757886917209
-29.428385044065,723.326852658562
-121.61447951666,920.806597979984
-23.4313462870591,974.459562101039
-51.2616878198575,1139.01996915412
-85.7974255457667,1197.35246676854
40.8134559388417,1280.47568350275
-206.006809105718,910.052156002064
-249.183987685445,977.679542470948
-271.42364596735,1109.8418166487
-196.520261024072,1153.11092991241
-381.871668004333,1167.13222851965
-227.325854689218,1334.4935334944
-200.34423412163,1340.69931482177
-40.8147254432226,1454.3847619412
31.7009470284264,1308.51987436775
41.5769923905888,1532.13050457487
78.0236393177574,403.074116719888
76.8502608872611,419.348516539361
-36.2749089803172,583.507553900417
-70.3080065044,482.991896806317
-123.291835688665,608.037979056347
-456.648533020027,713.974526310795
-430.837279312127,648.941849170054
-238.014379671546,674.236015103352
-223.401454100924,543.019404421508
-125.811701298187,681.848991875892
-288.425808276421,774.432799396629
-367.877020698345,721.894374133713
-517.150269801861,799.244228166767
-455.907730396173,873.858988859316
-621.270664489127,761.839575510813
-224.082724778524,865.352920809265
-246.881539582381,884.63490490229
-414.64164065581,1060.89123812489
-476.966336415889,972.141616094878
-417.581540422506,1144.13801039903
-600.551723814036,1043.42078190583
-667.095444189992,1015.75888072725
-746.791448051571,924.214923968314
-677.611577080987,829.405235063049
-846.539781022782,856.528284026966
-814.757390863184,967.259850670675
-702.971764683116,1100.70667123364
-608.315715088584,1209.37223214131
-657.719873836871,1216.86174970104
-544.630634173792,1193.79630481959
-484.390275647308,1749.50722439754
-464.378553963993,1570.8790925799
-571.345966586297,1392.94984473663
-612.749789758472,1447.57995421292
-492.947222731239,1338.34571825513
-377.437944280907,1399.59334170922
-388.923847896482,1529.05439423139
-391.169905622977,1732.85976439037
-261.244345700511,1713.52471405735
-406.805718351792,1839.7917314432
-361.15733752201,1402.04749867561
-250.825437990241,1495.48828465961
-137.254475648022,1555.76358601717
-235.999839657623,1699.0302837588
-2.91917760542675,1629.26046758112
-135.621850651659,1859.0505009038
-176.775821283025,1957.62136126829
-317.404059292438,2061.9829728616
-388.883674756361,2058.43961145166
-370.420661849113,2307.6830411999
-509.748680676259,2144.77937040934
-564.321923453641,2092.93576408778
-652.002504425558,1949.02625625263
-646.444052471481,1743.92287803792
-776.362273333964,1901.91181712054
-803.609458336382,1275.67964867421
-784.100944761803,1405.71023004874
-740.379456405884,1572.19402384717
-668.522531958537,1587.18403223577
-852.107619646453,1720.37003302857
-885.938305281118,1563.98067460745
-895.991142978643,1472.45110553414
-886.08924333966,1258.74299604842
-1006.71096556384,1304.06080054478
-862.604429072568,1200.00114903329
-1003.48810895741,1625.29982273747
-1062.05824192724,1561.46898404535
-1225.4542771045,1469.95588739847
-1109.40659417306,1426.92803085184
-1259.97217647341,1430.27706212803
-1201.82644565476,1270.02694786593
-1068.60234984739,1139.43652934527
-935.000476293816,1055.81951980044
-887.611271597868,1097.08640365523
-890.545083520714,906.494057156921
-2527.55312762138,832.611801117617
-2420.02631708044,941.597624353049
-2165.01387083704,923.990889201867
-2068.38040090389,859.16169910527
-2034.97108554658,1023.80991661796
-1453.49203636887,827.589984211339
-1605.55697628936,913.538973589729
-1811.0598409217,973.217247419873
-1759.00479347865,892.496307850662
-1902.99347182674,976.234792728673
-1660.55231785504,1040.45819628273
-1605.90332772056,997.187134018134
-1371.56153094529,997.650303223201
-1402.65145792369,1068.14331012881
-1302.23901446578,885.874035337727
-1795.13058563023,1142.41034433131
-1630.1181974682,1235.0766779249
-1519.4257898375,1272.36609844507
-1345.65143782063,1211.51078723136
-1424.95051219537,1401.65008412739
-1262.82009837454,1208.98686138235
-1211.86779021996,1095.69777223761
-1099.1490969763,949.280883289432
-1173.71901992207,943.451766857711
-1019.33864846634,877.702568366599
-1143.92490325191,757.430747605944
-1212.64174184355,689.866505023446
-1335.10234751745,647.219072467619
-1376.37968912708,750.081295906125
-1395.50281568312,583.599231330681
-1957.73078304218,781.057974299841
-1780.62174494863,660.439211141035
-1638.67293412888,685.960948453305
-1622.74036545401,760.864578215161
-1472.57033299032,623.338706715055
-1682.99578548971,512.653276479069
-1807.35531468681,625.353298528593
-2009.9481388466,629.392484385146
-2031.41611477015,536.171270989019
-2242.39861346186,670.944003161524
-1618.97009320569,433.484644711244
-1743.19258301019,441.247660183363
-1992.16078934082,357.441265070431
-2036.41633736591,404.892406891349
-2032.2186234048,202.125903662492
-2248.96076561039,328.569244128457
-2306.20003139365,457.379849246705
-2500.18180413952,692.914250664788
-2333.92435338672,726.546789044673
-2686.66821459316,705.098440156836
-1045.00394720963,708.687396109455
-1083.36058772903,629.746477417366
-1225.17016216214,519.404995460042
-1170.64950441936,511.707372738432
-1272.05361694007,504.908343337838
-1304.84024576053,117.507562471984
-1355.04610038535,180.169678776381
-1328.1762251748,296.935908257457
-1207.59422773417,375.799068682939
-1309.79187609068,421.481735764098
-1468.31328575844,278.555753157548
-1443.23594079259,260.427806872785
-1492.8828585321,122.601046743928
-1631.28139743913,120.444235838124
-1434.71328959036,-18.6866533795871
-1523.24081820821,373.68702743532
-1629.43745520771,314.657758395025
-1812.85556633953,222.762549194112
-1770.76494373686,135.903828624641
-1937.56057865355,213.455340690037
-1805.98641715601,55.0872633193638
-1737.85625386269,-103.037338761496
-1579.03757054965,-145.23851375029
-1545.51791426406,-105.540900836373
-1580.06870481586,-193.55993022792
-1732.55163055589,-177.876262897854
-1845.82387555158,-184.503648078418
-1993.37824442355,23.9357094681377
-2114.58916508629,-73.0120828893732
-2033.75782366973,19.472016351014
-2989.27230557176,157.954228416293
-2724.12638086598,102.425852202683
-2396.85023660503,73.0991877374747
-2351.82574036357,4.39470730778912
-2226.10059095688,124.977234006792
-2460.95807431814,274.591863781301
-2606.70497176423,201.68129316728
-3075.73888258018,295.934505564975
-3128.99140579574,405.030774827952
-3371.4039546853,243.99672531261
-2383.60599483923,296.806248266529
-2530.83139036878,380.838656888244
-2769.22745055974,544.874531817124
-3017.47230789017,532.083819578971
-2880.94679929745,738.261211648217
-3332.11724452128,648.856206194338
-3510.93099112853,647.547282231278
-3832.73469950086,506.583141491942
-3682.42381007142,400.794598719277
-4313.08732904096,368.284238601627
-4125.72062960712,744.568798215196
-3872.55677332841,803.013906347571
-3464.07426829786,832.543747782649
-3820.54140929121,1063.56560156794
-3214.19501657153,882.476317427674
-3451.62093169143,1534.04022901138
-3325.89961596494,1302.83666279153
-3249.74850641725,1193.399022844
-3573.79187430314,1122.71674379981
-3065.3093031764,951.534976604835
-2939.03514303152,1130.08999249048
-2939.08691024715,1223.70598551963
-3051.72019810845,1413.46435025813
-2707.32963135086,1380.24632007394
-3150.77433592291,1626.67508420339
-2702.98057829294,1055.47334068845
-2572.45372163692,1035.63241839324
-2410.26580555606,1148.75830919391
-2531.82847796236,1279.39596759937
-2133.41643485018,1162.85799352423
-2412.34074672908,1345.20953844708
-2527.35360615617,1573.17411951797
-2948.85125409678,1837.53742756517
-3083.74954397892,1825.785693321
-3093.35235658358,2017.31054525651
-1133.91251938194,1825.27500458952
-1137.23192164068,1757.61531275485
-1285.72285423559,1651.48843411573
-1468.44582348816,1775.17580440114
-1425.03556168808,1587.36294119444
-2097.725588073,1944.33594538186
-1927.29725807348,1840.90736214741
-1593.81151216679,1682.65486727077
-1608.52926139663,1794.99344973815
-1513.87897620363,1578.80937709926
-1708.81522765006,1527.16163533078
-1807.52945714838,1629.85821112551
-2089.55601967401,1736.27923933384
-2170.03281280539,1549.85512007063
-2342.92291148867,1955.26051883496
-1636.59489525306,1360.55129424769
-1709.82122749781,1326.00184149602
-1988.57447621095,1294.81757193593
-2027.38005138167,1437.92636293969
-2057.07447048565,1254.63986884302
-2284.15622361766,1446.48160761557
-2426.53302959075,1648.03855369124
-2666.10602560602,1837.62887925641
-2600.74829261709,1936.95809886934
-2966.64947292577,2016.85779543667
-2756.5323341846,2276.90886391455
-2600.49799370625,2287.42406498939
-2381.91715950176,2264.77710652675
-2144.93254026682,2125.14886041465
-2257.75381349169,2407.5550137914
-1480.23905777413,1914.88680177495
-1701.03967810362,2033.62633440532
-1926.07981591121,2186.22216745142
-1911.15635945316,2063.06780871018
-2126.89231017464,2363.27076242198
-1852.91387608507,2363.8749144934
-1660.25418985366,2283.08281053635
-1439.77630356884,2134.34490724519
-1511.3989313426,2332.31407343536
-1336.11601845747,1996.14821172004
-1938.96892993999,2638.20728872896
-1850.31617331117,2724.22882016516
-1674.63524506776,2818.66856860053
-1486.07093318465,2553.6824392487
-1609.96604986363,2908.36255778694
-1451.49850097492,2581.00020766573
-1281.4434714079,2346.67262746221
-1072.20501460146,2105.13893690117
-1208.49752599574,1951.52392830326
-964.823272317773,1958.41116726041
-3041.90811505775,2569.92135384688
-2986.14360261327,2565.05862334456
-2728.67357681013,2735.38939208435
-3006.63146840859,3013.41447642222
-2495.01563519581,2733.2214523113
-3088.11681436421,4202.32588612256
-2915.79677541873,3740.55733892827
-2797.25906379361,3143.71211327195
-3024.81092496833,3324.21792973084
-2571.90205712939,2867.39585440671
-2510.16636104217,3116.59901393278
-2608.16769746153,3450.10560729584
-2725.60695096335,4075.05143533357
-2594.29670112736,3842.79458518489
-3089.55919984995,4542.1191874905
-2254.84945484895,2839.91289526603
-2087.23748716813,2895.04201359498
-1997.54681460223,3147.40013522222
-2224.54053390759,3508.25399184195
-1891.17926610357,3210.44436371942
-2207.98291062907,3823.89630894411
-2524.75813554411,4233.39227810205
-3120.19414016961,5056.56540631985
-3206.62685331684,4857.70263968175
-3461.59173156527,5911.03101479167
-2687.35997269703,5196.33901556317
-2448.77671418574,4634.99856162841
-1957.69895822336,3905.88190087077
-1839.81576197413,3974.65614336341
-1839.13562208205,3448.70246309372
-1087.81684918035,3003.64183625997
-1135.97526959916,3025.93542006599
-1386.96282709197,3276.60961689066
-1528.05122043787,3609.44221406015
-1545.08745444413,3183.77807891399
-1259.95365187532,2909.09303243335
-1214.82284251618,2778.09942023641
-873.588119239249,2621.3765556807
-847.831286815213,2488.64527739008
-861.150016337795,2715.40184837207
-1278.23017808453,2651.75599224512
-1241.07532430702,2476.15402814
-973.835738653877,2235.6084448649
-924.902511127767,2251.46846200868
-952.800149515331,2066.89829149425
-801.340674322063,2149.32771725841
-655.036883499523,2228.47805155689
-640.256355172538,2387.36590392828
-662.908598267636,2562.71896071543
-486.133585449755,2399.0778693577
-845.904109263418,5764.23223788688
-798.220740209552,6615.41337201048
-1402.82335588675,6798.23062573438
-1550.59581492205,6189.30754050439
-1240.38309059194,6411.21880246808
-1933.02849957157,6166.49239371577
-1608.08613815976,6134.45620763737
-1785.64984073584,5493.90573054731
-1345.65318464507,4993.02764472545
-1119.74240881947,4962.60691717774
-927.289855644386,5108.79260935114
-1014.96431965128,5626.31179342265
-664.643803702143,4778.82690424968
-2349.75411804915,6630.28646931761
-2539.06086033295,6813.29444192862
-2084.22507541801,5639.17130814496
-2479.33382670677,5751.03051007597
-2601.62174434032,5988.75044891896
-2957.46503204095,5630.70849983751
-2637.6801312968,5314.73698471367
-2019.41062842084,4889.35450517746
-1972.91133193757,4379.57930434485
-1890.34286963646,4845.38851322233
-1018.15161535129,3282.92307337004
-1104.43227141761,3525.41060201
-1381.4776814127,3996.28638634166
-1491.26112141614,3866.15150830387
-1626.38928651744,4505.60211408469
-1318.34335615696,4084.15078067378
-1084.44267512548,3766.13702376617
-816.437260924482,3327.34116554373
-799.90488805051,3462.64643771269
-735.947901401224,3078.29632915649
-1225.75626628441,4472.24043814626
-1007.04753806833,4431.63474214444
-845.353839092094,4245.61970117852
-806.886743358525,3739.45862089013
-642.575914871134,4242.09634411191
-601.63812938736,3588.89275063309
-571.801949177362,3304.99636883244
-580.532330018753,2858.33633613093
-603.015850553944,2853.99868410017
-460.637216189017,2656.35721914573
-328.695075495742,2943.52144518563
-371.350082565444,3199.25061169418
-417.644776077091,3738.95827388646
-301.645809266208,3693.96502758691
-409.525822922254,4094.47470321562
94.958603409487,5786.86055986752
-179.856585213343,5355.40869271942
-310.138405237495,4702.24666179085
-142.491335627829,4210.03815458604
-471.95908018118,4468.09890894123
-313.510170681801,5345.19234988437
-361.252395825279,5788.63567680664
-111.187586160495,6659.80588739684
228.184769906881,7085.51789345181
-524.090997285974,5696.07526690768
-722.727531457052,6585.10379439058
-244.01960193428,2833.07435637822
-168.145201140522,2932.16924762062
-7.38531901284343,3263.23206996596
-82.929504939421,3544.73146373735
111.015725348652,3286.42599132583
139.407467066857,5385.26089248686
262.994709581103,4783.86527431968
140.227456499704,4103.88369442185
-69.8735997103529,4059.3340151246
158.194602934558,3587.3259178168
264.379292331757,4174.41010652429
291.901049547425,4646.21501633596
506.74371690722,5718.71137569592
662.638211384225,5779.81702164111
430.797324145546,6573.14239434079
459.026133479073,4108.28111796372
535.703668003175,4276.64844701583
916.038689799259,5016.14382307358
799.938057599124,5559.5532774126
975.538276903457,5253.11454814816
1054.49828418008,6450.30898556724
907.35430972545,7047.69224750682
650.693201984271,7233.91313287979
1652.64948654896,7004.1984929182
1466.25250574095,6256.48250887201
1194.32817334608,6903.97251606516
2471.92317985094,-6137.467669675
2614.71321015118,-6444.05843476421
2301.85376187169,-6852.47186503183
2046.73820482882,-6096.91386847611
1425.75530685281,-6715.23999455952
1203.89211832219,-6934.87941524606
1747.43752508503,-6662.79385192262
1612.28988621266,-6474.52259516498
1740.814642036,-5843.06403029504
1332.43978605782,-5468.14761757461
1182.15549379092,-5253.17632310455
828.964890278638,-5457.7741806919
822.637338170347,-6045.39715909618
720.480732015903,-5159.02367871441
233.414666493588,-6945.06900343422
505.654826299319,-6051.3024857374
795.572301945144,-6597.53448991539
516.10828787476,-5439.64298356325
262.281241495995,-5516.77692972016
123.247838591634,-6259.01313179149
-76.8927328133463,-7175.36716280718
-343.251206673891,-6631.99054618616
-622.365662907691,-7536.09125958813
154.876674949892,-4946.49344658782
65.3060278967186,-5028.41922445708
-212.635668320068,-5196.94625378892
-323.729403329541,-5934.4223281367
-511.968724655997,-4986.22198912722
-1170.85390040505,-7176.21498018292
-845.029743649511,-6088.9504146643
-672.202998177927,-6549.29296611119
-558.606881373605,-5342.21023011253
-962.691509279538,-5918.24987851223
-1263.39980346491,-6626.5399352821
-1079.17310041903,-5296.32244564867
-1241.22568259928,-5415.89475050561
-1564.32659854497,-5774.65466077625
-1676.69788423728,-6532.15778316196
-1813.17324371447,-5629.52127486296
-2271.39118622534,-7088.01558151301
-2949.49275863362,-6556.08803934589
-2572.54422839571,-6390.83134802702
-2132.22258340165,-5936.63175400865
5053.4652779741,-5320.33902966367
2067.67811998959,-5423.48555273244
2381.19697715442,-5622.61504964174
2885.45929574603,-5708.77129176775
2674.71268173731,-5133.86145144332
3288.41990707344,-6288.89002351839
3362.98775716116,-4876.78326349835
3418.57947583843,-5206.0986411058
3365.19159012422,-5555.62969912058
2843.00316064439,-4998.85066778802
3366.6287109263,-6248.54769088365
4057.56843149672,-5930.85354258662
4178.19482244726,-5713.92724672307
4048.32497713526,-5210.66396144048
4846.58867087385,-5476.42226770784
4203.69330804136,-5118.83629988076
4584.5691392521,-5033.0414875733
3788.83660077813,-4408.28258044277
3281.34559581821,-4015.10514530643
2951.90498738218,-3915.45746718053
3130.70206855986,-4365.75329887731
2537.13310919496,-3578.36590205368
2358.56915269224,-4593.58745274564
2276.57608716839,-4199.40545896066
2489.09557517195,-3901.79453477792
2831.0627283958,-4373.07980799263
2412.04388007711,-3581.27871462839
2072.48376224547,-3484.60528891685
2074.35218733862,-3867.25189123182
1866.86509733455,-4036.75880472039
1727.82107465189,-3671.40971555815
1957.14517158196,-4505.85138566647
1826.88263818681,-3242.02532452578
1645.0779162889,-3056.25518072284
1394.17759541873,-3055.60640682587
1596.36457731352,-3339.80950049905
1264.74962347647,-2983.2411575949
1306.07037023146,-3321.39661715419
1487.70559213582,-3707.98029828559
1602.62691517844,-4449.64528187351
1891.02044863681,-4510.92431017185
1666.67854529798,-5036.45363743896
3447.33540242985,-3953.69368580684
3104.44053313704,-3646.58422836507
2604.78737283168,-3276.33034666068
2533.33594756657,-3000.34946459152
2428.92162825017,-3219.31428625952
1551.90546783809,-2225.30719639005
1657.03058066762,-2371.03911786716
1963.50391351199,-2766.48488410679
2092.24052776564,-2650.80373958321
2095.25583076059,-3019.7030082042
1817.28800639131,-2743.44209306939
1680.19829241047,-2459.80649309832
1366.14569515196,-2231.17892805527
1289.82341192395,-2225.61730367123
1297.67426213995,-1968.3138302743
1720.44283045031,-2910.11324766166
1546.81603527965,-2839.327226831
1371.89429973435,-2683.06672892217
1298.00199755066,-2468.14737545488
1252.39851974164,-2700.7404249614
1089.79487171139,-2341.00387774316
1115.61128305631,-2147.37113965364
1068.95923480442,-1871.65731336899
1185.80468097484,-1905.85837489641
1017.48059262985,-1728.2623649909
927.199464701665,-1913.88224434699
951.639743951706,-2005.4044601682
905.335625463834,-2336.72144182647
840.455794828299,-2311.06787488492
1056.37309946513,-2561.87139730906
728.683973801467,-3219.7739875864
794.987336046747,-3078.23862495214
846.426069676209,-2730.61882474893
761.847299499307,-2505.21786558011
969.426041615622,-2730.13343279368
993.304207202204,-3090.73845764728
859.09876951357,-3240.89878079276
776.303892408357,-3566.41755638118
976.985513050317,-3997.34552376435
728.285433072434,-3666.87723508528
1195.5555875961,-3269.71817053454
1300.13176470496,-3652.97893504694
1417.33949739838,-4277.15286870328
1217.06502105897,-4234.8516970758
1424.45640828025,-4782.83327046862
1270.03612133076,-4840.31141837755
1099.18945092271,-4777.94092486355
665.91055347224,-4438.98924736476
651.797913515008,-4024.50363131531
609.14738606664,-4578.83374608453
-1409.36241271187,-432.880394721225
-1310.40080248515,-544.395205443655
-1201.16288701617,-621.061979258473
-1071.13458568864,-563.740624591253
-1135.06101533631,-760.052419473054
-737.983874986709,-746.494124892654
-847.284850406079,-781.76486312161
-981.691265418781,-682.824049154696
-957.223024711901,-579.220785376403
-1036.3929601471,-764.082117808939
-1005.73125102608,-819.284890092066
-888.344743960399,-822.296395742499
-688.969345622874,-869.430704977402
-679.769536170943,-972.868011607143
-597.600261535388,-830.73973101762
-1029.71204149935,-903.632070938107
-1001.0867063034,-1002.2812016164
-856.372144403968,-1077.0516175565
-790.116110091864,-1079.21491778412
-769.192498731771,-1192.18772891473
-649.552269743061,-1103.28688912945
-558.794952500309,-1072.09764543395
-493.744961801606,-956.565214526977
-555.606859958273,-902.372221166549
-372.935306625556,-884.537355305231
-156.511174668668,-2407.94711624806
-279.166151416847,-2276.61403207223
-303.734539645249,-2033.23556176687
-221.163232132246,-1937.6271463544
-355.132310243392,-1926.66764680398
-273.395955610794,-1432.10325558699
-292.823904574181,-1514.30113122585
-381.393739120001,-1676.1769339774
-269.181164949973,-1689.75196497292
-443.378288395412,-1783.64214657134
-472.090327459609,-1586.94643020466
-419.283285680934,-1557.41374288413
-422.496435837249,-1362.67988367005
-468.115281190657,-1349.86767533674
-335.251295582385,-1269.34094957262
-578.63654017363,-1671.2993345711
-599.544963223825,-1598.84339921409
-621.187270139723,-1385.11428582051
-602.60482949848,-1341.91236289822
-779.432340348496,-1307.27626542065
-624.325327405955,-1151.56418604578
-526.42008471042,-1148.30431360624
-406.088265053799,-1033.65365394396
-372.041479130346,-1112.00593269385
-329.690666706792,-994.054538325037
-193.680460309998,-1081.95275117527
-190.322763767702,-1135.42478818573
-179.681659624505,-1312.749149697
-226.577872517489,-1379.54370997274
-43.9584816670103,-1368.7252500396
-185.833486093227,-1880.42588106895
-69.4537954361469,-1754.72534135335
-127.267355574087,-1575.80589528074
-196.802952472889,-1540.11267497295
-13.0049922975938,-1476.76833700388
-1.05423528107366,-1599.70936473246
-54.720397248523,-1743.3111938369
-68.0665522400425,-2004.18259496737
31.0169134856595,-2065.35762093337
-48.918259532536,-2184.05713684467
78.5797642704461,-1637.80678521246
159.466007814175,-1713.65783087462
216.51580500466,-1955.56493119497
146.086706333527,-2064.32011622231
351.09718467221,-2058.09827606982
235.27464590028,-2262.21293380167
191.910559708766,-2282.79434402828
-38.6176288326865,-2406.72994601736
-6.73309366007852,-2286.17081416987
-55.0610671827847,-2614.99974091142
-159.519675134436,-1012.02213520377
-112.024685075197,-1091.88303643424
28.4939043483577,-1224.85428204023
19.952468275344,-1146.4556187874
-16.1803591401201,-1339.14051746675
483.366941434627,-1357.76510621591
337.938966505527,-1306.70737634831
227.707404516028,-1346.42508962736
189.41873336901,-1231.99761202219
135.325447014585,-1369.19244502555
255.731266506754,-1450.50494664406
320.849980748802,-1436.49743349629
481.137849047463,-1535.55703606866
503.864910410044,-1673.25977912993
554.014281322535,-1488.88965132806
141.48872802931,-1576.95472608136
231.0663920182,-1679.2225501069
392.178809590972,-1830.61684757948
422.684818953187,-1774.92534131258
431.988216690751,-1930.60366656999
513.038063297086,-1876.34687826205
583.955035310674,-1784.10456822604
707.602284328685,-1658.67310531145
605.610492830223,-1557.21899161059
794.46833998714,-1598.46857194144
768.031436547331,-1818.15076000697
686.913236473403,-1863.73248161004
672.056650895494,-2065.6956794705
754.08761770494,-2218.12315384959
503.814982926108,-2043.16947690842
634.738916646916,-3031.46802785685
616.23310600594,-2758.1199586738
536.935840763532,-2437.00805826155
710.319872598592,-2447.08647182767
530.339732982808,-2222.32174324772
430.327756615372,-2408.05326238441
475.312163243209,-2635.09607584808
374.686805290754,-3019.69562741978
259.787571991884,-3066.79606461715
479.890069554654,-3412.10966798351
315.814125337301,-2361.7475587522
242.883108439151,-2436.13911944451
52.8063783179596,-2742.6586682794
204.019499661648,-2931.62246151275
-24.1255160295805,-2800.20645706383
89.3433992075913,-3160.42685739738
141.442685701329,-3435.35517575829
371.663650901734,-3835.33971552414
399.339443830367,-3717.9382638083
343.048158274235,-4313.40442089032
250.395356292612,-4085.98193116796
158.148063948018,-3747.14180408465
-125.542397951393,-3352.06401272604
-179.404880370649,-3525.73165243942
-139.904253153746,-3126.36184876691
-682.107581217207,-3017.30038380992
-578.95751164443,-2991.62967948818
-315.663189781323,-3028.39955466511
-412.83779328712,-3386.244773866
-205.480497449901,-2998.2543973496
-324.971192261733,-2785.3389109553
-501.747799375273,-2728.82101172601
-664.983643082182,-2738.27759736799
-607.606853382816,-2459.42083438125
-790.776330931502,-2885.83377429566
-269.69467296123,-2548.48193328014
-327.741843695547,-2438.81595954323
-475.857487602931,-2181.59297052791
-591.99130666002,-2272.30057754022
-494.916479531273,-2010.04371678022
-619.047174623473,-2206.01109393142
-753.434061598153,-2313.64462909645
-884.686110264091,-2614.73673461453
-862.331417742819,-2695.30398557609
-1056.76246255698,-2669.6880604518
-1143.49330527136,-991.102939713613
-987.863179117855,-1066.86435825028
-969.060380361705,-1179.17854075723
-1024.65002004452,-1279.36475366679
-905.782535017777,-1287.23770906335
-1098.87271323792,-1852.93108472218
-987.586489789165,-1672.82469861206
-1021.60863890286,-1471.9147431403
-1097.14299850525,-1484.54055596306
-872.083265206074,-1388.75891064241
-809.816870299053,-1534.97168491072
-894.001571607976,-1689.48329449793
-956.430016567926,-1880.84608767921
-871.909159516839,-1890.25892874207
-1080.86924415558,-2066.12407147326
-803.734499488767,-1510.01743309432
-704.664161459136,-1611.45575364263
-692.859539009755,-1782.21293763446
-754.724362576499,-1885.85396730981
-570.962482730297,-1859.84114811433
-651.328273227914,-2077.57073441684
-769.553080977422,-2146.89318580416
-1021.0035255113,-2410.4255466439
-1062.60957700654,-2197.79332229298
-1166.24014651082,-2522.01970685235
-1225.07654714233,-2382.9015692775
-1304.89621772899,-2314.60711790156
-1358.6290260084,-2018.62281855474
-1178.55703272091,-1922.64719491063
-1369.34996786585,-1964.13660489547
-1174.11977491437,-1344.15167853946
-1197.83310603198,-1424.36352744087
-1286.56481780508,-1617.16710436261
-1165.08686370901,-1655.29337831481
-1424.33754196678,-1833.2805257918
-1443.23710109656,-1664.18622361249
-1383.86407630171,-1492.61867965023
-1275.45581796996,-1267.92003427785
-1451.09058701712,-1296.30019679106
-1219.93281880914,-1121.02670824845
-1536.78636938519,-1632.29720634681
-1640.45884629386,-1628.03278659295
-1652.05325532734,-1455.06574896958
-1549.10366708873,-1283.19538201268
-1799.03500574357,-1367.05544936524
-1585.41397464955,-1188.28386318474
-1499.56373534065,-1073.66172715611
-1273.09560034792,-943.543002911735
-1190.22922348437,-1105.0560291743
-1257.66120144808,-894.075608013243
-1434.85273117321,-2526.53319124865
-1376.24740943383,-2417.37087202386
-1537.79526432803,-2292.37945098204
-1740.49056092189,-2397.30399825449
-1574.20903024036,-2042.88400228694
-2334.56194374014,-2357.86623995471
-2132.66328719434,-2288.20671315979
-1846.50598829597,-2197.73064854579
-1952.80421119758,-2358.38277467776
-1681.1943353341,-2039.25372949821
-1798.10608930127,-1966.96258856798
-1958.70502212761,-2067.92915833915
-2227.93615618596,-2064.69371716053
-2259.14138496336,-1864.03670609628
-2568.62059627944,-2254.59682737772
-1742.96340246396,-1778.44172602952
-1778.72624228846,-1650.11577403233
-1944.67866349267,-1567.16817294333
-2043.44648802893,-1682.22916861959
-1907.58915739183,-1492.70341428804
-2163.5526104707,-1680.03462200456
-2458.00655964033,-1780.22565801908
-2752.57225374791,-2067.28424592768
-2678.47571205403,-2164.35553255332
-3073.30204617654,-2263.7960901509
-2771.71852092073,-1885.21619097205
-2564.46571437346,-1798.55402410549
-2212.25454831666,-1439.82963852131
-2293.14400833248,-1416.79198433441
-1998.37535932856,-1399.43954088851
-1801.08051403152,-847.069419277431
-1908.74644627127,-948.63610544066
-1938.80606802746,-1111.78799080495
-2084.35835984445,-1202.56627844186
-1914.35495169831,-1250.07875386504
-1736.85149624729,-1028.52757824332
-1743.94929768593,-979.419364053443
-1617.10800785855,-749.256920606779
-1572.69534343229,-799.444727319522
-1639.36319236934,-662.548331253973
-1688.54632414327,-1081.43530410838
-1512.44379082746,-1063.78009489725
-1422.50482720019,-843.335957532056
-1416.44762448747,-781.018883701856
-1274.49327015552,-833.365767133977
-1362.00867745383,-645.742549020919
-1344.64728021407,-630.261122345513
-1542.53694062352,-544.271940365034
-1637.83951116097,-528.639007499151
-1563.89106432773,-424.12623779559
160.867038941281,-4508.00287468631
-58.713624040552,-4398.24053726037
-270.194852099216,-4425.49686885351
-273.674612552257,-3874.7607857628
-377.028987979363,-4445.80856925856
-774.443891157585,-3249.49572831768
-750.556814955718,-3562.83315470575
-614.892843394061,-3985.0600090932
-362.2295938898,-3663.82454745688
-591.56717185881,-4317.55944949344
-819.384051736054,-4248.74383046182
-815.14086262155,-3932.3929877788
-919.241623862417,-3488.06885612839
-1107.44698541762,-3750.47318556759
-972.890301073715,-3266.6705473126
-885.264394377044,-4654.96765786942
-1017.74548424066,-4741.64231399081
-1348.2149033598,-4707.60675498531
-1342.11695643172,-4290.91677379801
-1649.63630835009,-5120.15747733191
-1479.58843864626,-4235.69010599213
-1380.25784213651,-3837.77278244964
-1242.30053737666,-3260.82383294116
-1038.1828359566,-3204.41193068182
-1143.01895099981,-3012.40096907492
-2331.90941919216,-4083.59401555739
-2616.62276975617,-4597.779144503
-3191.25778821003,-5538.25002494385
-3388.47140152511,-5439.53170349433
-3698.09393089475,-6317.41123378433
-2986.20419525585,-5528.3819855765
-2473.38345483468,-4957.04840952107
-2008.77100548435,-4109.14567733876
-2016.68300324343,-4259.99357866974
-1853.417688314,-3678.53014963484
-2993.36594177773,-6118.89146700785
-2740.70558298445,-5720.94147986297
-2207.0561274934,-5275.19276389036
-2042.44644675179,-4615.178291008
-1958.81837254735,-5364.24170930093
-1606.40552216516,-4383.43028532779
-1488.72953755384,-3858.34801049785
-1497.51544804466,-3414.14887183826
-1569.5614805486,-3450.61903292339
-1303.5065889643,-3021.02931842922
-1573.98624886401,-2984.95001309115
-1801.0379905549,-3159.4322712585
-2097.85580862069,-3462.57000991846
-2244.54090564814,-3697.19222626371
-2258.85238366931,-3442.06895100534
-3993.90871566525,-5860.87870757645
-3664.48863858371,-5159.8687614944
-2804.72745299105,-4215.18933851107
-2830.04737324418,-4280.99397874435
-2576.03594653895,-3792.42815956644
-3221.40421860159,-4282.36684593885
-3628.54031043985,-4832.99090534101
-4601.91325573482,-5991.23457761449
-4726.3140752759,-5895.86083741285
-3195.58875639851,-3898.3539056879
-3441.99322548994,-4077.05061574482
-4139.33668624797,-4721.56612750501
-4634.62997021211,-5354.01435716111
-4567.37196326649,-4948.81160342018
-1485.78577466347,-2754.2141000911
-1719.9130894665,-2893.35463648501
-1922.24976704133,-2918.07263164231
-1894.50581153976,-2641.42519270854
-2122.4777648328,-3088.69215524211
-2552.89518105877,-2562.41803783963
-2483.56784886228,-2726.50071479606
-2287.3175129954,-2857.17210351222
-2036.04963881678,-2664.54827950227
-2315.24121890264,-3106.41353486016
-2617.78137912518,-3198.16078877763
-2746.24837172531,-3008.87215209156
-2852.81052174238,-2924.165275491
-3208.77227549361,-3119.61943844406
-2785.8577137088,-2641.66327672899
-2899.38685350637,-3506.09878580228
-3181.82547752931,-3704.72859045743
-3784.14079436217,-3920.74390585087
-3539.44373066944,-3650.3838322962
-4238.09532579317,-4424.05005659462
-4021.04972941033,-3648.71136688459
-3848.68823030768,-3419.69671490608
-3333.4024420408,-2808.59491714117
-3073.48843859852,-2561.8748581178
-3261.73188226099,-2553.3837234963
-3852.46254553672,-3074.88717296962
-4076.38458890267,-3500.10195788379
-4670.35128904986,-4308.77837145445
-5349.88644060385,-4600.94052635674
-4983.7499758059,-4688.52083517062
-5894.03955190821,-4665.97477019082
-5778.72937146357,-4342.49285758265
-5971.92696303777,-4127.73152178225
-5053.19740848129,-3818.95992697833
-5656.42046910398,-3436.00373509706
-4983.50681321176,-3263.69376150483
-4183.23842768438,-3034.85950758706
-4392.24876602022,-3334.63758145026
-3764.02654360987,-2608.39609289705
-4684.06239795663,-970.553685293211
-4679.57529948637,-1035.7082525432
-4735.11956891756,-1324.87405950895
-4187.52533882269,-1216.15834548877
-5087.71332808795,-1681.41414576855
-3772.56756979943,-1826.32320492183
-4080.08736212726,-1846.64165225688
-4436.29724017232,-1762.72189003356
-4054.61135399829,-1387.07739796553
-4873.53915853734,-1797.20229660547
-4937.85793707484,-2079.6792109034
-4519.82431764896,-2129.52330445507
-4163.40453028586,-2217.25205441708
-4667.66019224459,-2552.98266633275
-3815.07731199056,-2082.60445695503
-5483.62745102743,-2413.97511132585
-5654.6143967944,-2577.2518215356
-6058.8084064939,-3060.51971070604
-5280.2497257662,-2806.58695428884
-6467.03275556672,-3462.14000279031
-5467.53600118474,-3143.24703115741
-4752.12045332455,-2868.57320529844
-4005.94897269854,-2508.6771701533
-3761.06757982346,-2161.14213353996
-3567.09298181439,-2367.66600126087
-3329.76775393503,-2040.32939874066
-3105.63358604314,-1821.93382772422
-3170.34463888666,-1584.2631376919
-3478.46757846186,-1670.97122748854
-2930.71253100309,-1354.12142027097
-3900.50316939923,-1073.4449212265
-3542.24471240905,-1080.18795060622
-3272.92249279569,-1329.72922986916
-3509.26753907043,-1388.5355574495
-2961.14565199898,-1275.58981806786
-3066.20701651503,-1000.36656894998
-3286.19298573303,-1005.21773786111
-3514.34852834559,-917.079179285721
-3384.98743246576,-735.116386964373
-3907.87617902523,-943.670602698248
-2793.83980145632,-885.388834724655
-2741.93256674464,-820.174086392344
-2788.61691081127,-672.021563807719
-2973.07612937581,-647.736032162873
-2723.72709358723,-508.24730706169
-3087.64547186351,-566.42593926358
-3431.80344376445,-527.992133338423
-4011.52071649347,-620.288187892769
-3956.2334118839,-788.363907094915
-4461.23593945882,-613.966843039451
-2982.03950686927,-1926.46312184449
-2887.28261248976,-1659.62519783618
-2715.8785041458,-1391.0784416368
-2487.41943442158,-1339.57822991412
-2767.52746075424,-1305.53154317274
-1986.5751776848,-831.558508175272
-2128.41260973908,-936.727597879846
-2360.56457415435,-1108.04892089141
-2308.27685261206,-1128.69735238502
-2508.47765345406,-1126.43930361994
-2419.05080653396,-940.281592841616
-2178.84400197953,-816.497337743925
-2031.5304321475,-682.259257570279
-2102.56396725278,-573.522786117972
-1831.95857456605,-582.82579931526
-2603.38794496679,-864.605297949291
-2555.95234996275,-815.437769418895
-2441.69842123408,-536.638039377686
-2218.93063661307,-528.76961195901
-2424.69999359069,-489.264456906827
-2148.95127156349,-406.544363388661
-1993.88055492134,-440.156912019899
-1794.76574345166,-383.754233418184
-1762.61209949381,-559.953480365219
-1646.40160695872,-334.457317266722
-1824.10037472422,-246.069515002093
-1941.92539711637,-294.838824549211
-2202.05439231313,-330.959054638565
-2224.02684767845,-171.047515411331
-2415.17251111997,-373.026517940547
-3071.77151414077,90.692128554095
-2918.04261170558,-32.0221951951147
-2611.48624337129,-155.465867706839
-2446.97362767693,-98.3050877272197
-2623.18625693753,-327.63186992543
-2889.5506974607,-305.860984042996
-3054.87539490094,-118.418317492444
-3476.47669276505,-90.892952121997
-3750.82469675568,-43.6836506410318
-3560.70174380741,114.778044418468
-3090.01403399821,-398.986531661103
-3413.59969673184,-416.710172900486
-3887.22195714621,-393.438520640276
-3907.61671566854,-237.388520883045
-4342.18847376924,-426.729458280781
-4500.30623482497,-209.404996723107
-4418.91788062742,-140.882265150407
-4279.02323912283,216.890388433731
-3848.54356783443,154.136328918322
-4419.65327562299,324.761983938092
-4991.41650512422,46.1844689963037
-5058.16467299084,-48.2838128323415
-5200.029714637,-207.259661988904
-5838.10529228252,-348.466571096815
-5070.0231486903,-466.405277437312
-7165.06216537859,-1207.9307987849
-6136.66333417092,-837.738390739189
-6669.05301762604,-628.088630273896
-5444.95614647888,-731.420393332537
-5793.57529578646,-883.594904470869
-6645.9498004757,-1181.01837329827
-5267.60518436312,-976.823849724528
-5270.11008038643,-1192.90340935256
-5768.37384054624,-1553.42240934788
-6632.57193508178,-1735.97272766775
-5744.45490121147,-1818.71750418549
-7118.03471504613,-2148.43701371355
-6571.56089391519,-2896.43979201178
-6416.02287961598,-2440.90379061333
-5941.62370203822,-2114.83035535959
-6586.86539523012,-174.860523318494
-7509.23299447387,-501.54904662467
-7038.17244704763,72.5624767765992
-6188.8600160236,23.7983704887872
-7257.1552158618,542.61040563105
-5896.2549058782,400.85958792641
-5942.43700089879,151.246596408623
-5292.852852139,460.355002729856
-7124.45966795059,1707.30356057335
-6547.7028593174,1130.01556848387
-7546.62675082466,742.047553429448
-6048.83681573079,813.078605455363
-6153.16276829554,892.844382168012
-5228.61653708177,640.835240715489
-5280.03147710894,881.583388342633
-5214.63190568401,1059.90515789178
-5631.23686127007,1443.82019186452
-6570.49938616931,1565.81777042609
-5501.87344663064,1543.64052028341
-7129.94647959853,2224.10312974517
-6146.83371688992,1958.17550971666
-6838.6028827189,2465.94393335204
-6168.39151968856,2400.05896364686
-6452.72363995726,2671.88170064261
-4655.42478855606,847.094523365911
-4608.59679150461,977.180357390896
-4750.33588932358,1263.58397140856
-4202.13062917167,1080.48637693139
-4895.82365640819,1431.92799710191
-3795.34772169119,1686.96961036192
-3954.88899221517,1699.88054106956
-4302.92519587169,1535.9304973975
-4047.26372698668,1356.62135157538
-4816.00244769701,1635.92774995262
-4832.75770162244,1840.40010637658
-4418.19330736808,1918.1887865931
-4116.74996493008,1985.28370430857
-4531.00604251768,2257.34719535817
-3731.08156287211,1883.4670572334
-5404.29544246615,2248.26451017143
-5515.94078023526,2480.77202965723
-5751.87022617805,2794.60472023932
-5074.97547025581,2606.41393515225
-6240.47340077198,3339.64674024362
-5304.83651651575,2882.38590047315
-4558.68676731406,2675.53824894938
-3911.9348603353,2318.80186993703
-3686.31092768381,2084.29348798378
-3489.68961886529,2272.71113242257
-5529.15218091339,4359.20177154597
-5560.96052806931,4024.17012144796
-5596.22761202903,3896.18305910656
-4841.93110760166,3554.70350545326
-6133.62455832736,3808.37081465104
-5533.59999882269,3204.54057923635
-4844.62240496007,2972.45685399716
-4133.36983430829,2777.36654068797
-4326.77533103315,3049.90061069127
-3708.45766081932,2462.03654375769
-3800.22385389825,2958.40992694073
-4004.44245739161,3311.61331810868
-4608.29493790928,3968.72970508088
-5153.85895249011,4212.9873951772
-4641.12274433538,4316.59322683911
-5296.04977576224,5058.02892531592
-3455.52745355758,2738.41386303965
-3598.90194824474,2942.51113509186
-3768.28348715617,3478.3411943534
-3463.26888120301,3398.69278511136
-4156.21275366654,3929.55625313865
-3579.66588861527,4620.53931125373
-3723.91493585087,4442.60332459337
-3811.88685843926,4123.2708819441
-3500.77863168875,3685.06670951877
-4134.81630333166,4325.8349556152
-4556.25157260258,5102.6262437722
-4270.33687685885,5116.15628413789
-4256.03494044757,5507.23629657091
-3771.56259871863,5412.54795003977
-3995.4141148251,5904.7843973038
