5809.96835680672,3916.06851410187
5614.80999848224,3323.28787508593
5545.87624307731,2961.38998331448
5324.91347154612,3014.96005665528
4725.00479039294,2359.79581066011
6301.41771810916,3031.69911212267
6045.53321363419,-1082.51669224812
6941.84114409816,-1427.70281883829
6896.44966292808,-1056.70905215512
5765.98048385062,-801.924916241896
5681.0253938788,-364.411091739173
5468.76595835766,-487.000098695517
4831.92837543027,-256.259963212098
7529.96482151653,162.973992197255
6140.51703048513,-100.54548638953
6484.59696349688,78.0382677156829
5053.69105360114,-116.566145153286
5212.53346634318,175.775222235702
5488.63050538309,332.812686549638
6501.54156017305,662.459541700279
6640.9760947117,903.037842764212
4412.7134465238,185.606511325979
4656.13381442743,296.619785397171
4909.80960216489,653.615656323771
4182.93851673007,569.771778032964
5536.77216886886,824.886313464763
4127.79788681122,1164.42830155213
4450.32798117476,1133.56054432446
4820.56261791906,956.779466860468
4140.76339229351,778.73078917656
5472.16182169242,987.27385281724
5781.29818820764,1288.33128566973
5332.5981328523,1400.69530313201
5001.30076151079,1615.11249824679
6009.52609697268,2004.92497607194
4394.57778211508,1523.22098160246
7114.68721712854,1594.44385753257
6754.56277169333,2591.43078839211
4949.62078861671,2037.64480364539
4519.58504908684,1716.78783982193
4492.50519312004,1943.19390633954
6118.23517922408,2686.36520097387
2039.91749811252,-957.046264205681
2096.5227193951,-1033.04669507762
2410.90776995652,-1214.45705170438
2477.79083697916,-1212.35437063591
2500.22335788154,-1378.00600284252
4558.43137071453,-2244.84709234778
3931.34138738731,-1943.79954029778
3096.85534295651,-1561.87734902084
2939.00876864588,-1442.98476785459
2818.71207281651,-1543.41491459653
3435.10837728383,-1951.99756571859
4025.52916609765,-2113.48362087049
5234.53919460185,-2749.97740240638
5721.34810148106,-3236.78064152796
6251.25296200837,-3074.43529604358
3427.36818587123,-2112.66152800328
3875.54374249294,-2452.52593244756
5214.22030271856,-3316.1327143286
5655.33423929865,-3416.91478562782
6080.89076253621,-4051.66235957941
5170.07821403922,-2090.5916063378
4657.42550819784,-2094.15897372236
4608.94715930686,-1784.5566293265
2598.86056717452,-1071.46058756908
2818.92295190302,-1168.56857322018
3461.55354191627,-1379.34938140924
3623.94113937819,-1576.96256614254
3874.93446884364,-1479.54641682788
3215.27487175565,-1195.94882217727
2880.25144249,-1068.32393504697
2385.44046216596,-901.505862957786
2396.49470071614,-816.150395426778
2253.99377631459,-969.088541580789
3244.08714321931,-1069.67666392734
3012.71270522257,-920.369339785877
2544.83555812399,-699.918900845709
2455.5536980287,-742.99740410179
2477.83675569352,-646.73255220802
2231.30078711553,-621.666698536621
2163.17983094022,-612.175500892737
2004.53025689727,-810.495145263683
2099.59946447356,-861.532628159754
1905.13762797595,-785.481040198328
6256.82242300453,-2243.29243837442
7015.53053010225,-2362.75284869924
5152.63976304829,-1870.68936857897
4974.09525935639,-987.875582356145
4984.17342548516,-1138.1863350274
5097.16759503458,-1459.65862945137
6147.38023002607,-1808.64985668362
4757.68184306334,-1556.53081135763
4076.14810918755,-1116.22343004882
4151.16516117157,-979.038479035258
4054.93255452701,-728.128946999552
3557.25023066922,-616.690562408637
4350.8709754064,-599.310517384747
3507.20419098459,-989.700030257712
3245.4824749452,-843.154800733719
2964.55907864911,-622.366808227874
3094.64484962401,-590.052233958875
2671.31006895928,-539.992517957838
2928.42459541494,-442.345167451963
3199.95450449581,-394.239221443666
3825.20106611651,-371.157421822238
4228.34502171632,-515.182331494644
4106.13902810749,-255.99096492252
3268.02628608798,-203.974000613019
2980.83625947673,-247.174369741496
2596.6642362024,-380.786323924855
2503.37852249071,-248.776876798588
2513.0939457829,-369.575588626569
1897.02081390527,-291.83988488246
2011.87161213121,-314.440563140187
2196.10846505283,-340.900858417092
2208.60209059265,-247.164411217703
2292.20526300481,-391.722648083893
2159.64860896897,-441.004934037651
1978.11699716524,-442.557949817929
1878.59070361681,-403.468386485411
1742.44836313756,-428.416145650554
1719.19975559842,-330.799991257954
2174.78810896181,-552.586941287013
2073.25832502744,-597.326201766602
1852.05481128925,-618.258687402798
1819.27234309735,-618.458924650401
1797.45740412144,-710.381469933855
1676.54409721408,-601.750137359366
1641.80400679104,-553.66198177014
1563.07777992189,-352.481918343249
1668.14790678134,-332.798002879466
1421.22302274538,-371.611335467979
4792.17508911844,4412.07910532262
4839.78526773171,3337.39979282994
4697.61080445489,3447.44348748876
4800.88236338414,3936.30794409218
4431.74431142837,3885.07974134073
3727.53898258741,3050.99136378
3833.62643895168,2953.76920939742
3793.54651895812,2597.72985009801
3289.70041423666,2257.68369308907
4190.1952368549,2631.41567603047
3164.13777197441,2718.81089909702
2906.80047685914,2310.80067594722
2569.22700675901,1939.4735256882
2792.43147244541,2004.0016832887
2297.35809650113,1695.90582761185
2678.74091573209,1628.83835562792
2994.6799355864,1728.79674334701
3673.08345316711,2027.47394259118
4049.97832113654,2340.94314035438
3988.63677658263,2027.87585513026
1713.30752203846,391.837693740459
1631.21279552316,461.462562340547
1781.51467887012,591.309025725261
1929.14094929623,554.710719174425
1834.31214455597,758.021345359877
2339.36599203892,977.530913845518
2209.5353814679,980.616652273241
1944.01993597894,811.050971861802
2008.12222376348,725.711299168585
1850.42740238738,798.888097771698
1982.5026943842,946.10764437666
2121.99864279513,996.253371073101
2420.17428082996,1120.38031821657
2380.02170272805,1255.68169697344
2630.49367281193,1216.73810490448
1884.3005605618,946.436381920935
1958.62542523422,1083.05050680076
2084.7907429265,1230.59425690708
2208.10753323285,1263.6085576316
2119.46113436371,1414.44891195474
2514.09859064678,1442.49746116831
2746.40928246121,1560.87635849258
3154.82315187653,1578.62553348317
2909.19783047655,1361.37942763471
3571.98018636476,1781.8514046876
3268.63329161985,1441.37296055676
3105.20259443399,1243.0107608277
2718.3201049143,962.318865367027
2492.70891720786,958.818199191338
2681.3478668124,772.066008182966
1955.37686533832,544.749197080574
2076.13324520953,581.199192663557
2232.35500092177,655.398155248044
2214.40352894039,836.185233596173
2465.03773324675,659.699704588448
2300.89345193296,608.977761862367
2123.23414613281,510.217415410665
1936.80177789281,400.187336768958
2003.24092451865,340.758868812538
1870.58849676819,349.163116816853
2453.9066141546,552.170627960503
2379.63316675299,405.029269948821
2232.84024017589,275.513355784069
2077.99453937573,237.527504490923
2281.22714605942,157.465663600075
2030.24052042638,129.456135380184
1928.31999239482,198.21662052958
1802.57346845026,315.969554295036
1774.39055704848,346.185959738162
1647.43351455755,254.833577073263
3656.8806283328,1484.81516551162
3419.85763066431,1283.70798137807
3188.68495262134,1011.3089799166
3627.93154011458,1018.99365486459
2887.20443919201,828.357703861601
3624.90319075062,457.061055150689
3444.34561906025,535.271174225915
3163.44042796719,664.636068717058
3609.77628942708,853.132089514341
2878.83089234422,779.370695876554
2830.70770602883,480.090805994456
2984.8454375579,498.465909098617
3251.69748184076,330.514913620361
2930.14490942131,239.148498692614
3576.15556516872,312.479197503847
2661.50193655973,472.0078915359
2536.06496999906,404.478145463998
2403.41347826194,193.259491818325
2635.80296214066,193.093113514781
2399.24135187367,152.046131090502
2647.56121055204,99.1986958331501
2949.81106285789,51.4158499975614
3472.75660651242,9.17021957534883
3642.26471991803,200.354863963396
3956.45487857125,-34.8519139792849
3198.12071249197,-111.384482748237
2958.4494282129,-67.5228739628033
2509.08323862782,-74.7712703293246
2458.21187805074,-194.739694004838
2365.88916292514,41.3787823326782
1830.52887569242,-237.505900829616
1917.7194584083,-123.641642110515
2101.7106900392,-111.75730853328
2172.22685409897,-139.268370156107
2230.06470604943,-41.8419035910069
1985.45543878273,-12.8086661628903
1905.18747273692,-55.8034742741429
1707.51542128755,-126.853551352292
1704.35831456624,-64.0455486669077
1688.77824198968,-246.824878833022
1968.29062759187,75.9477114105849
1938.80136112931,109.119736905704
1743.94750330271,59.402551771187
1729.20223974826,29.5629400747147
1597.24042173582,160.065366093292
1583.42613147076,-19.9934286497972
1515.21446597273,-50.207768970309
1515.92229831621,-182.230401703325
1586.69467809484,-159.990112397998
1438.15971686648,-281.318979014964
1421.96257105146,-115.944595238608
1499.56688692423,-42.4659321847559
1447.28102851595,174.293314937792
1376.00464263734,68.2571167274709
1532.41536951989,198.622038575636
1338.40907869088,548.222133579102
1320.74142350208,491.344498169243
1385.46519494453,301.005358992992
1329.8185676166,194.223374591906
1479.80892335053,293.710391754276
1506.07176114772,474.449255329404
1408.248491807,517.502157915702
1422.87918718501,635.894485222316
1464.18366971878,723.898911299526
1292.57595621257,672.050878526682
1568.13612147518,427.814629057858
1644.03163529268,557.63472499011
1619.22980244339,654.350214830346
1521.87861636755,746.951438523104
1662.82011533198,690.053400386057
1587.32608300668,784.332691928026
1411.21831018994,803.788008363789
1278.20155418509,822.8328544023
1349.34214204705,746.969394840102
1227.52362764211,878.898206442437
2893.44574106013,2523.78508134579
2647.61519807868,2237.09672670756
2280.48151617975,1830.37554313929
2081.54810918234,1735.26217600299
2196.09634463025,1668.05661690812
1554.56261621897,1239.75534669534
1701.56918462585,1297.96587485377
1857.30251947487,1459.93219397923
1827.47648623215,1551.19832814354
2002.80519794481,1506.18253070049
1831.84916373643,1280.81714071423
1736.3774112392,1302.56080026772
1584.85243592222,1119.61802241466
1553.19880690324,1054.73253175713
1441.59926445732,1186.79783364639
1919.48895331896,1252.79102135845
1818.79797449771,1135.02457982872
1739.97812118685,923.247039326895
1581.89769961849,1032.16987621733
1739.42156668409,883.259728634994
1589.29759201691,914.651270741584
1546.62447056759,900.334667914174
1373.53314932257,1040.20586934718
1389.44019781998,989.064892490599
1249.7751873915,916.642638563733
1309.38098013599,1132.94981992489
1311.07375381573,1199.58309370664
1397.7673160185,1396.04483100968
1458.20186693659,1364.57579095842
1452.02710818524,1429.27531829174
2011.85474252261,1860.42619218319
1830.17719104334,1746.01106995046
1598.38578148307,1568.02545347008
1599.09717877754,1414.66570498882
1506.5042416954,1515.29872759582
1619.91431764753,1742.05112026293
1817.36340766796,1822.69405676276
2127.59597210739,2049.44083473658
2113.74921081991,2272.84847066745
2328.69846037638,2229.68702839823
1613.11874821806,1825.9940711366
1625.01245487632,1971.88345798394
1796.83952200914,2299.85125153053
2040.43818044253,2331.75603819781
1978.00410713239,2547.73658592401
2414.02348044252,2754.40922077513
2582.29248130237,2910.24886962812
3004.9811684007,2906.88114431353
2584.77911704486,2504.20653902654
3387.69793329447,3164.03231979079
1195.79470482099,1141.07192573488
1207.4069270911,1249.36645484737
1236.18107347387,1384.59573831105
1196.79547855301,1372.06780037665
1308.32423035917,1483.11007504525
1116.99878783559,1864.75093279838
1169.67358810812,1789.47472828029
1218.64323961322,1626.36297478993
1122.57299984528,1533.96997457147
1290.35767428153,1572.81486332373
1332.19684109295,1779.46369355012
1289.72384792358,1886.13101207762
1240.02092675675,2017.71508344294
1397.73937124697,2130.97983223616
1192.9250798618,2119.02634469359
1510.60102843638,1833.60075303114
1539.58797492801,1967.69320936414
1646.88315892274,2222.70328644097
1518.61879321358,2267.6037982487
1833.40116866667,2530.33333933711
1656.1458513251,2578.03936090174
1519.5173799774,2506.90055261307
1230.59366707576,2493.10049289467
1175.46124945579,2282.3167097218
1194.36460168516,2536.50719643325
1501.54809497747,2850.87046734763
1568.63894564851,2798.14933072727
1920.85841377341,3032.52049973366
2147.86924276819,3538.91882543258
2024.84301574194,2971.12896611743
4518.82366690841,5878.25383876426
3654.1485639643,4867.20583775168
2721.2783022645,3771.12805142498
2783.38991079428,4084.46611412083
2350.03894037821,3274.85000898584
2847.70349229093,3630.50680433789
3453.60242185532,4291.22293512968
4694.53216593616,5633.34474532653
4690.86640225937,5299.99928642313
2598.08224392325,3227.18398735419
2950.27792031505,3265.46198042381
3653.31116250562,3751.35049837409
4234.93852159332,4633.05848609961
3937.58836459938,3776.90403846315
5260.81506561658,5270.1345845958
1366.86601609936,-126.441551946631
1305.41636278429,-56.726647471527
1177.13331439904,70.5784527957348
1283.23613108552,114.095305500239
1112.72333184428,122.328239177204
1262.06846878361,470.989787144095
1145.46210746682,418.906922812528
1215.6064794868,298.90071131438
1256.03784861199,253.187873926724
1162.25143441265,169.794772390649
1020.33367810435,297.649080629702
1118.89845446999,451.668307476878
1092.37668938896,553.621615137087
1062.03757825274,564.919942601307
1202.6001639042,632.569747523637
995.591406876455,316.736541548206
948.706484886623,344.017353998579
870.302704790074,510.744403803279
900.629013790379,541.78766303815
809.428343505674,599.598768960982
834.594002046321,720.761116611954
897.658764474497,751.990701310201
1084.22384165409,823.323112698702
1140.9980502619,725.129576727728
1139.32723352049,862.884927089536
241.004344182485,1381.59638463616
231.857226460574,1319.47880050286
350.537650935349,1201.11493356121
418.34411360971,1254.16309459178
368.161366813941,1112.80383894979
809.762525872559,1149.20540143543
671.881117522949,1101.96101361449
486.417305354653,1134.74417243684
529.327807250634,1204.89914893719
427.551822411337,1167.87732826779
574.401538836205,1004.05950570045
583.726523392514,1056.83498215551
774.56718399215,1036.66900592997
799.722894468616,875.873054234015
934.417601636921,1017.40554016568
530.298709449025,891.973047460101
514.067618354958,826.428870233709
643.931877655824,707.484907046984
740.218168455984,862.91914077645
687.395871302711,706.785307147241
832.994422374133,743.476575116742
871.763008535362,826.3044476579
1060.70754945467,871.569821878708
942.371637952001,972.307870306537
1093.64335845239,946.441865287404
1009.59668884328,1124.17531300189
1029.58077297593,1159.4109219988
818.648519132231,1204.03707239572
793.949506658585,1185.06165724872
791.816321723345,1316.28619707774
497.053023556655,1378.39666211235
492.054570800807,1351.28470516668
642.557389054929,1344.35764802659
678.402254122694,1258.61754852644
740.61099467223,1370.12303263134
596.340710620322,1420.79436158209
550.284453774631,1385.49183650903
408.343977863462,1477.39178484808
423.640398302383,1625.10770468464
368.534199688795,1463.31341348347
697.073372092735,1585.59186089182
663.368248699634,1600.40043246813
556.192766247935,1679.52315630805
436.803467738296,1644.18663760647
452.336090493623,1818.14393686962
336.438204910287,1791.0673087986
283.431736163709,1680.70005929972
217.16054992232,1578.50868774379
233.972870951453,1457.52311089285
113.116476987435,1528.84534279361
1119.35601651286,1076.9022213233
1024.87755436336,1240.82023670935
1017.66375092291,1297.73665973985
1040.81568575599,1365.4785696253
912.543049073701,1361.49499613149
989.006733416338,1850.17129252763
1004.2846308543,1734.39992494688
966.680864436724,1557.56458210219
1104.10841720051,1533.65754298504
850.667643160806,1501.62522967745
834.118871978869,1644.50124165932
871.677972678101,1695.80542305336
842.069220551244,1908.70929099229
820.407420183465,1985.79407659027
1028.78185007154,1979.74285479182
779.12507383307,1582.9800428073
708.962936780886,1672.94623616178
701.828758807404,1797.80336153509
716.822568476165,1905.18483737471
536.459406766915,1909.35253461066
721.372232041575,2029.10923542038
770.705867697117,2107.96761142744
927.760592664802,2199.70550678241
1000.19559927653,2141.31919260277
1047.75984036191,2432.8175131515
866.425139627102,2385.30567407587
700.481083668493,2230.8071998871
579.334585593116,2139.43845849277
586.38076540339,2233.23868614366
558.492336869365,2073.18086438542
131.937843861946,2111.95125594913
217.371020130339,2041.3737939573
344.659629671695,2071.24652174653
370.610141050247,2232.18849575883
493.10872540093,1928.18439120594
313.5806328784,1910.6485611594
255.405428388971,1983.20482530583
75.5569031891592,1977.35883634054
-19.4359611041175,1864.67689300569
-6.40702339502565,2018.46211839143
306.713010195652,1796.6554990508
243.687919986819,1708.09791800912
115.55456839893,1685.20474140079
90.558992965915,1765.30377742984
48.0875541180949,1617.94677825541
-51.1235409336022,1697.42596815874
-150.850340515198,1813.90302965033
-208.366138783984,1957.9947470149
-75.5373215197519,1996.09982564973
-221.298213867841,1941.96669640358
-152.443256329967,2094.20006319015
-26.1489065193601,2286.1112540802
49.6862687122953,2310.23247932215
128.067200105349,2232.41541135168
125.73386010461,2497.18705030142
530.506699998511,2436.46289785819
477.070930742538,2433.25013771877
307.948633332521,2433.90363039897
268.534300530393,2241.11631216392
220.632253253697,2539.26846522663
349.711657785815,2748.65333260777
488.259432358343,2646.4559749017
627.851204904635,2661.8970611446
665.725854015285,2934.82794531912
708.920421821477,2536.07126669863
390.398089108574,3016.12831711385
498.920472979539,3166.60651872461
752.626500545567,3581.60976882387
764.562201497179,3274.3593736506
936.629755312555,4085.58535070664
933.703017158096,3600.88272828676
1032.65961633178,3342.38527869014
963.763344628465,2823.46894191178
785.142864955575,2642.71245393177
1069.75835112268,2790.74684331451
2446.62813295285,5774.529490862
2584.84197354819,6973.76696631876
1888.33602782748,4982.33553264892
1692.49001358036,4818.48347081942
1794.79926893783,4335.02449022131
1603.29390788774,5603.08843372893
1554.87852136316,4955.67588192628
1297.81869907363,5028.98775229238
1196.84925429148,4052.9068032793
1210.9711419387,3644.90193119412
1230.46412195362,3312.33899091044
1529.06069646119,3741.29300673459
1252.88349989628,2904.54998578114
1514.91194179705,3412.18460820203
1836.55292523039,3880.8515597422
2497.95654492984,5075.97158281634
2586.42848146256,5611.47411960586
3034.48057418776,5829.59425086358
1584.28478611501,3209.30587978897
1760.10943364582,3560.99620981619
2386.23846805261,4344.88845940013
2361.76574183966,4006.51493743884
3001.18659472637,5279.02327121946
3574.76352015951,5741.73445833007
3085.96961564314,4697.81382023853
3491.02851547594,5943.39384999883
4924.8576450646,-4810.45325234118
1847.64252296994,-971.935125059881
2001.47049213136,-1068.12167291423
2104.19523811177,-1311.07590739261
2011.08503038455,-1329.75244628948
2290.10487087022,-1418.53036662327
2606.8711585878,-2095.39168045196
2557.25559232349,-1957.84551169489
2454.07592712221,-1632.37125386456
2191.241744164,-1520.76993747886
2480.1212577068,-1541.66769855989
2753.34170276587,-1935.3092389024
2875.6666097976,-2109.4342475795
3105.87158739405,-2524.25934221147
3695.06061567703,-2928.06185837979
3135.84377033625,-2628.18042037792
3115.70544080398,-2034.71904293094
3581.80730407941,-2373.59474071943
4544.04270435449,-3232.18549638744
4220.08139774604,-3162.22348658333
5591.61626207902,-3985.82179589981
5211.71171459422,-4071.16193124584
4845.38093740972,-4012.78432872635
4166.53695761169,-3756.39863132671
3472.1463708262,-3146.77855723216
4042.94465877689,-3971.34570711397
3020.42476679376,-2986.89120157937
2625.57045809877,-2636.94020587284
2208.88083055661,-2080.74896858525
2349.41906444083,-2048.05460107488
2017.59277999141,-1873.54516544993
1957.46514427308,-1295.25805163366
1870.67450291377,-1364.67757382189
1948.52528653095,-1598.43185012606
2158.20931826753,-1722.42512057293
1925.92846306368,-1698.41930997659
1764.41455277337,-1521.92303872557
1771.23362966929,-1355.92906599626
1754.75781635542,-1209.41531240446
1659.33475157273,-1127.85815029437
1848.70741380207,-1142.4343212188
1683.63922385331,-1529.78710321078
1543.71101780418,-1362.95421706919
1438.79616298506,-1249.94204260412
1552.70730547241,-1126.11186254548
1448.67132074515,-1137.88157526221
1460.50587072551,-1056.94928518701
1545.41807883393,-977.210808801373
1738.72804716372,-935.243220694011
1773.03575479236,-1023.88584094729
1736.61537819761,-853.188656832718
2886.69665619653,-3033.13721279657
2554.4466826849,-2551.64374591461
2078.21801350901,-2136.5751000106
1961.72294389938,-2200.81983053797
1883.13204132343,-1934.31040789129
1309.51897619213,-1759.14812579741
1366.51042029099,-1714.49712963454
1612.13273192229,-1802.54928739535
1675.60843604297,-1997.83027928724
1687.87745505364,-1831.0908860342
1543.5844722213,-1665.37909669538
1449.59238806181,-1558.06027177191
1311.89792173156,-1517.29466457793
1276.86769325611,-1453.24716084679
1152.35226040759,-1556.14946561995
1550.71047528524,-1570.30243733052
1555.55243271177,-1440.32118330322
1365.15863497488,-1298.13336456379
1206.72847533933,-1371.92153875665
1311.62992750249,-1198.75325083201
1170.68730814674,-1261.52742966702
1130.93600272346,-1321.05360553252
1021.97516497936,-1423.56480283779
1085.59098605826,-1549.74921131634
946.074147105054,-1429.87678924201
993.233556811592,-1335.36309132043
1056.1242407073,-1266.63216084637
1100.54429807097,-1212.03235096654
1083.73764619821,-1101.2607921818
1270.65866746876,-1088.76151381458
1227.61985372019,-751.400704061957
1256.01966270733,-750.147477919344
1194.92497355177,-949.937065069588
1155.735493582,-943.536971253405
1311.20754131726,-1052.78457042596
1339.31388840742,-921.071408344343
1321.89420969031,-837.64270669658
1380.9301692412,-711.150477993134
1460.78994268519,-776.661512953982
1341.18241158262,-616.212349268352
1441.36684343168,-952.500556560265
1532.50151904818,-870.243534423563
1590.57803081836,-818.656176326498
1526.17631127027,-710.221840159738
1689.86654739889,-792.258482430967
1656.21712403062,-666.813302952502
1538.01919312255,-588.483034169126
1455.18252026874,-547.399246311987
1362.95410557903,-577.720039611146
1384.59365145234,-359.600010388793
-1339.22532524192,-368.054856792316
-1176.70266534524,-370.285763462829
-1025.63760301066,-362.847949954961
-1044.27772107692,-423.954092142767
-937.584976724058,-333.044082464474
-657.799586626683,-653.372966036971
-746.731462733401,-625.133339277091
-881.117535851055,-505.873428793826
-979.707774293959,-512.704806905502
-889.72193775609,-412.807197652207
-754.391923354842,-437.547157563732
-734.005827039405,-513.915686722613
-543.164299577925,-625.293575088224
-533.31698305024,-575.097918342578
-534.697588427869,-691.352882731945
-764.604711107416,-336.554965631357
-644.005270866085,-394.439205092161
-405.540278916981,-377.244754039236
-496.27635807352,-403.653134115678
-384.91633203931,-357.332196402223
-396.801436190344,-460.222527312545
-410.112744988516,-547.780725140481
-386.833428002011,-727.35725201901
-446.569858991802,-703.778465865202
-371.075510660715,-857.708890834632
711.770255550164,-378.075780262826
585.004549053807,-358.512764780972
405.242319556199,-327.840082701136
446.699911526253,-423.279217074843
317.934147708931,-367.031288173607
100.149302391685,-656.256998248532
78.6048986081282,-579.194093506384
215.386069846544,-478.321016357147
312.550714164621,-513.355477328548
250.079685278423,-339.119837613972
89.9129163154092,-436.838350701924
90.3471238442027,-483.152423177156
-47.6864031949013,-588.393148371748
-105.936058064464,-549.576553234623
-53.8566266758702,-674.107740111927
41.0314138549719,-360.836013708443
27.8078403247452,-415.149441431665
-125.212423546083,-418.677959968565
-150.766111256996,-450.746401796475
-217.770175142095,-314.535310734167
-259.040294761811,-500.435033173842
-259.321030452569,-596.739452055716
-231.072958483214,-719.407404566898
-140.183239996357,-674.449062831641
-245.507219936502,-795.804393493541
-125.604643515923,-851.910587704386
-105.967615279112,-809.153167844393
34.1977401744359,-805.984708006617
138.583590088903,-694.52552275526
234.437707846416,-795.240526594472
439.731642053983,-533.671425271137
395.053653816276,-631.008081221148
279.617911785702,-721.010296450963
236.997579412838,-630.200461144125
287.89308936052,-867.081703103085
383.535938782974,-718.682092934221
401.784263725166,-728.982264438469
536.465854430529,-585.093376124892
606.786575495413,-627.389692911834
612.972261168264,-467.9883463029
438.444714123705,-839.463403405701
506.14594284036,-788.072345885401
671.684290151067,-818.648049590076
697.580979703134,-702.031976053554
770.178535729534,-842.103020787989
754.733136889399,-745.614847085012
762.716996427217,-554.088514855652
757.281122635197,-469.175830413616
665.519244743031,-482.972918885904
782.183599915036,-388.190323006315
-73.6360625991691,-914.762356556537
-90.7899783030898,-934.795188124089
90.6180822458723,-982.961391405167
117.960989448138,-1105.11931135912
194.762287640982,-933.102926783279
463.579612434326,-1239.20473167583
405.496303295405,-1155.18712114556
285.590672664581,-1063.66477846427
158.655382100595,-1119.92945546223
273.138992178607,-938.002505089311
345.281614278144,-1019.33974122965
498.050664390825,-1068.83672166957
566.186398026936,-1188.22421854487
577.812265170094,-1094.8308731365
553.88264592593,-1235.36437388646
501.652754386729,-894.743678076777
487.057174804424,-907.069158537231
718.583102608278,-900.36206862565
681.932036958671,-1038.47629046478
744.595750075939,-979.977213043594
816.274109704266,-1088.78725515508
813.600114075929,-1131.21220180985
792.259980076688,-1291.37055275986
675.090046761842,-1303.91220772503
770.724071635163,-1436.86735996637
858.654821120763,-1257.3714953247
859.782553069015,-1221.81767102622
899.591888739397,-982.532413820693
1024.8874570915,-1002.19139838624
920.066957443292,-920.854518435982
1157.21947226566,-687.020893985009
1095.66133704137,-736.262882404758
1052.37376712139,-878.958755292812
1086.32930661605,-895.25297274499
929.431271455696,-863.821292132386
925.97873950174,-701.116354001018
1042.49886717895,-703.780819224797
1118.23478166066,-584.739082490024
1088.29276308548,-581.373298023403
1197.08103144787,-503.414320867861
839.478499490207,-672.853118199963
870.865673837901,-644.245453196536
936.78604631194,-468.291099898408
990.463974027117,-512.919889856913
871.401724763636,-327.789976402024
1034.45636347485,-315.12346061838
1141.58608002702,-364.451275323782
1242.93867733154,-374.59530074367
1311.49113240267,-464.343902845971
1344.48691053826,-410.688780373414
1196.44627124874,-279.279601199355
1068.96119216316,-243.758744866894
998.161052979539,-244.405656947861
953.553185714605,-110.860722098611
844.733072121666,-279.755937642457
674.868163327407,-31.6621335716354
638.059377558758,-6.80202210250702
804.520320505342,-149.441725700681
831.272551535853,-118.001058349633
819.783800411651,-231.339205162148
625.343071327754,-186.914250198314
672.675583825446,-145.330843074046
517.69435822502,-35.2306828914244
448.383340936014,-88.1382495908001
492.600442971661,50.0466975021241
669.642136728546,-258.560292616862
551.398796015949,-288.009548151192
421.726548186212,-233.441462361761
435.038599802194,-201.467533031909
333.860174839957,-286.696130440152
319.366074761675,-95.3231729273497
295.895114136106,-42.4562819865329
379.413971335713,66.4026668774923
447.04343669055,150.46444378993
373.664819731881,181.529789030694
-681.09817003544,-283.603505706477
-641.922571391281,-334.605454688976
-437.665329394025,-226.314688259462
-474.098557076929,-157.589039943744
-435.694964825574,-256.46420486143
-139.592728337511,22.2326810241133
-214.848773347005,-2.06175775660162
-298.113067297035,-104.725086912991
-351.79913418469,-50.3116648550984
-328.143466466915,-228.701553987707
-139.265589061793,-195.619077471728
-103.35031391922,-100.460995167692
-66.688737621708,-72.2300299272795
47.4438295743482,-110.197363610394
88.4720205620729,68.6036311769863
-118.454788758856,-231.821790429476
18.6448318502823,-277.849863009019
110.462311463594,-187.341858077294
138.054134866216,-177.482321959482
159.314453878913,-294.034062804582
200.868404892998,-69.3137716137549
191.641534095714,-5.46958269070863
179.658933137172,96.2405996363966
104.101751378192,65.1843041459296
272.353870437894,159.182106382139
21.0589669762301,177.808260717141
-67.4313855503785,238.983284060095
-218.036166165647,216.505725381261
-88.0356449273356,77.5276757881074
-222.712352176747,209.823285058657
-537.961227957754,-116.710607823189
-442.671051187001,-45.1522176618664
-333.320613714127,116.563804342423
-254.067258902636,27.7487524797539
-315.050199964735,216.227862558543
-458.740417785365,101.097554024556
-511.876846758086,73.1164523312564
-624.345184879921,-81.6015695808331
-656.866589184265,34.2979677436218
-641.490866215474,-139.749431428042
-490.588342084068,201.820280658723
-597.944365975592,265.645968214205
-712.835931077487,212.171126775733
-751.413266941099,120.029930592061
-774.769168612302,171.772705379089
-861.407301921482,75.5300292285759
-852.259941926677,-57.7071755475446
-778.390820906263,-198.846010757706
-765.178676318647,-121.246884675292
-841.937370525748,-211.613748649855
71.6657112912087,353.310411287112
-14.8216298048883,273.726365240256
-133.167601543766,292.717680418885
-186.486281997674,360.730615966534
-251.346375612895,241.178602882269
-511.539396872623,577.242890472142
-458.588642119505,546.615862040951
-321.316353014458,467.020594414667
-305.099578136715,429.742238371356
-289.213419184664,331.2615307743
-445.268919304018,439.345285990003
-570.939396752068,466.083864553435
-659.105259619559,603.360863501727
-660.379609770672,473.929946865724
-626.736043981131,654.602752648471
-432.492433236895,280.876609429326
-577.810487951916,247.901898570403
-728.666032831112,320.088936523693
-719.290041027892,478.100101780114
-856.803296932261,258.272572506263
-803.612718814165,437.97601871314
-885.083384335965,563.207802452327
-807.0825193871,650.492880883015
-731.508130178074,682.340946523605
-784.379606276779,768.925597670106
-947.416286645039,638.801538175618
-946.012656203261,618.690677679896
-1001.38286563687,361.378028517581
-1038.52944630274,433.345332004056
-895.686208286903,323.217013810328
-1228.22163517447,70.7520713248028
-1191.70726446239,127.973824497099
-991.088132034576,247.12464988145
-1116.10216317473,292.2890469732
-902.748998608243,231.657563240434
-1053.49103786107,78.4915556764687
-1092.0819455603,24.3451046528461
-1118.86526871699,-34.1405072104077
-1117.37367916316,-189.021672624015
-1298.53381811315,-20.5152824051714
-933.475079041905,65.7781310655068
-911.397606757791,7.81754932255368
-946.327518961844,-160.763103645236
-1046.90239238542,-146.779337436064
-968.039336349884,-208.246348045673
-1074.65644094535,-272.97884869976
-1213.9785709945,-250.608049079019
-1324.49080408999,-254.855952342682
-1297.87707990257,-160.577875365762
-1373.34070601377,-270.402842425459
1283.39500015239,-170.81403266136
1232.71598619473,-108.91078495769
1097.50813762605,-19.0386999410654
1026.72960983834,-77.6581483176629
1077.6864158456,30.2887988774745
652.085022562889,115.761679580084
750.801368546663,53.9936939383654
908.026762951803,77.2377742169421
855.280173988923,-13.4972949353377
1010.80378792304,111.817953130685
814.509084370237,161.171423824335
849.391260593548,154.52328769293
593.851494432257,233.668872672677
628.485578128975,237.905514248391
529.588343521722,189.688774974021
969.303996883173,305.971115552819
856.442966193746,367.39310831254
756.212409680677,432.974673634059
674.68354593768,372.540611803436
755.549638313435,519.893891802433
614.607981889845,477.007256135991
544.314066423301,413.104763148212
375.727090427863,254.786293399032
479.502097371513,226.873909256479
349.410239901678,227.839057639362
104.822664713912,1346.19437527141
212.327808157912,1229.18987149716
192.617121270985,1166.0302334716
162.853378133123,1018.51064782541
289.081568105288,1067.35413044762
198.445610458638,661.951701191271
251.54465788176,781.091076714169
227.485088184413,923.34728725327
197.037469069669,945.919248572133
319.207687173211,1009.02063055688
326.313260113263,886.437725940218
334.616963993542,786.930429291347
316.575525575403,643.085738941785
359.377069667947,662.010141381805
260.316859143982,580.018140922033
481.775358395478,923.250756318196
495.61156982147,803.831876045697
603.268455258529,684.771005853597
520.455681458944,652.632350170193
581.936198964226,677.293287568434
556.854873575491,518.992871120165
471.651959431193,472.785035708162
349.011251240301,414.228916930703
251.389930883407,496.487684457022
304.978357409897,307.22564430488
131.404903656528,396.22102956087
157.258921461991,512.284467403363
72.8522143335208,631.332921820051
138.985867672665,730.828604731217
-16.5657402714052,682.443094996846
104.21833437022,1085.77017364846
19.0365973972588,1011.95089722775
9.21954980460886,855.849521308087
163.522272954877,831.567190154369
-28.3959056313717,769.11214770416
-74.6355768711226,860.406002799169
-49.9675556149336,1041.32183990937
-40.7647228013907,1158.34822912218
-84.5023024746394,1101.06983262864
34.4025819875031,1224.97747842497
-153.641963763814,903.095955070218
-262.328543912953,945.80634013958
-297.139235362324,1056.74636872485
-251.694512010479,1170.42825349151
-364.56613368742,1148.47215321142
-230.810212671933,1288.94278291518
-167.900898630447,1231.98454630217
-33.3488836254014,1337.41649935773
-10.3436248272569,1313.15806905298
-10.5972243809199,1434.26215085191
124.176099020811,371.688383576747
69.434943273803,424.755192019115
-24.4861927120254,548.407580206828
-119.425131125321,433.06208828909
-48.8400700827747,571.330172369599
-416.917287563895,702.827752150738
-336.210930280147,642.428960604106
-226.747891154105,610.30242968107
-308.535045199632,527.498614156008
-115.499077168318,660.924567814886
-277.105972187881,713.084557677784
-378.10384031307,702.760530739464
-519.66698036151,782.001672436869
-515.455051245542,891.097309777174
-627.627925915785,741.988367047527
-231.397033109627,838.248755016418
-289.413480781754,904.748733623924
-379.082556216597,1006.72496617762
-448.943268523755,959.391614993505
-410.232674219667,1076.07864506509
-550.624254417593,1030.23175217901
-669.128770002516,985.15318257619
-776.171906326627,836.293369921189
-644.533971814276,747.113257503082
-821.117281831823,831.373560207811
-792.043211814521,1037.93214704602
-685.403729578365,1052.64315430308
-576.834349339558,1190.13665839765
-657.580733984026,1166.84314081645
-519.697886804204,1213.14749003496
-456.793823382083,1557.43565808772
-531.391592837509,1452.06725991096
-508.653529119558,1296.69853801724
-603.831507668706,1362.66141583135
-443.523963805916,1185.39319136246
-345.070237908123,1310.58254252763
-408.887021771647,1408.9796027779
-325.099322698295,1546.26908188348
-238.944642440547,1643.72515014174
-403.864823470649,1699.43160501797
-279.197017491215,1311.99700029133
-245.562248413574,1349.94237925537
-148.007553865254,1486.1955569061
-151.792416708673,1614.50954115487
-56.8069558254045,1548.79891622973
-162.760549402582,1683.33385890208
-222.408825639043,1693.62412482917
-294.203334246403,1773.27408677711
-328.37471069001,1721.32730023738
-311.774597571233,1946.57546632606
-409.568101559509,1890.15833812845
-545.264951946904,1799.54249639712
-647.351389462197,1720.90930936104
-571.432593301652,1676.65459926632
-688.507502686549,1666.12588034686
-702.037761949971,1248.99335813717
-801.663734644467,1327.91664088272
-701.560645980385,1471.70069379897
-638.496466457575,1468.80737548008
-759.491685716349,1553.92494739198
-833.955891508813,1448.27154753297
-780.684320871661,1379.17747762317
-848.195298896958,1226.59196430269
-890.621197754205,1219.67884172446
-773.062091808629,1111.57323953078
-943.111265946849,1469.4034251294
-978.701273714218,1504.67107730853
-1062.32930751623,1345.84230106907
-976.567138944467,1270.37546703646
-1210.03645484306,1357.02723278916
-1105.61325079696,1176.6789132825
-1035.59756740864,1099.266657906
-990.365538246769,968.328039917902
-815.656113460995,995.879435795019
-888.385794297934,974.786410829541
-2037.2780289959,735.87249388424
-2008.10254320296,744.954564062472
-1801.80564128689,827.241170557299
-1785.38298734269,770.131469120372
-1775.90595267821,884.063003806639
-1355.1891389835,775.012014593785
-1417.42648511842,822.75605074378
-1555.17141790443,886.613520370312
-1656.06073482522,768.646672118381
-1659.69548476244,892.330445291669
-1499.3285298905,986.56703164801
-1456.92272683444,872.143208637907
-1285.11955155832,939.71474154552
-1190.32463426829,949.674678296873
-1267.20303836915,836.827705685338
-1605.42213730459,1030.28159620429
-1502.36851063827,1070.33518940842
-1327.29330264096,1131.76507340221
-1238.74211934334,1020.874429208
-1303.11798312221,1229.03525385631
-1132.89521120336,1124.35407973474
-1044.46663889936,1023.31325430788
-1041.84230878326,962.785057528244
-1103.6179030058,917.762176034932
-962.526832941552,810.90364927783
-1081.35488069842,811.782139548316
-1157.61638919192,758.821914774486
-1286.26931017454,576.672974711979
-1317.0282969868,773.723028346388
-1278.4180367376,507.691757279072
-1666.37173059712,664.771528677779
-1596.93634809233,625.580076378462
-1530.97387021664,567.883727373696
-1437.60802655028,677.113563515156
-1380.06490892949,569.472642682945
-1507.72416883905,443.104922288839
-1641.2985270792,520.015021578888
-1809.0742123452,552.845734097078
-1788.13661874673,445.755683581663
-1885.32024266449,611.637111683943
-1516.1401217785,377.419950967883
-1591.18992056129,318.070669287625
-1726.5844147389,281.741094455456
-1766.18245222526,383.768969916392
-1788.42552745382,201.891223567594
-1901.4042708623,353.004980952584
-1942.11507508564,442.035146017152
-2038.69081088617,499.755853811814
-1990.14418444107,608.694109401099
-2269.85922288445,575.210104919447
-1007.72428346965,752.679587576659
-1079.29630500093,633.793016933327
-1169.20661215134,510.995297501539
-1102.59232657612,479.5726273208
-1207.63221877078,473.901771245026
-1330.64863996117,76.9852552354213
-1285.81908140483,155.877748410871
-1235.9126201907,284.881831166501
-1208.49091388832,393.086015723751
-1297.71935496461,376.782147395129
-1377.84218251828,246.485338276185
-1364.65747264852,247.221041969751
-1374.11100765193,52.8004026673092
-1524.3019773437,2.91361817317535
-1367.31709280587,-40.71522119239
-1488.78973394474,310.795526081814
-1500.95859043894,311.370376270979
-1629.25414265298,165.821489765809
-1542.07421855683,88.4413250432331
-1770.08938924175,123.627193597161
-1667.9239836844,-34.3959563737568
-1579.47720688268,6.35956814545428
-1521.37091259461,-169.639953491954
-1429.05529295698,-121.620609692734
-1457.73708215654,-257.19154214849
-1623.86776293646,-122.269733909047
-1697.49272788064,-160.315550529106
-1826.097157208,-63.3178205273399
-1855.37669773135,-51.3352296178076
-1820.03761145343,60.0007470737286
-2408.49476076431,84.1094592805731
-2255.17361989746,97.3027173524355
-1994.55295807433,64.00730599817
-2068.76836083952,-7.95134382891231
-1922.93937170244,100.812457484045
-2022.01702752239,167.783090668879
-2203.025928581,247.883249153614
-2464.35381743493,296.918727872419
-2502.31496166533,336.515548123394
-2614.46492098826,252.708094758432
-1955.91760484776,263.868944138732
-2146.41936927454,319.549762825175
-2265.04620078344,523.036672965858
-2384.76875181228,410.692097289309
-2302.89314078224,613.410245141396
-2581.11246332134,586.59512249368
-2749.46993666759,488.085063908196
-3100.11722534631,390.407939716892
-2916.74354520349,248.568428171216
-3507.31288256001,409.393078196299
-3364.98062494238,486.12012509906
-3130.17333403636,564.542910417524
-2750.13419360325,692.693368725726
-2995.58015488896,772.402625374036
-2535.80316327607,723.127323354738
-2637.72027363732,1250.30619949182
-2597.28472858932,1042.80444372596
-2598.48184350427,900.093669571356
-2830.55840447693,947.230292992703
-2498.23293585856,756.206669568178
-2343.34532281741,876.839111749859
-2382.53306848494,988.062472967623
-2377.0382189444,1172.55617407955
-2197.2595204844,1124.40233590542
-2571.05295372556,1310.00092563787
-2172.3700126072,812.568355055349
-2073.37189066277,867.768994770993
-1982.74945106618,915.476765955922
-1985.88661174307,1031.06492800554
-1815.52748570309,1004.28955856827
-1896.88252217845,1096.35049067852
-2128.56671748511,1268.62380408547
-2285.53980012699,1438.43112428465
-2419.73666985071,1416.57389936902
-2490.45915203561,1567.39180055258
-1012.77429256806,1615.95860713093
-1059.73834927144,1576.32342156418
-1168.34190927983,1478.75786784316
-1217.54010085985,1579.23697885755
-1183.51813203361,1347.97581230852
-1733.4518904506,1552.34267136827
-1546.47776104812,1520.85900633183
-1376.814762072,1475.57545800169
-1413.29945539171,1486.41650512985
-1342.03972303474,1378.48451652393
-1409.67776779005,1380.87148393091
-1572.53400963751,1372.23079889984
-1754.75312025622,1426.8435450453
-1775.41007396496,1323.84346354758
-1937.3282462988,1497.86707875753
-1418.45144632718,1233.01701248371
-1490.41759599473,1121.27306071005
-1669.83668238605,1128.24261895948
-1776.67914711572,1192.09473447495
-1739.14249285922,1045.43779374126
-1864.58459141954,1194.61322799032
-1974.54544088103,1257.12804293919
-2135.6133046145,1512.47562575132
-2019.39537179063,1569.92603716472
-2376.97115585227,1599.2416806147
-2278.81758445272,1747.77633109064
-2095.63236398127,1826.34587251826
-1881.77863560945,1869.54279864751
-1760.60129878226,1719.34301867415
-1810.02374509321,1907.87316378419
-1197.07637003832,1619.98573740055
-1377.96304244196,1703.31818037401
-1559.9279396265,1777.07945875696
-1555.74672369711,1667.72931574149
-1669.8103843933,1888.11191070348
-1580.97370910692,1899.80622579296
-1383.69370054159,1849.57406133393
-1209.86701656438,1779.52957847713
-1195.34232352542,1903.32675530155
-1141.49544595986,1764.37084976464
-1605.90655152352,2093.93195621307
-1544.40598221641,2089.28711645387
-1300.45936342195,2181.71753246896
-1250.3879586366,2034.58264573035
-1354.23214006252,2314.10614293597
-1178.71928480737,2107.82981142893
-1071.11251887122,1954.56480919071
-945.995764329869,1739.18807161757
-1021.30688716506,1717.08751069478
-813.960345301921,1676.74648395657
-2501.84171236903,1945.71984044833
-2319.43185243348,2044.59046938656
-2164.10235288206,2091.28639365575
-2457.40792136628,2437.52540909036
-2005.95579418403,2165.1935599977
-2717.40760167328,3589.51069343082
-2471.94529015304,3074.34125269234
-2216.6529521757,2509.50974621345
-2433.52089789557,2774.13578893108
-2075.20589485911,2277.68107008613
-1971.03190845904,2488.51840068419
-2166.04752018812,2784.68902345753
-2339.02834074037,3374.98300180591
-2098.03780133239,3128.57750820218
-2711.54060272902,3982.6674142617
-1735.35620428372,2321.4371340067
-1627.56408101397,2378.56641647018
-1575.37793666976,2594.3513942811
-1799.65176358584,2856.02835088778
-1495.44511838377,2600.12569219855
-1796.14730376852,3157.23390024313
-2097.69134835636,3613.24529174592
-2738.90181673291,4590.93997278352
-2844.9884777689,4446.94990238306
-3294.31152040922,5691.02235572915
-2471.87519796469,4597.14928040839
-2088.9518090618,3889.05094165637
-1613.59830712815,3201.35146849565
-1529.39636789292,3260.00583653219
-1437.57469374226,2756.55184135487
-834.911750758038,2381.13119050613
-987.134239536502,2426.98724988974
-1156.76247152208,2567.1435299636
-1249.75552404785,2890.53322391306
-1201.81637636894,2572.93970147183
-1038.24424269779,2287.82814874785
-930.04513642013,2253.37726464564
-732.733831098187,2161.98691013478
-788.931714691254,2012.53859271524
-639.641534552513,2259.06158455054
-1045.21010641745,2125.88529941864
-972.879183551508,2013.42818800685
-829.110259938874,1826.64318171857
-789.408582882694,1961.77247478382
-788.448501830717,1740.21110956647
-662.151302116673,1823.52253892774
-576.950966683255,1806.80889965723
-484.592307516793,2018.78217811529
-593.082414213515,2102.87745968274
-415.501541455798,2056.72737481147
-644.910830925024,5120.02042182834
-795.557653058501,6200.63548028968
-1456.7446079359,6645.11183873855
-1421.29011513978,5821.09267620978
-1059.91176110231,5954.35233355156
-1728.57317416173,5774.32278516004
-1486.28005485076,5515.48052452016
-1572.52969982478,4830.12998047746
-1164.01095842408,4395.68396713276
-1002.49123809681,4196.91653682282
-755.046781710284,4265.29801124531
-871.13688680955,5067.9204758755
-548.926953937816,3970.77841422931
-2226.60936119253,6283.73083297585
-2582.75563860649,6728.86194133461
-1757.28783649307,5121.31533728234
-2209.09307461588,5363.51030663611
-2531.98237404994,5666.22843824427
-2670.58632184138,5185.11938436842
-2305.37429597343,4900.57075302029
-1693.95260267685,4195.80714438503
-1597.39253500846,3601.55959731495
-1601.18133031994,4182.42884012778
-797.49443545769,2502.68850513342
-911.452733492121,2796.91741940915
-1097.95818328001,3271.41948824785
-1257.72546119912,3061.62448770279
-1398.98494657716,3787.06806260022
-1035.29316495942,3360.22113408701
-942.125813136176,2975.1209931144
-676.628887348916,2672.10157660986
-586.237437066554,2753.44715168843
-582.859485115705,2471.80892520639
-1010.39840787662,3687.76062493003
-899.549476326636,3635.89286387617
-645.273335650445,3373.77985673624
-635.360067507955,2993.41163260584
-539.100716340595,3471.22471886048
-442.915771211726,2861.7745159197
-416.677994325621,2560.47434780914
-451.31681171084,2368.03245339757
-517.782602324962,2323.94078637519
-376.428031321294,2148.01371489367
-272.838786721971,2405.80641578358
-288.431926308381,2529.86035947049
-300.702370343844,2927.83724082228
-218.578968727767,2874.0341516184
-361.777090567288,3317.43330623714
51.1355079176041,5071.08901592481
-84.257588652032,4542.51928289879
-249.989302237404,3822.2846151617
-139.789040295498,3468.62372877125
-359.068336856799,3667.27030196578
-347.904138639496,4661.82360283693
-290.178372351545,5074.77502897898
2.5274909094471,6396.70691275223
171.012186784729,6873.98096680312
-514.354785359199,5129.52746950058
-631.373145075359,6100.09834206925
-256.101950618846,2289.48481636392
-74.3701786690329,2334.44030152407
-27.3181268484656,2592.04419381861
-43.0952833029603,2791.4292409603
65.0920611119355,2668.83458318961
156.643417889673,4696.6321869152
138.04645568265,4019.08818566634
87.6588907240039,3236.63401611868
-18.5722323882926,3237.06606405376
101.284872804897,2949.33892991808
314.625119953479,3382.35269612836
242.199223554972,3892.24948801421
405.650841039889,5089.31117468669
576.312328458005,5122.82332282985
448.494445712289,5969.03412380947
344.058325295098,3223.31771200062
407.35217711944,3495.32982187341
739.067611322976,4248.774354549
692.141149000461,4774.03737349251
889.796025401295,4592.60472013532
925.45924460013,5942.31322395385
933.142556354927,6802.45577049849
547.219005839771,7326.98835273918
1708.86328100298,6951.11758379113
1338.3883255631,5742.33347617648
1267.00269769796,6808.40873920526
2182.23563183972,-5694.04228131085
2531.66897795296,-6075.27261717121
2252.36230416074,-6918.0292691821
1853.59104161613,-5607.79529883138
1353.93297717482,-6449.81896764609
1049.8790408612,-6647.41462311194
1712.9936113714,-6294.90580076671
1457.82010474075,-6094.54528557417
1558.57278805043,-5338.82876912074
1192.51114188094,-4778.63218058185
949.130344856409,-4623.82274927301
717.299431767642,-4648.20257647403
876.959238236675,-5509.0253319854
568.695962269341,-4343.7986277132
267.418007296982,-6632.31339209828
405.072719111101,-5475.48110851798
617.998201772233,-6232.86555584979
436.992855080799,-4569.59064218845
168.576805171696,-4864.9774068287
139.619472454102,-5621.48459418668
-91.7328843451995,-7073.7678533468
-256.861320156831,-6258.88580473237
-628.337683982715,-7347.27794969504
79.5582905057046,-4174.31861924322
-15.9343347817294,-4202.04003946678
-189.812175732899,-4457.3453223065
-342.322061503462,-5246.15788930967
-376.650151563097,-4240.0947848992
-1152.62460007045,-7123.23498837053
-750.671465800102,-5598.31534668195
-616.967478877364,-6185.41234656524
-613.22892917871,-4703.38962059516
-863.635847456565,-5198.3136437943
-1156.45304025437,-6151.74536018766
-855.552146277442,-4497.29226976129
-1049.93818670042,-4685.43984400791
-1371.35409595936,-5199.65518781237
-1612.94128566571,-6249.97256431283
-1580.29105197315,-5094.66242422957
-2152.9832540393,-7148.64854751402
-2989.76551726329,-6584.75008649046
-2467.71585846315,-6252.64910165006
-1963.91145071632,-5551.13118463741
5110.74035599578,-5321.41586771774
1899.90725163203,-4807.59813231191
2244.20231218045,-5064.93997302674
2652.57509604486,-5394.02621629439
2297.51797742827,-4517.23502322155
3260.99841205814,-6158.71700045437
3147.39072342362,-4432.64906082689
3149.1428330209,-4736.92151856904
3087.54476881504,-5239.60307587499
2562.03582492663,-4433.70493193669
3423.18197452616,-6032.47137742655
3904.74165340827,-5950.66916541249
4009.45761991856,-5448.19464483508
3703.30019232627,-4786.35474007569
4719.83571082512,-5487.08261546797
3986.16923536677,-4840.94810333961
4349.54155470184,-4742.0841776336
3279.82171018334,-3760.97570412017
2852.62798293811,-3478.79960618815
2411.02562695657,-3184.24793546922
2670.04432003565,-3673.2373824028
2046.95852152746,-2832.67273373973
1971.223387339,-3825.80277766926
1911.04731381151,-3553.67661428119
2003.01746733933,-3258.08909180402
2345.02190398135,-3716.78158179094
1862.89867107314,-2883.09613548868
1606.42066302304,-2836.3945211265
1678.52433104616,-3104.31582571014
1546.88663957711,-3344.50937011839
1397.18723216655,-2968.17023523588
1644.87878890292,-3737.45365007561
1426.93567647718,-2553.82688869795
1331.42180132888,-2422.2805604062
1112.48254838952,-2500.7217382202
1235.30150274626,-2642.73601146638
1022.04266522086,-2273.29902129554
1027.3812235372,-2673.76696920184
1110.96520790779,-2957.69078500009
1364.79399748902,-3662.61730107537
1614.75420486571,-3836.99366024622
1477.99055292848,-4246.79698294267
2991.86127470171,-3225.69646926154
2649.78922540794,-3069.90212755875
2091.35368781328,-2636.01861017407
1984.87439686104,-2350.89323916597
1913.33428717696,-2617.06177966839
1283.90463610182,-1848.53863375767
1364.22982941463,-1917.84697092105
1571.10119863189,-2143.56674666858
1638.29292035573,-2104.96173962896
1681.28561994198,-2376.4357106162
1454.30328081052,-2146.13181123437
1276.75833679107,-2025.12792006838
1117.24694027483,-1863.62860507255
1097.72050372405,-1875.41130882391
1095.414624981,-1680.40767214699
1382.35334671807,-2273.28260911693
1221.81769367424,-2245.98477115627
1125.04993206122,-2154.72065146954
1051.78324366972,-1977.47142701669
959.330325983411,-2122.2749353385
899.928093848626,-1857.99969429217
936.463405003446,-1772.07963756055
896.214998141892,-1616.61869778535
1078.57690544899,-1624.21503915562
841.609640802591,-1578.98477259222
771.671374886024,-1632.17576750349
760.803034190909,-1716.52056472343
822.509800593353,-1965.15245141114
644.162557410477,-1943.8617928705
848.216641860332,-2067.78557024188
533.252005639774,-2578.72805426291
660.913100201539,-2373.06282749458
716.871461011729,-2274.0754378853
692.585340672166,-2114.34802772712
768.301925389242,-2176.16277760425
840.833356808823,-2469.54917803232
765.542209444433,-2620.81547579902
596.252508918986,-2837.88200841631
774.335334592228,-3143.68293389194
591.777748321778,-2925.02558542031
929.876564164725,-2614.65602554574
979.971117448905,-2876.19619921227
1150.10671093726,-3487.51229249713
890.631680632104,-3400.96619556727
1200.10376572678,-4023.13591234848
990.867220839292,-4058.27718922554
873.105176316618,-3948.13535008003
631.95262552561,-3673.73774255485
611.735284242801,-3185.7282702382
528.887531347797,-3760.94786059842
-1345.94230289821,-414.306646385434
-1312.25307825335,-488.100775442962
-1138.06262066437,-599.469422852959
-1104.28295065305,-490.157431348583
-1127.35817971619,-655.36619010435
-774.332520928245,-720.716328774557
-801.212369047236,-789.27068696086
-984.137637647428,-711.51749100954
-1009.09163698817,-634.667069107927
-1001.76310868133,-765.371731162529
-916.289758391094,-782.008738137956
-863.207794079839,-767.740321272398
-687.106249355166,-842.799844812282
-770.883374825438,-942.909942657878
-593.895587354708,-887.924553691732
-956.106995357249,-879.824129528973
-899.94551065699,-958.89298998674
-804.172790000926,-1027.851789233
-729.97113822833,-1011.31035751622
-808.803627556743,-1187.31737782182
-578.710011489725,-1085.85712555017
-554.57169947512,-1044.49481905687
-482.236084722913,-925.569132917205
-547.0686393591,-894.973706055529
-388.575706293127,-886.34277022441
-136.408911324658,-2057.9063515028
-191.566415745679,-1878.3739588502
-292.916958312246,-1791.20021168569
-195.214690539422,-1775.04032715697
-357.865586105118,-1779.09543188861
-211.929404855915,-1322.56995284922
-313.822106136825,-1415.88756152604
-355.913900432431,-1620.90723938295
-262.248303849469,-1601.8037566173
-370.671285235717,-1626.9094211718
-367.975505834991,-1491.05531947913
-403.319271673852,-1428.03631112797
-379.447464667656,-1269.08643625948
-460.831570396391,-1243.96812505881
-271.616503689815,-1230.90887210466
-500.303156293337,-1485.04123196653
-506.251655308376,-1437.29487328373
-630.16079119991,-1282.75223431185
-527.038957703567,-1303.25573259944
-722.636869103756,-1247.34093803424
-612.089152778298,-1162.68896651441
-518.998312521564,-1077.42255466092
-448.123044183354,-1023.95352326373
-339.618367947532,-1108.4185285705
-334.712481378677,-907.61940139097
-180.776462354474,-1057.16379712701
-194.442701144274,-1130.5244678312
-134.986535704431,-1276.84437119837
-222.974952586847,-1315.87701870135
-6.23523780868888,-1375.19007898213
-118.233703680915,-1726.32075311172
-68.2195148855362,-1647.83306983852
-81.4487357905692,-1415.03506720282
-144.382269064748,-1490.2637309597
-37.8583309051001,-1426.7505744874
8.54153571608289,-1540.58720007649
-50.5014320928313,-1674.44984997855
-33.955534070842,-1740.18975590153
103.281765851914,-1856.9917829807
-118.400547949185,-1840.43295860265
95.3927487325565,-1511.65773456664
184.703994372094,-1638.56293578719
199.05234725273,-1731.83229795489
204.464732860142,-1830.6429673317
311.749364149215,-1852.14537571694
187.832375191282,-1913.49396364765
112.01075173557,-1990.17727004883
-5.84882815156823,-2095.84419311487
10.6261610393551,-1975.63424889738
-63.5004077603421,-2199.36335159818
-166.362216406522,-1011.51038505078
-126.138976220768,-1030.43781655429
3.63266244331011,-1179.0646977764
72.6535901888914,-1142.12468701642
75.235763936884,-1221.31500504503
401.049353866107,-1330.74942769381
310.190793667338,-1367.31544609287
198.666835172291,-1290.76020370639
209.4655041451,-1174.38390439955
106.686246588433,-1312.80994998921
214.484713631497,-1390.19959715318
275.905871057618,-1436.46330828939
444.72422507981,-1420.13152562147
444.026433423922,-1516.57745792392
533.939868777554,-1377.15437966614
172.05534029284,-1437.13704570663
156.958645398735,-1561.85151697679
313.874926374571,-1624.36921857865
411.151999361105,-1579.68908083669
381.374500367301,-1789.26424040099
549.175024337091,-1635.4951156868
581.934691972134,-1610.21825537755
624.760582615545,-1492.43056345288
595.64880094336,-1455.43224028921
764.126469607181,-1523.79278962861
668.052037978598,-1585.05018680114
672.737335282757,-1681.87897096546
536.389019025208,-1864.65603928076
588.455477522272,-1908.10776477164
402.586402489034,-1815.34109911944
413.329438918688,-2392.18115177521
402.621329177247,-2200.29991422866
389.682935557085,-2047.39429208517
570.963352273487,-2043.5739521676
413.364686677215,-1895.51313065575
312.681724056552,-2096.19206409606
359.064066457227,-2127.75131242733
299.885587793577,-2438.70645793766
227.335408729766,-2423.727126017
363.468169469203,-2661.19818878074
239.954313198881,-2024.557121046
257.832296203417,-2082.66740806147
138.979234450576,-2225.26483987541
105.986175554328,-2305.53440129521
-0.363922782247372,-2306.47494514827
94.3431683679248,-2555.89988871591
59.5111463901356,-2737.43048904155
260.853695334742,-3061.30403652874
365.722625065342,-2904.33938507748
359.751213986346,-3523.08102074296
211.616585720122,-3252.5788408345
69.9473707525672,-2971.52586205046
-63.1353058222962,-2665.9307529407
-98.3416081717747,-2831.81354791146
-88.0641535323513,-2466.46033316768
-529.896584265357,-2437.87414486934
-373.754012241527,-2385.47930157212
-287.659449244358,-2457.72896994797
-295.620281539703,-2647.13274325864
-167.206660982713,-2401.6579113439
-300.138646396064,-2204.54178441983
-341.166113614171,-2304.36392780561
-477.994523792571,-2246.73214050244
-468.95284876703,-2034.95666641938
-607.899292378536,-2289.21425186143
-214.094754119567,-2119.38606422057
-300.369980699787,-1998.42478025336
-466.280852881458,-1875.08396314419
-414.976692246193,-1984.68063086703
-464.791839222118,-1835.91546943611
-590.409574736555,-1922.47874582685
-705.39576510517,-1941.60903967939
-762.06585653785,-2113.77013074907
-782.623978352699,-2218.2528747098
-880.993530243332,-2121.74359712401
-1033.05432106356,-987.107129378358
-942.032418830123,-1054.98054474239
-896.776351009233,-1132.23942530344
-1024.14864565238,-1252.41665679937
-839.121172831912,-1203.04571791517
-1002.0700641865,-1600.07777366952
-907.106210613292,-1520.69734638307
-876.758879529425,-1411.06513378964
-948.615253479772,-1364.29400154443
-802.161348534694,-1341.95734940804
-792.119731882978,-1431.78075258113
-806.756928926679,-1512.62260288861
-869.040803798126,-1696.05642843902
-800.220066248964,-1703.30419046132
-900.803874356169,-1802.30610746803
-703.933678940996,-1413.42440141297
-683.981018708819,-1496.35327255627
-595.712328576899,-1639.00182966389
-657.592585054348,-1668.94018879983
-489.609683864395,-1626.95544203654
-606.256832290412,-1806.21871857203
-705.410228495782,-1839.53092364705
-864.716536149675,-1972.63722666018
-915.818073865717,-1885.2951045948
-909.397363174128,-2073.78745368171
-1055.89428411273,-1945.37082494895
-1066.97976602293,-1887.45147586193
-1139.75610315532,-1697.9519029333
-993.776785131292,-1627.24975403522
-1141.0215372562,-1650.36466650527
-1090.89657742778,-1234.00747372303
-1127.2035114949,-1334.70564127308
-1126.72336732884,-1472.00628851673
-1064.04195119488,-1434.00638781731
-1233.38732773966,-1520.33917746569
-1242.57394231919,-1404.91016816691
-1172.50695856413,-1295.80288836317
-1182.90658313196,-1172.64023386339
-1245.24590829688,-1198.29330290253
-1100.41659846491,-1035.31975045449
-1351.33447701407,-1395.30807929963
-1435.08427673242,-1404.87870249855
-1448.28444582538,-1214.48800571493
-1349.47023330207,-1172.721519262
-1569.44538515344,-1164.24555169369
-1407.72693764363,-1018.00578628247
-1358.53314469891,-943.345827178548
-1211.4579401385,-908.917539515487
-1094.19000505636,-1027.28827264892
-1144.07277907462,-853.799902731421
-1083.08006355144,-2054.60333296462
-1137.68440015603,-2019.90904837559
-1294.01434905841,-1849.66218559312
-1374.17235402688,-2027.38243529978
-1263.36819369431,-1707.8133719552
-1849.46946581671,-1861.26619772663
-1690.74224157692,-1794.90893493317
-1488.07977428221,-1779.27561036573
-1510.86666931999,-1900.6569047351
-1356.36358957049,-1630.41316446507
-1485.43034776119,-1613.80898225093
-1610.50252189995,-1638.78691036069
-1802.93614386537,-1659.4448090883
-1752.93143732896,-1553.96476160463
-2040.43421460162,-1755.08517465897
-1425.89599959542,-1503.94855851161
-1483.0609354187,-1407.51752372054
-1605.76016869788,-1312.27277618158
-1715.75615894895,-1410.13529750986
-1656.74414699862,-1176.37325438975
-1794.72124300973,-1304.24953905717
-1931.31050544002,-1440.14741701214
-2198.58565256246,-1666.48719323088
-2113.30901319541,-1769.51288637122
-2482.73078295441,-1778.18422167439
-2216.86632789475,-1523.59939345962
-2007.52876570436,-1333.7952904494
-1881.76774251001,-1160.78827865489
-1901.71535484467,-1168.19834363678
-1705.62150535047,-1142.50325707694
-1631.44270868617,-803.336175378213
-1605.55279845996,-790.532094047605
-1697.3924730657,-1003.49492446925
-1834.88721680312,-980.217494613626
-1636.32961537892,-1084.51477730412
-1551.12703144392,-939.701630026228
-1516.78772067554,-788.817314076024
-1534.7405285898,-675.396537899665
-1390.61128002241,-704.848232955475
-1525.43815902411,-570.478703051463
-1453.37636389565,-974.657975153626
-1411.3838711151,-990.672778312067
-1275.98071298973,-789.069454978961
-1336.236225437,-758.505296131119
-1193.52818895025,-789.119699946469
-1312.68283709771,-662.380997026526
-1366.40499578552,-585.434508803152
-1474.38542109771,-495.871423160673
-1482.20617892835,-497.641656685147
-1448.1501711211,-390.282710400968
111.623659642944,-3638.79772325475
-0.539499574001468,-3622.7588274806
-218.254432668749,-3523.71512558575
-164.523470970391,-3064.77881237674
-352.676428937215,-3686.89316442046
-596.245797956219,-2642.52541175965
-574.667807479394,-2792.51474173997
-451.457167745007,-3136.78640965477
-365.019148359758,-2919.37432252197
-424.833088331122,-3507.40343517054
-648.215825439431,-3367.75230681449
-645.533897212834,-3170.88870850871
-724.885520832427,-2826.65730121583
-903.085147579185,-3054.58767937453
-761.726136462631,-2581.78439311743
-740.33030860726,-3921.55771847581
-847.297612938309,-3959.88342919321
-1171.47483554729,-3919.85726891505
-1025.15550606458,-3446.51026593898
-1364.67981395843,-4280.15549943815
-1164.36283585019,-3499.91177503803
-1100.61569090865,-3048.81770238745
-942.718658680414,-2554.71710587683
-901.757640937753,-2519.05018717866
-953.755126458976,-2364.15487126467
-1855.23977725831,-3359.59814105931
-2214.73680334427,-3923.9979993297
-3001.27154650354,-5089.82323274758
-3086.37010709205,-4943.84341274327
-3687.8906128153,-6386.91329020221
-2767.35620660957,-5116.65882250086
-2242.36827488577,-4288.93682375782
-1645.40911836403,-3446.44849588965
-1637.41369146966,-3526.50833134788
-1491.58037570354,-2960.79264923761
-2860.01905652732,-5805.32755836024
-2513.87503105954,-5422.96843768899
-1923.52401755853,-4620.90201328968
-1717.86227102949,-3967.23232090091
-1686.30993527223,-4606.42054178011
-1411.30997934565,-3587.74608703138
-1286.01023900544,-3118.0045870545
-1187.97576467491,-2667.54250982714
-1296.07097438527,-2745.44789037837
-1076.40611188254,-2401.43580197049
-1222.73619816544,-2393.92902901951
-1359.41638760285,-2549.38740280859
-1734.92364334078,-2697.93591623389
-1849.73755326376,-3100.71303700299
-1844.50184705887,-2761.29211565668
-4000.13356800512,-5719.45243629524
-3234.85169070222,-4731.75840814117
-2421.49552550225,-3553.34203152485
-2349.01788843567,-3709.10361403767
-2159.36422904976,-3067.495911192
-2702.01352891081,-3608.73309746021
-3215.26035242182,-4314.23393176896
-4482.53819880235,-5902.24598273275
-4729.04584607465,-5850.66482318627
-2615.53568782195,-3348.48489345906
-3032.38458749209,-3563.188384741
-3939.99532983652,-4414.19088003045
-4468.22021082374,-5212.91575368124
-4418.29705972588,-4714.55119586974
-1217.91347810817,-2247.33327314512
-1259.52294096635,-2253.00755098453
-1563.51127363991,-2339.20858120911
-1431.66088487263,-2062.49085943058
-1784.56580248788,-2448.75540110347
-1972.19860843212,-2100.08619063592
-1981.12479663771,-2092.02848737274
-1801.98180051372,-2209.4427020573
-1612.31372645865,-2074.82053694644
-1881.18620392447,-2486.96626210983
-2124.31433372948,-2567.36465880654
-2156.10467961151,-2400.05253686014
-2242.55866418117,-2251.09075587662
-2600.91390198152,-2507.85293481067
-2243.43186160338,-2027.22605489736
-2392.45237665954,-2894.90415301962
-2715.50380075167,-3139.79127482604
-3233.2474074721,-3487.12544608409
-2997.37390312737,-2998.71995139213
-3867.13592302147,-3985.51090439201
-3465.40108954186,-3258.38214646079
-3148.51040539271,-2823.65483664578
-2709.66139395157,-2291.95301708587
-2462.24522257341,-2130.40162771939
-2631.18867191361,-2001.33360876104
-3235.79687903363,-2607.01642104335
-3596.17653294133,-2976.27608983886
-4425.31573300928,-3939.40100086725
-5204.60981006044,-4453.54342832306
-4698.47803709078,-4428.07533395652
-5796.47469379069,-4690.46533788538
-5512.66886084799,-4189.89479040748
-5723.40857662595,-3988.53323784196
-4553.76781823243,-3450.89077776503
-5369.35551584205,-3391.75459720021
-4490.65185221022,-2916.50917460887
-3618.76804942101,-2520.89291054729
-3899.09101169814,-2874.77238376935
-3062.45108952963,-2127.64260975856
-3865.93379396309,-773.296704970632
-3932.73347668955,-941.269044728837
-3949.28342034122,-1178.765458149
-3487.31058152017,-972.137454316553
-4345.13115826176,-1432.88796395004
-3070.95550881071,-1500.74810641318
-3302.27505900552,-1476.41651148996
-3617.05667787624,-1415.59038516068
-3273.24314473915,-1171.0954842974
-4138.99244550474,-1418.0287581572
-4202.63126062584,-1780.03107187842
-3810.57882573418,-1661.95647721598
-3470.77095284472,-1764.86425905284
-3920.37082403427,-2169.84144327709
-3053.58841847247,-1726.91303688535
-5004.01823493393,-2052.65669273265
-5307.14350189679,-2387.46694696649
-5633.40498400778,-2848.5034267062
-4676.70818103906,-2507.47659174764
-6458.99636605721,-3478.7637679712
-4967.31555249601,-2883.98030444235
-4185.78416312976,-2551.7980195502
-3275.31460188048,-2083.72430087278
-3106.89625607653,-1846.95572973782
-2908.72591098397,-1955.4727362459
-2608.9381286129,-1617.19415414077
-2517.15037247929,-1446.13842500237
-2530.24693240548,-1280.16489446951
-2736.3923259029,-1265.51964670693
-2320.4396883115,-1145.02187053018
-3015.93110462428,-911.689644236558
-2854.94522608146,-912.64369757972
-2612.595348661,-1002.75875739627
-2763.12535087211,-1175.85926781109
-2386.56438335995,-979.751177807977
-2458.8664402959,-908.230628151453
-2584.79424966862,-812.285850277879
-2838.03668891549,-669.695516728678
-2606.75887347888,-570.439764097697
-3124.18015821605,-703.561025013451
-2305.15625467934,-757.3730651635
-2234.76234584843,-670.312027752159
-2310.62847260878,-488.287861638401
-2429.52849911232,-518.06657620935
-2190.15164661011,-365.354905533709
-2412.84924356913,-405.810323186514
-2742.73185447491,-459.166262823216
-3227.40521520513,-480.137991712154
-3241.44725948445,-694.494217711318
-3540.01628805527,-490.425458685494
-2358.72022294679,-1506.21677900664
-2309.64521019997,-1361.05891438275
-2156.72843058365,-1153.79512911768
-2010.58790857529,-1070.98827698173
-2144.36756991079,-1060.07198527578
-1727.61834178759,-689.383644314214
-1789.98932140962,-751.50803666409
-1937.35204423708,-900.533584944099
-1839.60123102861,-955.962723857835
-2130.6902819514,-946.028629713737
-2037.14179378056,-805.233390536655
-1897.60072078126,-652.956984882801
-1736.5352514889,-622.231417146205
-1885.20040224943,-524.081373782752
-1702.53220684262,-588.385566892885
-2104.81990251093,-735.355727753128
-2098.26435386577,-658.792921408149
-2019.36406549373,-421.561005498978
-1903.3718926967,-511.295412367583
-2069.45862551729,-471.484305830015
-1888.54240825921,-312.136505999568
-1718.883022816,-363.209422801603
-1645.94323578426,-454.657886396177
-1660.99265130933,-510.198602628461
-1528.03307913235,-317.136555588103
-1635.8920805305,-294.24300416091
-1768.51417308418,-280.364404197288
-1887.73587239303,-213.085354290797
-1907.70722731743,-155.886184819773
-2037.59064362714,-280.585333183072
-2465.88403516596,11.0207195062359
-2377.41651528201,-46.0041488818466
-2194.37552960874,-192.92117359999
-2100.99109586596,-99.5134452406243
-2134.1046489406,-245.296105744087
-2394.83983912058,-217.398439281511
-2489.78887895624,-194.3679038691
-2797.716660501,4.94078505089572
-2961.83925328437,-90.2550636202179
-2895.77770431109,56.4500419454863
-2496.34831794226,-253.029393737062
-2625.82092604915,-359.443344819236
-3156.13112199516,-338.708194568741
-3132.36083114198,-228.532222861105
-3554.4325579678,-370.918003483861
-3660.00979627857,-249.27717808208
-3648.08744814738,-31.1640308451949
-3505.80374078822,138.647138013855
-3136.62614080136,71.1071526992361
-3672.3967274623,276.8141454328
-4234.45958541818,113.054715780732
-4190.16006415488,-43.4820836326312
-4511.23657327598,-219.364519503975
-5257.11798250833,-246.276596762335
-4325.71869889629,-376.675950411645
-7196.29751052908,-1140.91701531283
-5589.13652162726,-702.72245308377
-6202.45731278785,-683.563237691464
-4605.94395513148,-584.132250097581
-5208.09251995443,-868.556783991269
-6160.85109771018,-1142.33858028644
-4481.42731338315,-853.856667851782
-4610.0474401201,-1041.8749400654
-5205.31769461081,-1359.61276019938
-6289.261518952,-1711.35525885408
-5094.11392711566,-1592.67544209658
-7140.65440043679,-2137.45030730819
-6556.38224710585,-2936.80480280647
-6184.1770757787,-2434.24516556628
-5538.75795284128,-1980.50240213164
-6253.46309922089,-259.285450510784
-7419.22090472591,-442.29382237879
-6894.86159621289,-29.9455829804001
-5647.08235208345,71.1616039793458
-7310.55736035722,544.584223977316
-5253.91263695003,340.808032463306
-5272.97147037912,199.381465274183
-4539.31538726778,339.870083982934
-7101.3659543092,1555.5100822651
-6205.75479906072,1070.11585965839
-7445.10171692325,808.181062975549
-5440.2722206403,697.883260068553
-5552.01948808952,836.779448776403
-4576.23038404789,474.277253783272
-4451.47092823165,734.451521423426
-4548.27209112751,954.767672225743
-5060.42733292736,1287.29757705669
-6050.55024405376,1524.03828812796
-4998.94050441915,1428.93993207443
-6873.59814189644,2209.1243898858
-5554.86019091395,1738.88196167681
-6662.32345858979,2406.41261235892
-5776.28023737561,2220.18731380171
-6126.21754325181,2600.41402915903
-3803.7117861104,653.803405695742
-3902.09084605909,803.342792890418
-3885.92799348489,1056.86498403151
-3371.56957060075,911.633073670057
-4194.16991426699,1194.12837889667
-2963.10035070727,1357.31081231265
-3224.80190165082,1346.10850082557
-3555.08179997917,1302.14200719001
-3269.26532669025,1072.80362909921
-4042.14275154351,1391.42054817318
-4038.0164423391,1596.205457529
-3720.14322541344,1582.64457651363
-3418.07073966471,1703.63570679621
-3770.81157687912,1945.90529577921
-2971.7096617662,1579.68594686303
-4837.53438750191,1962.46272415859
-5061.95697963357,2243.60903724091
-5389.33435519234,2576.32359335665
-4517.74688276955,2300.85265358792
-6202.91432026105,3158.78474850321
-4708.31479024139,2666.17252031485
-3968.07663084663,2296.09819580607
-3111.5876653574,1928.07879418293
-2985.40757715215,1682.22984217351
-2790.81300533374,1817.03212829938
-5435.86971876496,4178.92159341694
-5218.41712788215,3788.51796868146
-5409.86240779746,3653.97151385518
-4292.08453208638,3187.77259233037
-6025.59523182457,3828.04491229323
-5119.33953993596,3059.19963302813
-4301.14941030645,2663.47052276704
-3484.95058838581,2378.27195273898
-3701.70675697806,2640.01560949103
-3004.79237569154,2012.86549009342
-3116.27245001622,2375.51665982452
-3411.91842520213,2780.99651986005
-4096.5718398049,3550.94899431469
-4819.92785896409,3962.87833157282
-4383.67425386722,3962.77334959597
-5216.84776017581,4845.60877137896
-2770.97248209449,2214.66874861968
-3012.68174009884,2490.61100477199
-3294.05205983388,2985.34750324957
-2868.02549510019,2791.39071513406
-3727.13414822979,3525.17904370157
-3236.26386282543,4063.44322061136
-3360.35618177777,4015.33832114899
-3443.97746242589,3679.65057537232
-2939.225915807,3137.77784525065
-3861.62237460179,3920.36677364932
-4310.70703366984,4768.59115358473
-4120.90202654232,4788.93898819077
-4115.11918252824,5304.43723138441
-3611.63480028202,5127.03735927846
-3884.70544656906,5653.79401419592
