6589.13937353653,-2524.88615721991
5286.82754046748,-2145.40310297905
4263.41101039284,-706.571079494757
5243.98405399073,-758.718661607752
7079.09849682092,-1635.01340728964
5559.46861942812,-1022.79978420293
3925.42476118946,-909.215257991864
3810.20915341544,-1106.21890532737
3192.49050256793,-622.805821410742
6651.49600153969,-1965.22317123094
4767.02267270002,-1523.92025191555
4224.26558760517,-1262.59062932541
4444.50543869669,-1839.82603676224
3258.65436953592,-1129.11506243915
2959.05070338859,-893.572873329089
2551.88239679372,-657.291599449904
2767.83709610915,-666.563205473207
2154.73014587757,-506.216965899842
3029.47448251606,726.99968955049
3211.15124212934,905.341069318379
4068.74503253357,1451.23444720275
4794.37028124949,1454.48587886073
4280.96159816739,1680.09140947045
6359.06882519725,2652.64825285369
6590.22418524055,2453.66367830483
5093.06028570181,2190.20432477877
6256.92735778688,3299.4800562669
5258.3628115255,1520.31131162746
7031.02926145183,1980.0599804165
5233.34748897778,1170.19225051713
5568.75029392465,1092.90712582284
4246.17009294375,1016.64235510834
6468.09092009514,820.095266197705
5408.68988181274,375.876405375624
4434.77835534391,471.96436184913
3451.22618061349,493.88919065463
3612.83334711031,793.826707877895
2798.94296460529,484.637908143435
4032.17294112064,-387.571368047397
4865.66192899171,-291.865213082575
6784.01356180068,-295.668236831384
5249.8617586327,-70.5954201603516
4318.49890374087,-110.332041453756
3307.60903361712,-240.145898100925
3034.64632366784,-16.0908958229174
2952.03586598089,-379.712458279681
4877.67649683351,162.979318554294
4090.57596130023,345.719227982562
3127.99449745043,196.022800691556
2875.25125546996,11.0574985648958
2699.77950593223,221.270832995275
2280.44490511634,109.591559750818
2207.05351247834,-118.824127776513
2235.80579649239,-316.64539509061
2539.50186701349,-364.451846203883
2123.20039257654,-321.228990077714
1832.90874285594,-223.556651139975
1974.37342717637,-96.7177455485753
1931.52948910039,164.86606073259
1789.05268757274,141.185733479068
2109.19244807829,229.614879636382
1677.39668286471,679.679527350102
1834.34558478411,621.486823542465
1952.43722848007,435.621868526152
1665.9200261787,326.734191810206
2151.96884192446,365.178720868173
2272.04946471746,592.071327463336
2039.80933756575,762.971350481622
1970.31424794142,908.442859727503
2251.35019984873,1103.75369264303
1825.9988317191,910.443020560251
2538.73274309083,659.456577754472
2803.30143610479,811.344846381114
3043.18664444263,1232.6402162406
2692.3418697186,1128.59453308688
3565.18161894019,1442.72672459375
2807.89230359556,1478.37376004694
2497.70567070134,1400.03740154678
1968.39148638658,1298.88922849801
1790.37571200321,981.973143869005
1764.44605535207,1350.49036958934
4176.97846361907,3339.07946993723
5149.52848685891,4242.51450740104
5356.32195803306,3789.43196327644
3771.17755287389,2852.25103279879
3643.12683327944,2358.2082503174
3083.17251448861,2412.73453812032
6390.41805026964,3986.43887243412
4632.34235136602,2647.59941652697
4002.55213966481,2302.89105985407
4317.2622414588,2248.5423250869
3118.65840336309,1782.59158633978
2667.11667250979,1680.81194635159
2273.51799906004,1549.20652990458
2601.80703752185,1887.62425539476
1936.07189690231,1571.98486320066
2176.3712897083,2002.63699971049
2557.10879052086,2233.19898335389
3339.25137907384,3209.15648708503
3989.33477509228,3477.02917150561
3664.60392128329,3977.74896863866
4827.71790941178,5060.46793017726
2000.96309853359,1931.29449151775
2305.12280507865,2259.57305328751
2788.52571670164,2942.8493887918
2420.72107672261,2926.88488525778
3338.65846013733,3751.12309306433
3879.92699240325,5614.95354570569
3385.28915380337,4481.89514051739
2669.43324136289,3599.5090782821
3556.65622161246,4460.20356059578
1714.35591537962,-188.541769005446
1496.39057526226,-107.350551822563
1371.74090927596,111.505091956151
1615.74377941433,138.975250755942
1303.87334371344,157.604667700105
1454.38102489141,624.085455520337
1415.88661367376,491.558674768671
1363.34782704779,267.789445037999
1473.07625473897,276.850051791323
1225.98493346972,249.81949502083
1191.56286049821,406.59115382128
1276.10340251132,451.615351396918
1333.0300483243,658.717038227444
1158.73240747644,619.228155637329
1379.94153098357,826.825920854623
1070.0084809933,340.403938916341
980.462392141475,394.606565940964
937.418233126966,562.2735448394
1015.80982822637,578.190431165869
855.047249051276,552.878719123709
975.45542593038,734.114434996492
1163.82446748684,851.078292737889
1357.63312934195,1014.64826690365
1471.96182589571,961.161436573998
1605.80698827814,1152.30731469219
228.299893764371,1879.82983573872
260.654652849727,1616.8686796752
372.446450543878,1501.93748897286
467.839585023244,1584.70517749198
390.177296329145,1286.29613236219
980.891373064145,1346.34099826182
774.116015356533,1291.67452534917
616.808914204657,1329.2536496631
670.895850574127,1478.00668034355
459.539626557746,1300.16492994238
685.237779990397,1182.17174501749
704.364068795233,1201.24708961932
900.237776286769,1190.66240777029
940.587669910162,1072.6047558043
1158.40634865782,1272.19704502222
570.354556601122,975.259888237696
562.156414442645,939.815561227295
733.751973793522,879.466759085187
850.240944590559,900.581158924215
785.128494880544,708.595578973048
976.767010044364,857.263224212843
1003.95001026034,896.214036014296
1225.57415833231,1112.66877614588
1207.34553846106,1195.24648351873
1478.22599089908,1201.01941589845
1407.49429940339,1427.31110850706
1355.51463394225,1620.44266436892
1293.20801523916,1751.41357888392
1042.64751561166,1519.54390848712
1319.41279353904,1933.56471655663
571.132918035092,1826.97660338723
797.767859479233,1881.22144347799
904.250510992678,1835.31823526939
850.168710647238,1688.16394236719
1163.5827335126,2094.56514571313
975.534131125077,2226.24005163089
843.172173325964,2179.64701370691
584.325164229897,2139.79222552133
683.542444964753,2565.54200464149
443.621884964995,2067.59021458685
1192.36759605986,2584.79091494172
1207.98052587146,2976.99140540371
1124.28973064291,3370.80134456212
833.448359415543,2961.30496253301
1154.75293765958,4007.59464862125
736.680947357513,3224.24334826539
552.886137340392,3022.49723845062
273.685618798889,2398.01005216706
345.37054484876,2117.44133917732
218.145130810249,2212.57176118343
1605.13115632408,1662.36209296461
1673.38183554486,1815.86149407762
1545.49249710596,2195.42324382744
1865.50602780218,2588.77069432438
1453.36901591995,2346.56589267338
3157.94447185662,5751.58433360663
2594.97127398747,4493.30691340631
1982.08690447289,3192.40070057963
2238.53888481089,3338.6172724186
1543.62928292536,2654.18585236281
1670.98176030442,3387.53966260805
2104.67620804581,3950.07162105181
2746.70294079619,5884.26304698889
2559.2024844625,5680.04627477116
1533.7048971137,3002.4543505956
1382.54696020527,3454.85586235442
1619.70414253309,4257.55070589482
1883.49941872674,5108.1138113594
1475.34898882477,4783.70205025919
2278.9638370677,6615.99347658284
1578.29783123869,5996.50382548251
375.07086229908,6191.1209465576
623.031295820025,6047.03328497762
1018.26287998912,5943.67535925904
1245.95551169512,5531.96055789348
804.407912096402,4568.46996764101
597.19537402342,4812.5205959867
312.287982094946,4833.96858449724
98.0677464953963,3889.82098651223
52.6363795306828,5557.40178774292
588.472722663931,3712.82027311553
443.278747321511,3331.67042291555
123.990564900941,2942.18666750201
79.6495967821291,3197.67924332296
143.982792373593,2458.05054947963
-66.1649017678805,3014.92673369981
-266.85517240967,3400.58074434669
-442.624478918662,4557.81949710429
-137.315224105665,5349.40491096914
-751.763562197079,5416.40716022622
-581.714012945743,7190.27027849259
6410.60027577777,-3302.36026753188
5770.66863142842,-3854.82441274667
4427.1080923391,-3076.57603659497
5714.72213356404,-3564.67558563846
4735.2836051384,-3967.10572231201
3433.03894191926,-2816.73495748675
3723.05482929579,-2966.2342146184
2846.19715018589,-2392.02636593577
3039.11978874649,-2135.24349135608
3245.94573473678,-2208.69235729935
4004.06207803743,-2281.37258317613
5094.05937515846,-2905.32295732133
4290.46530050296,-2151.79946726506
4137.90850619145,-5544.97600773997
4713.80158822782,-5041.16518433677
3364.64842562969,-3992.06418956451
2719.63387544763,-3297.41778724097
2714.33224786736,-3821.13097255859
4390.01576745189,-4258.19464079146
3051.88675385996,-2872.21552160479
2684.06099822572,-3036.83848608194
2465.17018440804,-2314.01414163713
2196.9624308316,-2311.13522518433
1967.51350358049,-2449.47022522455
1932.72015970749,-2735.08857303778
2352.64605778108,-3190.64397434382
1661.15879400844,-2711.04547677939
1519.85762646145,-2209.30312124119
1671.8365045842,-2062.22964160679
1720.01278088773,-1864.0486663356
1525.45054380033,-1645.68554790292
1942.00674387672,-1858.0930592904
1704.10205314074,-987.766456218917
1738.9639361768,-1144.33534984693
1755.57891606673,-1439.18702302528
1613.23398835203,-1379.08739157474
1999.73053149818,-1706.78305152702
2241.39339517409,-1505.09145257196
2037.81451770558,-1349.41831425329
1916.41028839723,-1056.57172672716
2319.83263046403,-1162.84274400931
1816.71310248369,-811.455262316326
2574.17051824111,-1772.80252233505
2912.9035666644,-1705.19845987058
3174.06157978705,-1547.60114227616
2680.18391745501,-1289.91493325491
3692.83114699255,-1825.86602996482
3033.72930315598,-1294.13933583024
2566.59727896701,-949.143997194177
2122.87023001789,-638.010278306314
1839.87936329993,-752.716715172042
1868.48047765449,-545.949514737164
-1619.35813913151,-444.021738996179
-1349.32069722393,-459.557537051433
-1171.99277844389,-452.143580479342
-1154.67489028818,-576.950383316409
-1003.75478395247,-373.626467935876
-709.173920031763,-685.786304197399
-826.001304853194,-590.009792861725
-874.733129705321,-511.268875344032
-1025.45777215372,-529.724368167559
-981.330048640588,-401.875943259151
-810.016662076427,-457.262596084297
-727.087244007792,-571.375750597149
-590.293023261798,-588.499854923015
-567.148635553568,-586.491868002689
-610.97583288366,-760.609922497053
-684.531356526158,-323.431946654559
-650.747856822512,-383.15134158435
-500.543143743304,-395.682533973322
-519.995862229276,-439.334940384939
-404.221931255083,-308.300483730415
-395.747598519472,-471.957019738917
-360.120178061258,-571.238630733823
-418.218665823811,-739.275016425248
-439.455557389332,-752.85591554782
-409.545632199614,-860.539047217283
641.382373275062,-357.219912501084
518.022865232243,-395.219062932778
459.117923534044,-358.801580852943
394.145982315808,-428.203169624038
374.507405236565,-360.458354389575
86.0109074968913,-633.811701619655
65.5285726448811,-575.509489083539
213.621094248568,-481.676240364976
340.575421445608,-558.666171483514
220.775176655031,-436.563457998292
109.750558353249,-384.566776394816
78.1880464081634,-516.404023708032
-79.8825693192346,-625.599466605208
-128.906627315509,-538.695363031445
-49.030716558351,-707.190328053813
69.5198447252226,-369.227288216769
-56.2198186028664,-391.578126855213
-136.62216839063,-360.876513403338
-191.377799945491,-491.677640243522
-243.337820649884,-306.381709517691
-285.041751067627,-466.42821581719
-268.575244121241,-651.518267556422
-266.542642513987,-769.735176634953
-142.292926967528,-742.976254912934
-314.453136417906,-867.659399491249
-94.8512562568905,-909.725417503965
-53.5359243209079,-874.137284791998
52.6947694955733,-827.344903963917
109.106720629896,-729.938191334448
194.827779373458,-836.165744106267
447.789044050733,-509.688039924043
444.819065770646,-595.729267599202
288.477113521212,-790.954030602864
235.606906242307,-691.386985063751
296.826516010845,-794.884883228184
456.223689424029,-818.75532937738
505.497579297571,-763.972688363507
605.087136005986,-669.882798457033
629.537277128516,-640.123512551198
653.731676672394,-527.43308448704
437.890144418821,-883.211101644655
576.718039815259,-903.448730565776
712.492842388009,-856.733583794786
747.594945131722,-751.506690425416
843.03058696978,-959.223703973973
823.927778332444,-806.109800084525
868.846491153859,-669.823047636649
769.480714745884,-543.438645309544
745.688300185115,-500.833595928702
813.634208771229,-437.176429679177
-170.174968365775,-969.940185448252
-37.2830179868645,-1037.37894405523
95.4109929456853,-1017.60371879812
118.721193470502,-1134.69427161999
204.156186773356,-1025.33789120872
496.464827625575,-1465.4172796701
496.582795241694,-1341.89047577798
287.379172646519,-1129.36690285506
209.227362179787,-1260.95614049079
271.949636490436,-1063.1651070424
492.493225297289,-1087.43709028979
459.940444943881,-1243.28206883277
676.539916747725,-1393.48540359316
751.633237054758,-1383.175916199
811.882760443652,-1612.24427634233
424.094647750657,-1019.67949832358
536.465568382736,-1001.5947807019
775.016934915452,-1133.08988308619
764.592092563059,-1266.78129282763
873.706847999617,-1120.38880250884
932.73438942163,-1353.20272232505
1067.71192569305,-1550.70693831567
1075.92623446111,-1831.18507629118
937.428039051925,-1800.31188983893
1174.29945439034,-2171.13715996122
1294.37229501739,-1825.20123200196
1274.5021730392,-1605.18356191867
1111.22748807939,-1328.33785720736
1319.78201115978,-1371.4468376542
1110.8382501619,-1215.42081017262
1445.45728051148,-846.838714785726
1315.50293450822,-882.906368849551
1213.54717836505,-1097.12934513762
1358.79319763435,-1188.78922865129
1119.64787467609,-1038.43611855702
1059.68892865091,-906.300215945712
1253.1142796233,-844.722572636927
1289.46383565118,-682.973052521595
1227.29889337483,-610.793545341919
1512.19687248474,-683.825923390212
1012.62979631878,-827.372300627917
937.616357440395,-698.752377292305
998.213443164937,-560.848532268005
1057.14181908008,-494.222726770636
884.124540864617,-373.995282387063
1112.56278499252,-402.519415379481
1212.98585802484,-415.109924693277
1561.32955356257,-490.787427053193
1541.65276745334,-558.58690509952
1687.82199218174,-479.051379546065
1450.62259040099,-256.76435507275
1344.26546383914,-303.56164153431
1057.99878221665,-260.98524313429
1057.53194077581,-196.049063808816
929.395761561429,-270.982568875783
590.674806152877,15.2300051045457
734.300463422689,-40.7497139283425
858.55584721621,-149.275969350108
925.961631672949,-132.448952505594
888.113087812191,-264.732555707715
646.755430050874,-188.945540662848
684.569746542518,-145.780751264282
532.6989944321,-46.5063305816578
451.485497050454,-54.3274210073369
498.389430958511,18.1729245706749
671.181908161381,-326.084084943185
606.880853659463,-295.011637374028
385.096704520909,-286.291318466516
371.387610300437,-134.879768015745
333.054357445638,-293.911086949521
296.040056405994,-148.876968522778
332.787050703049,-70.508763860379
344.045829237856,45.5326776434509
461.759825039232,112.30088998347
289.791797267105,219.451667176975
-683.367776377518,-281.688506186897
-594.322966583301,-277.150306277602
-427.822321404054,-272.073851356395
-446.514794355788,-187.71185095002
-351.807350336933,-240.669880474766
-89.5683455168166,52.7028636094808
-135.097220298346,-54.1661761009575
-297.218627506616,-150.363177522895
-338.942968487233,-118.87967377254
-352.2271346404,-221.787671221997
-151.075045331967,-161.751342052838
-128.490615230293,-137.729188516848
19.3648560430473,-31.7879444610725
26.2149004701859,-61.7108540894375
54.4727775931261,55.04166379133
-127.762927881026,-276.214693429031
-13.8771436363927,-234.580790335538
129.529056598414,-290.252159762875
47.9021675031391,-152.52079181568
200.343602105766,-268.57572818337
161.956883156486,-148.275286488929
249.478447477936,-45.7569595721848
143.788774436837,75.6103092769921
128.872037947329,84.3227709108882
219.255753461232,234.737081158375
71.5438412437371,175.729930062256
24.0431952714089,213.846326038423
-170.304795096125,135.248081323797
-141.151420832978,127.216631173886
-244.330328196864,179.459542472922
-565.460093975072,-77.1404689549491
-508.063480211924,18.1256490893205
-383.481984126854,105.342893381911
-338.05157771865,49.0748221917182
-289.89879647253,169.426682148056
-416.186047307282,137.285081777669
-515.124894920091,114.579249375704
-656.913157381255,13.925229918965
-735.78840819638,4.86825589170209
-709.710596811313,-99.5773002614045
-496.865406476618,257.102307155396
-549.806508517105,200.69255087616
-724.434360352485,158.430739693581
-705.888607666622,72.0058055643562
-878.090116794153,250.340388891785
-823.250617772347,90.1503500747331
-853.020668143939,-59.7385550451075
-826.998080057219,-213.312457344191
-746.958067203571,-155.149850956486
-876.271065846629,-267.312194560202
89.8333090113144,347.343456444056
36.3388975957474,309.333766108352
-160.423129209966,336.114820546953
-151.360334870581,383.327875910477
-272.511557879405,322.296181818047
-473.256336771709,597.048943842809
-506.024999068439,522.615293263144
-353.430414661308,451.424485342864
-276.047851357223,428.490978260185
-334.052283102251,317.736054198545
-431.840517338682,384.904244043395
-499.202917338228,477.175670834193
-657.569790158992,542.72052038854
-686.60581465348,521.604957827068
-651.444228780792,630.611912208856
-497.833947329502,335.122249982469
-646.571901704007,310.286343682128
-730.582264257339,301.444262781924
-796.069247992094,441.277278250014
-868.170772151853,355.005811962361
-835.347247768817,479.887019692187
-873.570684307066,520.339855650761
-943.367864435761,752.619290013451
-789.688286322801,752.089613834618
-993.404779280606,894.668075213799
-994.740086880488,744.136489742499
-983.165727966228,592.701270955207
-1047.19600604735,506.710046671796
-1160.69249994833,484.080201520219
-987.301240413075,293.574818583209
-1476.74232296737,48.386618202491
-1320.72017320472,90.9286026021941
-1185.57014593352,187.793343662022
-1267.11584100144,303.288416469798
-1036.33679959044,232.632072270537
-1140.47737252264,112.290929925542
-1167.140030785,51.4463570581391
-1334.54999398058,-58.1181388640158
-1267.48768514098,-162.156411765013
-1514.97510763352,-73.4441283708794
-981.851643812071,59.8544746344764
-1035.87597189214,-21.0816113539133
-1066.98985355018,-175.406403091692
-1156.47666495273,-113.968288334393
-960.062442109262,-227.648120607191
-1165.04740747795,-286.261334529586
-1346.64053938453,-308.122675342681
-1642.7010225568,-338.495110067123
-1549.21234586475,-152.231343661165
-1829.19871553615,-288.407526642812
1529.57852078522,-246.335327601149
1344.07295074502,-121.530391178629
1254.60346050197,-33.1420420816605
1068.25166827852,-122.784647055629
1154.88772649054,57.318799114971
729.247375963389,73.6832568898626
744.74598140383,114.832640384328
999.830429769492,88.1173281892075
936.658982539087,-53.4802627822868
1010.28406095689,108.991138157318
909.874897172381,180.824468928483
762.930124394468,161.491958121841
691.600411983207,225.967711092696
681.798159776329,303.104083499599
517.69957772881,158.554367138142
988.388905339657,225.689056311666
910.089008084573,353.037335186556
744.973679818942,411.065013096018
693.533760572458,345.220799234176
751.866902882688,495.653719340952
612.778215883858,460.025652873802
512.730986950504,448.660227382886
394.283769728649,285.602767826867
517.038377415711,252.693782529292
364.242514855998,245.959500504061
105.821746597811,1645.2763475993
177.507743545381,1529.25411439698
211.121189345548,1324.89325547457
141.981111355915,1257.33501590428
370.728624127718,1257.78772256559
171.715144776777,724.12230692776
286.344151302364,836.197973567859
262.020668348397,942.09310669964
230.713853201921,1049.01720434255
368.222113525241,1107.31050953962
355.627701839575,874.99595837304
363.054954675533,783.474233515026
348.592496947246,696.645449376052
400.812554262731,605.491772727516
273.214706981534,559.764657840045
495.969687469399,937.895423856066
569.021159300802,895.072384966223
610.416155811047,719.10087088211
536.798982386768,694.626398686146
693.565715726035,627.967424271303
604.038844803924,537.682699439809
453.560941352109,467.448255810872
304.730899331895,449.052563917739
324.018558812862,529.349598053101
234.458493516443,350.840896309473
151.077988226176,435.893232618866
129.886633090993,541.141853715028
91.4327473221106,684.210392955356
118.303792843421,645.220952610291
12.7483990841407,662.188385060669
62.6906104646821,1199.98637437939
51.9177806639317,1089.47370398427
-1.06049706893544,851.576416598228
97.3360483712843,815.696611406302
28.6235630539701,769.119039854396
-114.735160146608,915.871138033879
-18.9907427019691,1069.49368900005
-33.8690252818463,1322.35072486533
-152.977603342632,1337.14210366855
75.1063148438385,1406.31774973471
-171.899448086187,922.318250042219
-207.710327376191,1017.18859797732
-293.359879823144,1200.84272805503
-228.921736386135,1347.5670595813
-464.612976435274,1318.54528330689
-318.28642856063,1482.95797521771
-162.893635662392,1586.09028619442
-104.02380049839,1699.55631648071
-19.7441425197698,1577.81031666547
9.72699702017827,1878.20067933316
105.266328753391,389.355341235069
87.3005273476482,496.113007111868
-32.6751751973378,577.868461124203
-119.335442308071,533.75595241294
-82.4750569381221,689.941754078822
-510.936598580985,714.133225072449
-423.65082089338,704.116055990179
-215.533584211118,618.910935567932
-259.953346544965,577.478068761777
-158.46731475705,639.280319922597
-269.042078454613,753.540797017593
-366.040091498559,838.475319186037
-499.860073742161,843.632102412969
-566.596675003671,906.916699324942
-677.940704170648,785.8489644495
-212.799488784536,876.014127213811
-332.822346035906,954.055876320206
-489.458373169507,1111.07595489964
-485.122190078514,992.907678800077
-438.331992635097,1244.44028663358
-598.256662533989,1128.38314231445
-644.802592858545,1086.21091902009
-833.590375329649,935.636361916518
-715.303850674569,909.268805909199
-871.224686846285,995.834122918749
-837.986179139889,1153.49646761012
-823.016882841992,1271.64418674023
-687.344590432421,1404.33584444579
-848.750793469645,1505.91171836328
-553.761724345177,1425.67557100109
-742.231360417603,2575.88093555478
-752.50313516054,2159.66085162799
-614.600627782082,1803.36599299294
-761.209373516831,1856.62013162522
-571.087626797266,1533.044068628
-526.27917167961,1866.76284547764
-568.99359441055,2088.63111803207
-539.963035454408,2517.39836728888
-407.812561524307,2526.5078004538
-771.527334076924,3093.89947585515
-334.845391909106,1669.38707870325
-307.841106252189,1737.93725795723
-192.855818674363,2079.87747685334
-350.73199156168,2394.07649681161
-77.7446336051025,2245.36877410148
-209.667440259228,2764.39561167301
-279.719758453152,3100.72875038775
-608.460947548874,4048.64556595654
-657.780273373477,3617.13221804324
-692.363944647988,4889.5357513807
-1005.87108205242,4259.86109455111
-1252.81399669238,4045.44499359123
-1297.79468679906,3353.05419206385
-1015.180632632,2751.64717153611
-1406.89360850062,3390.33302299026
-1048.56655996965,1654.06288446533
-1090.67140452276,1991.92587240913
-1156.26143597014,2468.80453749031
-931.523395054213,2261.76400971149
-1408.58752319361,2814.42134930943
-1373.92771530639,2369.26616513128
-1276.41986722657,2143.36373440608
-1170.75429633202,1737.9432577812
-1328.20217759091,1859.79964104122
-1057.16808349484,1504.54319501858
-1649.51755411203,2732.36726612699
-1869.77293993993,2666.93478930667
-1920.66026109181,2433.01652869387
-1657.98385939062,2010.04350786556
-2213.42137897093,2347.04358007797
-1725.01047662806,1896.05864136155
-1406.84777254256,1555.02052419679
-1126.70338292658,1272.27764102769
-1097.95632947905,1368.91564280037
-1063.6271529717,1064.01549668759
-6270.62079107032,2408.12811450927
-4788.57990026069,2037.64582278856
-4049.26808793543,1723.5656495947
-4382.59543848443,2207.91536568741
-1907.17996497893,1206.9678950671
-2396.28488922331,1325.71679783378
-3124.06973969305,1655.59995270887
-3080.7837658906,1465.67974558604
-3711.78670312992,2100.8266313504
-2892.9256271338,1936.63556321401
-2518.040883865,1662.04140362394
-1839.21671430766,1365.17870558973
-1992.36287624877,1476.86327146766
-1680.55318136601,1203.94432301176
-3232.61540605363,2306.29457098143
-3065.69196892984,2158.692119346
-2419.42423326609,2088.68652555778
-2073.10292853672,1847.60948534087
-2468.58206744308,2329.03367001616
-1848.73600801453,1826.50006172436
-1547.54124164521,1540.28508816671
-1368.78586514951,1131.23355586691
-1513.4430222846,1145.55215297642
-1225.6519259596,1064.73331494549
-1266.88866759436,912.900527007586
-1432.85604199653,836.571809177239
-1626.30285338861,827.36982902175
-1814.65482293981,1003.35098152646
-1709.83414544747,749.352194044888
-3687.01910601209,1464.71907567101
-3087.04943649181,1124.83354610284
-2382.25061488834,946.286945339633
-2343.72236110647,1078.42311399605
-2013.22674893907,790.120616337455
-2393.81685606194,790.878646371888
-2864.8868166834,975.045556355013
-3818.73867966851,1195.16620497457
-4006.49460617275,940.899013768173
-4774.30489525826,1458.81269346065
-2318.93024239392,633.396646182082
-2539.65986094824,542.692150576876
-3274.52527563038,491.620597454052
-3664.68359326735,801.688262877631
-3625.80748626274,561.918270636208
-4608.61465446076,801.38734879671
-5427.6955192078,1211.76031682578
-6977.79086712369,1738.30793728898
-5881.91074934078,1792.13326099757
-1227.46694380318,804.811717302874
-1284.79791014515,744.476548579555
-1419.72280575788,607.989848092263
-1310.71657594405,502.797370803868
-1539.39884137467,625.820754907279
-1614.33047257097,171.397881143887
-1582.98628095385,260.002667469771
-1515.71383336106,443.863357902888
-1349.86992242617,338.154381195771
-1682.60854052503,482.22430226039
-1827.96780053783,382.843256070973
-1846.25406743905,299.303132917259
-1834.34781999655,155.711345362879
-2151.42960356654,30.5664390932837
-1818.42753831356,-55.829457395045
-2174.63288641421,504.469002166059
-2312.29115117127,379.25844922957
-2707.6109246671,349.881986592264
-2460.07398225682,228.468124303823
-3138.58881657214,223.75614670603
-2795.08622729352,-0.960815835487736
-2627.74588183125,-102.748420500016
-2200.51324944328,-152.027082264477
-1861.05816441736,-104.69891778887
-2057.69541087939,-320.210892123985
-2548.62240608807,-241.279251092451
-2805.73224354806,-208.802673074072
-3544.56665820957,-3.44337317286085
-4142.04775411955,-82.4703354339267
-3793.03328719597,123.287832604008
-5635.44766422379,288.604844707462
-5625.98507630705,6.13544679798829
-4428.41168136908,247.784003763334
-5939.65623162694,715.92944110495
-5553.94445936073,791.648828471662
-6420.77642888095,1000.37978576053
-6663.6206097129,3227.75536686299
-5296.90702440285,2935.0843721519
-1989.05063318069,3367.50423712404
-2120.7341945117,3132.9406654381
-2567.97650177205,3168.48022625304
-3240.84567674681,3984.74232263606
-2631.56086028608,2892.67501801759
-5261.05855634948,4925.76723184036
-3674.62342423785,3967.71587004505
-4085.73101572571,4671.58643433739
-2982.29835939763,3050.06848375908
-3624.12479969035,3470.24936716362
-4739.42652660657,4160.45764323702
-3088.10344105345,2753.87767271888
-3559.38013870046,2840.47998693305
-4466.09764527777,2917.67663294829
-5249.16988887502,3801.07992612415
-4482.58807525355,2763.33842307516
-3675.48286956026,5076.53595477995
-3995.21550395012,5874.69253460965
-3102.69540357543,4673.9871615187
-2559.68043113227,4820.98819405875
-2679.47402825333,4565.09306378885
-1929.65395739374,3765.09739281316
-2527.00981740126,6812.00866448603
-2416.79348501804,5271.53057480267
-2120.85027146687,5634.18176748566
-1873.40326696991,4172.10021120818
-1636.56482112922,4451.86109653186
-1554.39531729821,4669.18642720938
-1450.24731970376,6030.09235707124
-1208.77030372987,6167.46411902456
3808.13665406521,-6083.84546410226
3691.52592639543,-6558.48587877428
3039.65046577792,-4630.87155664934
3091.29213066996,-6154.94631165958
2539.04557242608,-4941.66148902167
2141.08818229818,-3749.14611710273
2462.98261974385,-3849.78099430745
1753.85392817365,-3094.72952576256
1635.51183313017,-3572.70329978211
1953.28992437333,-4393.37336999656
2590.39728656572,-6037.25883945432
2034.06826131621,-5619.77359435664
-1668.90805209887,-574.683850697098
-1647.7786122318,-686.053271813939
-1436.79879509426,-714.349929406645
-1284.97769182817,-649.787158798192
-1406.62030250052,-831.218964360102
-809.505129404096,-841.824825212652
-915.013491537366,-791.575244603041
-1062.44558780299,-846.864413260455
-1045.63432943337,-669.465858859746
-1250.50682714854,-875.670628400129
-1080.38889486915,-956.779099520602
-939.11909733219,-949.397772506206
-811.61536124322,-964.85733672712
-811.66956536551,-1080.43905286129
-640.835537654093,-909.400604829078
-1176.32975097017,-1164.71247543243
-1113.07147528997,-1248.42299013752
-960.774707625955,-1354.40802585644
-902.235752481224,-1245.20031091082
-942.285119351066,-1492.56871504327
-755.869405255074,-1262.17210994741
-690.417162058287,-1139.31936761645
-500.469886793107,-1008.94510054181
-554.573280647466,-871.304420964182
-460.731642776168,-992.228560394198
-387.357554584059,-5833.95309251898
-523.667374435931,-4864.35065432546
-611.196194929895,-3689.90774230428
-338.927707481702,-3211.23554617414
-649.660354181533,-3320.3108029301
-377.153056704336,-1676.05986304353
-378.620332015841,-1880.68481451682
-441.20925414246,-2393.48623398193
-294.488432405275,-2480.74088053516
-692.009653464758,-2827.44849999518
-638.916023177343,-2176.45843388735
-616.108651893616,-1939.31242768994
-458.172126715606,-1642.08291348851
-533.968892678384,-1511.13289150557
-449.799460803109,-1384.00456466797
-742.845879303524,-2382.75246341414
-817.931555302492,-2097.49779901995
-898.981776728525,-1776.24685576003
-648.191841713933,-1608.8280670808
-928.280903622091,-1766.67133382988
-721.009176663717,-1353.57048454756
-579.495733014796,-1284.70376218735
-463.546530107375,-1162.02353173892
-402.288354053787,-1201.3890822436
-321.034840954972,-1071.52183351964
-254.897742768425,-1205.0356174319
-217.303085946223,-1299.56356882383
-186.217736605189,-1505.60117923692
-264.36183538535,-1675.14375833157
-70.6640968395882,-1587.88483061358
-312.990685138039,-3126.08248210399
-105.735173074212,-2623.23196952396
-122.820744261855,-2021.19944533217
-213.113839720323,-2054.78170372925
-71.2301217360801,-1898.74272244012
27.2416692103393,-2250.53660588061
70.6199663317164,-2571.55599019793
-76.7646526762263,-3372.60173907086
146.508209665801,-3535.16762000174
-204.608440180761,-4084.49684597241
188.335459028827,-2191.13233508795
311.265028862734,-2560.16289107788
462.228302165106,-3198.47223376642
318.055421673583,-3561.34315952108
706.265769105506,-3611.40741549322
369.824815818703,-4610.80497495193
484.497862875096,-5170.0049535597
118.580154930286,-5984.9718790281
-101.02623050148,-5157.84245552989
-347.434332478301,-7561.23029350403
-218.519321164518,-1124.59546240779
-171.81746684988,-1181.30019511179
38.966852474585,-1355.10678956597
41.3651197596964,-1289.75203839852
45.2649556584526,-1533.16650109423
521.645074805207,-1603.89274635902
349.259461140725,-1637.66896282898
204.692662619451,-1608.82167875735
208.574689640502,-1403.19741904028
174.594213930882,-1588.11140269572
242.401489348739,-1878.74091237
352.55991576676,-1804.18018947553
573.562721335468,-2018.01450714107
714.366760959465,-2322.53432485748
818.897738740745,-1949.70626354255
304.16583525909,-2036.13349358496
307.501626966503,-2280.44992562166
597.431802043445,-2834.57828702706
659.511533377945,-2671.97636408101
708.184517389023,-3419.95943104981
834.335050298471,-3142.89459760471
1012.12073969706,-2961.26771292035
1073.52823647205,-2522.31738455633
854.191936943271,-2199.02654524791
1193.67184735267,-2400.8345378539
1330.27748778843,-3092.33819650015
1185.87687808747,-3311.41804541571
1240.92964784945,-4015.18013239885
1649.18749485776,-4925.51602443125
1105.5265570553,-4141.94566521343
1376.46825790947,-6143.89498670887
1703.38439417809,-6525.50852566927
1165.04109606616,-4799.29511001069
966.055881998472,-6190.36542956461
729.47775093677,-5656.14047500514
681.414148066602,-6342.24610089679
-1609.35257284923,-6732.64963200488
-906.522494109577,-6719.03451007576
-843.945414738681,-5665.62947031346
-1072.77078567621,-4630.64815428499
-1385.5119644411,-5343.6186644782
-977.211115548357,-3754.48051228997
-1373.78242373285,-4617.8641559435
-1932.42365143064,-5494.8067117202
-1394.13106406236,-1304.33660507239
-1277.23323365397,-1381.95844174818
-1209.82409427515,-1613.55216709055
-1500.81779244426,-1832.0290817215
-1142.05991817921,-1621.60393235795
-2099.65573695364,-3507.34152083133
-1725.71508990141,-2918.84448847841
-1409.27921814959,-2254.79271308616
-1695.56743644315,-2290.42027517118
-1290.26956330982,-1908.9498763577
-1273.59870916733,-2375.81371273306
-1406.78217131781,-2769.51213566009
-1870.45769781496,-3692.40106728734
-1698.25242093946,-3704.81140549877
-2280.45900934522,-4578.24452127203
-1040.86302623543,-2133.86379630608
-1073.38291228738,-2351.49025389928
-1001.21087496554,-2821.80307197502
-1356.40370553742,-3408.76223556644
-918.259116820986,-3193.36494357351
-1418.38842527894,-4158.47800877575
-1665.0996960405,-4796.65522273502
-2897.96328581492,-6406.34855269974
-2557.09848467299,-5607.41829167959
-3541.02961271217,-6249.96127071717
-3187.74010887958,-4831.42886569535
-2405.73154528681,-3914.29777721288
-3428.48452846332,-4640.06038055203
-1721.73913328125,-1896.3877283814
-1990.70037495214,-2248.13901339538
-2354.19018520092,-3044.15904859676
-2224.25191369378,-2952.14912558964
-2951.12352639824,-3747.23332033773
-2839.94691273841,-3177.52404048018
-2289.72836423039,-2561.98602169713
-1965.04584348862,-1937.3531243022
-2295.59662402915,-1934.88840513014
-1747.39460834984,-1702.82996179107
-3457.86817617569,-3570.47904716801
-3363.00683460966,-3391.6428212487
-3343.1507952227,-2831.47983338933
-2774.07488586815,-2289.24681481202
-3592.91571421786,-2751.23795741648
-2644.38885900616,-2056.33440024477
-2210.06183654114,-1659.93809364106
-1675.4293796315,-1310.24425322624
-1611.69520952058,-1393.24853987718
-1570.78984565274,-1108.95327092454
-4287.99115619217,-5734.07004552312
-4359.63552048302,-4447.89106660791
-4265.10032874245,-4204.46196363765
-4684.99128955033,-3914.47752687319
-4422.74330840819,-3452.61020082477
-5070.73264002601,-3301.26727990766
-3168.76167192068,-1366.78027943632
-3401.31092989496,-1843.53839122149
-4036.5886484826,-2376.5152029386
-4910.62790709047,-2743.46191472571
-4168.57276380411,-2841.04769635629
-3194.92868201335,-2007.84858187115
-3028.01972300414,-1568.6231031756
-2541.70239469563,-1102.05251468641
-2255.87966997164,-1043.7589374661
-2629.55058237013,-1080.58738044988
-2837.33039614714,-1878.9021377506
-2355.04999023473,-1624.29705541095
-1788.14086317756,-1151.76384935558
-1920.94991594764,-1030.10935468203
-1621.51295037737,-985.753120881322
-1655.81606995821,-792.154550877275
-1809.31674763142,-740.665617859817
-2052.7450296711,-749.600223438459
-2266.64188607267,-799.455578625437
-2082.75459821921,-500.34742935631
-3729.39118373218,-1561.11844871408
-4561.26190652745,-1898.61385553391
-6243.27144624933,-2731.43434501033
-6084.10607117352,-2978.27685836398
-6442.1309870276,-2429.09107859285
-5129.49931297015,-1941.13643520341
-3970.3387585195,-1321.86488767319
-4219.07355021701,-1208.18444593455
-3173.70747869709,-1088.23113824269
-6201.63371483555,-1621.79571536409
-4978.43056607678,-1114.71197854845
-6453.25482885827,-1249.27643130112
-4498.9781997989,-862.137443160567
-3646.81157889589,-845.901400238246
-2816.03602040867,-651.530658794431
-2852.03847712867,-873.430799721614
-2350.98281563854,-619.509099424222
-2793.63436074026,-385.27404449787
-3451.87797318128,-546.096248376856
-4500.15262953553,-596.812079071633
-4408.26095763135,-419.962675206302
-5694.72921382619,-755.526059945003
-6086.70189286511,-224.406764692596
-6912.74743643291,-906.666297739913
6597.76357312633,-2509.88117372816
5312.62294473379,-2151.72947669799
4271.75674440284,-710.592188343543
5234.07954865461,-758.763573449577
7068.95105469315,-1624.65688823587
5543.69959003654,-1092.24134717556
3940.76249153927,-909.835001382711
3819.70970179293,-1131.05150663358
3179.94485721406,-635.162205514392
6658.23150638823,-1951.03909597497
4792.95624784849,-1584.72769867368
4170.96165016059,-1270.88247044366
4374.8854659001,-1856.3774036236
3304.3823166849,-1143.76344905142
2980.90844217406,-901.07629000743
2538.44853916709,-662.857798849604
2720.95371604809,-637.847514536953
2130.77039483233,-505.110830888461
3016.59323451107,724.142978122179
3221.01227687311,890.574845378285
4013.50610966291,1502.31518322735
4743.63813673278,1450.81217694869
4271.78314407858,1668.71390856232
6344.69178640629,2670.56204877282
6658.12896175809,2424.00772407214
5085.74448253702,2167.26401331359
6280.74903891234,3295.49719117078
5242.7972125143,1509.71735164042
7047.59040154836,1947.78300515091
5260.35585044064,1138.93705068079
5591.1033772244,1087.68350592819
4230.97635255663,1035.76616992528
6428.89964955259,876.354826863026
5389.89330248642,388.408975041413
4438.08345250174,518.428397519134
3477.60992022531,482.893275757128
3632.25721610684,791.755028950906
2809.72383349238,530.482216061318
3992.00785586083,-377.319300722334
4835.7070856947,-358.127044443723
6752.85615828502,-282.817641365847
5281.78343010305,-97.2651978697812
4282.79023039168,-118.872817681148
3323.99794901477,-248.52363681412
3093.39116303612,-2.67068524524815
2926.37053164396,-356.482507335946
4880.70812861483,177.691860127828
4075.79845734036,402.349382223762
3104.22457783923,195.875611023558
2940.26433995233,3.69510359126838
2708.44143579171,224.192504427212
2247.70261542415,138.695128908745
2246.66336433776,-86.7120464584089
2226.76609502757,-337.425133120794
2536.51801736647,-392.841325672024
2145.76815328122,-353.676071494806
1840.32617470114,-193.533961781078
1998.16438177924,-105.22168041048
1942.00328132017,140.081595035027
1798.71904294176,102.271650727244
2122.03141211089,246.040014942479
1690.45952210749,635.774738975065
1845.45838775844,580.169682436787
1942.73229814579,428.575378913347
1632.7385791632,326.796733448788
2140.91688215516,382.038987187947
2242.02460627972,575.733623900679
2053.29380940399,777.747063147978
1975.33951406851,882.431819674752
2237.83274006475,1088.49401974546
1816.87988219197,924.827957576052
2536.67794520115,697.922391622804
2782.25516051772,821.693923124559
3061.9466567174,1221.38604308704
2682.08511228894,1093.58773599447
3572.68313042493,1422.23461575402
2813.93730149564,1511.68384251453
2503.22601090471,1452.7419893614
1952.75570391836,1317.44512549991
1805.00324756816,965.297910879914
1798.37258640528,1364.2878753365
4147.55967399797,3347.85364526822
5200.03516369813,4248.95776752926
5345.40667451144,3791.3897614768
3780.81772991424,2860.85402124751
3597.96536070774,2318.14374639442
3083.39533141584,2398.02420954842
6351.54829605575,3916.32164992951
4620.15532737546,2664.24957821583
3996.62143107027,2289.53755941301
4311.83044256957,2229.33355042185
3136.21519810937,1775.48601266045
2636.32007340912,1695.14670045164
2245.26240737425,1498.30680992559
2622.05276848054,1944.80735222388
1979.30306801153,1574.22153277513
2200.8049722238,2002.41832890007
2578.51409191772,2255.12990390933
3346.53281384205,3221.86464042043
4018.28096223854,3483.93424389523
3650.64366940806,4004.81497810108
4870.60961661416,5066.87217345664
2013.28563682915,1934.20789396232
2322.59844413338,2293.90307211757
2765.28415561863,2979.23823438277
2498.4334259565,2920.07265507305
3355.80259584311,3739.90064247124
3844.89769349484,5616.2873972265
3410.94229199146,4486.74673094528
2689.28666365932,3588.92444265618
3563.5871608168,4470.82832684861
1684.01503204021,-91.2738326288946
1504.10006318114,-70.657706075799
1394.15239325957,113.705744403647
1557.26883022091,177.760158091896
1319.31546418899,116.434040350501
1439.21494164821,557.501541294811
1432.83141300337,503.682606030201
1388.06597837417,235.284993709663
1488.47944046714,344.734093712182
1241.4377063723,228.511074829904
1151.27096224239,436.758600657311
1300.52823648413,450.517670291136
1390.67900742165,713.861485931308
1131.62266230585,648.124587394613
1342.40354987297,772.82796806554
1065.52265797872,325.039829953061
953.897584642695,433.514854854321
933.131295901204,542.193988815256
1001.21168458786,564.88660293598
850.494493909558,529.682252519161
987.125867310451,742.968006160281
1144.75473711526,810.635597455655
1373.48852823209,1006.57075909955
1463.22290425843,963.663531386635
1584.32937683977,1142.07592661821
219.465631750349,1884.30402161165
225.587829890676,1673.6423610766
375.39617847317,1542.69173049503
471.838793879026,1575.50412390807
425.882246432166,1259.04487743801
955.393021308981,1373.9241973888
799.76804854234,1269.53769662045
655.146912889977,1358.90614836484
631.814567238205,1452.97377196254
457.576922559253,1312.77352873417
659.583987254811,1129.11698550402
683.122252107004,1187.46943500331
885.321127996589,1125.34819523246
913.691830316136,1085.34813913956
1154.31682020105,1261.71501441916
541.666975006641,1005.60947127456
553.286135534021,907.428432951161
757.053365197754,890.519509276118
838.821048203755,899.457168522608
797.657508617942,700.966217530554
994.033154234348,880.286951446194
986.379040703545,906.197028719089
1216.5899575307,1125.3705463539
1227.64926851845,1174.94481543644
1499.36253754181,1204.58760422808
1418.86097123543,1448.55665588857
1321.54792348013,1631.01301046541
1287.5124468257,1779.80439098805
1025.60240059151,1531.40873022238
1309.3461473252,1942.5717173659
599.343794320093,1827.01499295185
815.794903813404,1891.77344185551
860.1562299677,1856.02947396869
847.287094256926,1678.85427909519
1151.08836434944,2144.91540397096
992.731007836367,2238.07472813718
845.10670936103,2132.51441181511
628.054479867863,2138.00178117609
668.655002546847,2593.98842976608
437.018584194409,2088.64836663116
1185.3214034852,2604.18608674528
1180.21072416586,3021.79436671343
1133.92105272141,3342.16558466965
805.848609785453,2956.69277106088
1117.44938819188,4026.25679881624
719.837846296938,3236.04931542862
543.91550235402,3027.51891472869
219.912122217607,2389.06547180224
296.278842985111,2143.9164456122
235.3919192657,2251.87577460999
1591.47588455935,1650.14040258918
1657.66876328852,1828.96516068213
1508.34379169075,2207.6740000506
1878.69524595169,2603.30215315111
1447.79967098345,2338.4013552388
3141.41113315116,5771.34490484167
2603.53690715532,4467.96932445011
1972.78551139542,3180.10828935545
2284.07109433868,3364.58777584432
1570.62103176491,2658.13401518926
1656.74343937903,3382.27850585487
2127.58172312088,3941.81883666216
2732.50745833725,5877.02108141225
2574.01230945152,5660.78054263061
1513.21744846734,2987.05223533824
1365.12471032044,3498.03371892853
1630.62395915983,4272.60969674763
1894.74157502906,5126.37101040665
1507.79479423875,4793.36066432632
2268.08005558041,6565.6431022288
1580.14366962802,5957.15705509128
356.175772262085,6206.27112755893
660.639763306371,6043.35061782391
1033.88803923328,5907.02632014348
1247.267189466,5564.08267360846
814.893479989691,4543.19633540307
562.116712644413,4756.79423573946
307.250585342651,4846.00084446139
94.477253262094,3880.47970187368
29.4590718498545,5546.45134660338
616.482120128857,3710.96221094807
436.456687913918,3294.34302797598
156.448689119435,2979.68978262025
93.9794191183118,3212.36476531852
99.8707212112192,2469.21228914947
-82.3300895801991,3018.21803964383
-282.932694309554,3377.1500143154
-374.576493752893,4588.07789005405
-152.484028842186,5358.32443226038
-780.114492676741,5436.91814792404
-568.242476152955,7164.81808607165
6404.56826260678,-3269.91534557324
5762.20478107997,-3880.71289076634
4417.60454499733,-3090.25169198008
5684.24764463557,-3582.5612409067
4707.80227152347,-3970.48869449372
3405.19350850066,-2888.34429767453
3744.70250956583,-2982.60541792521
2802.83987150442,-2366.26297582438
3019.7087286051,-2104.68880065775
3219.78045463906,-2289.89123384576
4033.87219430185,-2289.7051092292
5143.68211847649,-2918.67244359176
4270.32277134205,-2137.30094617304
4138.12293237025,-5594.67733215546
4719.71714979315,-5056.24053365026
3396.52934855412,-3997.98435294018
2752.08582802624,-3251.89744239753
2711.67582403362,-3840.34966516504
4402.42795833013,-4261.74182529412
3041.7482601054,-2889.01846706308
2745.28603452528,-3086.67709701541
2485.54075475601,-2326.94582241847
2224.55812110622,-2265.08033411236
1955.6873495572,-2442.7880799462
1935.67615847525,-2725.63088517763
2384.29183548183,-3225.68652041642
1627.14314301454,-2733.7496567485
1566.27359482775,-2255.17052110458
1672.36213161922,-2076.44672199916
1718.11774178386,-1894.56317818904
1519.66856989154,-1622.86472408219
1925.06315391787,-1846.37176425457
1683.75416694218,-987.909593525064
1750.31885101995,-1153.25965322228
1771.75124231376,-1433.49268153094
1646.81745967367,-1394.21054982001
2010.69627971814,-1652.14197342684
2316.84759720028,-1533.23590909755
2025.99649960783,-1380.58893142242
1924.28861046758,-1041.35266210435
2287.07807723109,-1153.52837221817
1833.60731400934,-786.548620774091
2565.30520273408,-1782.84058683761
2918.67663250659,-1683.7359817138
3196.68018783986,-1584.81856240443
2684.27032114389,-1261.57586501063
3719.11031677153,-1837.85981573538
2937.83677619402,-1263.1039238707
2566.00775582981,-964.992893933807
2076.23456202713,-619.301997869776
1823.27587471165,-769.405677941159
1886.42372663396,-547.180065826771
-1652.72723133148,-411.856332748811
-1336.73061558907,-432.382392846087
-1181.33090043992,-451.858607006759
-1167.51540535087,-539.877891759791
-991.69460465926,-343.097442492624
-685.766174037891,-716.400487077363
-802.066818356587,-539.526800528801
-893.584785479721,-485.01732707421
-1030.15860844378,-542.134709188372
-965.163103257632,-379.864339431916
-829.283480586945,-493.323673624883
-707.975135131323,-567.9808630949
-605.037427672835,-606.296601106752
-586.697593582004,-646.253512982952
-604.596322649901,-744.035091194039
-643.571992070359,-317.207979497883
-672.315253134591,-396.843112750943
-448.810056189203,-354.290259654191
-532.834102215084,-433.261265704293
-360.761344465985,-302.829155529978
-360.565497246075,-530.780560320877
-365.661796830652,-563.169120595645
-408.377885624838,-721.155171611309
-449.326275171645,-710.886340607957
-421.892111725068,-915.145857694706
619.011147469395,-362.5258427344
512.475517258476,-372.820504001088
447.392265396735,-374.635050432117
382.911915275803,-386.365269966329
384.519672866652,-352.727246773027
115.569563401987,-607.024660220419
70.3329770000423,-585.341537118873
199.698879592596,-473.903981785738
321.910604541975,-501.756037551778
235.935746955833,-392.893639187806
120.714785883626,-372.442630894533
93.8952848762446,-488.614845539425
-35.5960348521013,-590.296269856082
-143.23634382241,-527.657890888278
-82.8618580870278,-732.734951264198
58.6224682978429,-382.359264415804
-65.5163497740213,-392.492425029671
-162.076189725587,-343.553348214846
-228.49611922185,-470.382517032801
-210.723930308847,-263.388487756454
-261.559280494792,-418.610339064454
-279.776467396595,-660.921060004722
-262.045979436147,-825.658980610678
-138.261829204877,-771.008690194498
-350.051626936546,-851.351256270369
-100.044190140489,-901.691997281937
-34.6949612079832,-868.749986281154
42.1576449890604,-798.593803723305
95.1266656061446,-781.568571458684
163.479780637503,-833.07400399449
406.609246321413,-502.686463982759
418.582791302377,-603.813870686615
271.759543194971,-742.919256277211
210.209860195902,-689.345121525961
325.154716657588,-788.988370689545
486.497504453598,-819.600945110121
456.914558481826,-774.741827098042
599.703551495722,-705.161949767356
641.718865061565,-667.027468415007
665.187990793788,-535.430647850154
436.459756721165,-869.351936721761
576.372846774267,-867.571797597323
712.460210189285,-880.654364913552
739.618924635036,-784.188712199526
852.136256022624,-981.381995566742
899.887033211509,-853.230727254046
857.492687242405,-689.526112080272
791.368773731422,-569.333326803186
753.575569395849,-468.055191650918
820.419214500732,-447.037486375852
-166.127729574612,-986.618789650516
-15.7082301138267,-1041.10528104587
112.123234045277,-1031.87688288507
99.985175860995,-1111.36409411482
184.567228788828,-1032.14463550831
476.490656143525,-1451.89259069719
466.516539500882,-1391.9015497389
306.80746554423,-1098.8714171931
248.744122230353,-1324.1866296737
276.696542149466,-1050.61571386929
516.741793463672,-1038.26532245793
481.187266027186,-1243.88579021597
651.40430223245,-1401.09651714388
735.161728732293,-1360.3278671482
787.26086787516,-1645.67462268126
402.269104448627,-1044.44957637398
461.498488258155,-1036.48121066406
759.57069907451,-1138.83765197463
782.040925633659,-1262.29013572222
875.482755186141,-1039.3352262699
965.848155507081,-1318.22030336525
1083.9354615055,-1469.17146216966
1058.34714533069,-1840.41127065386
951.009914861228,-1783.5216048448
1160.63651483366,-2170.72097414696
1308.54706292606,-1835.81697589714
1262.70618263714,-1622.36994231267
1134.13407443507,-1345.49569383066
1341.17419292582,-1361.38026773416
1124.82558951536,-1201.97657535326
1453.43069881881,-840.010338443234
1325.22287216798,-895.867902168559
1234.64646825891,-1123.59136306256
1317.11558257863,-1208.16069031603
1129.21462955636,-1046.28088330469
1111.55941905116,-914.152509475802
1247.84661344818,-828.418175099815
1274.94538803406,-697.743008627544
1242.32800831561,-605.678980859904
1532.55594439448,-665.340354157839
980.851047142092,-826.486553656668
913.707415141414,-649.203209975442
1024.45706083376,-496.045077740676
1045.59466933853,-505.625523126729
893.599654382039,-414.13461417562
1073.26210814162,-446.449333551586
1227.60054525434,-372.744633613239
1546.10199326806,-466.647117675815
1537.05768286883,-588.005312521705
1707.69722561911,-439.244733196647
1398.31735550452,-232.664874080231
1360.00634680322,-306.16168539383
1046.13457633013,-253.636280567556
1056.96069276369,-177.211283492716
932.783001238272,-244.090658743698
601.871129231518,-0.21323305397048
738.266152577146,-24.9027336587483
852.010251308106,-129.816621952981
936.416371779,-154.90795318745
900.289930197789,-262.905002585267
663.696822728746,-214.995476789202
663.760759400627,-192.99155970192
503.661985767765,-64.805763449478
456.305533953187,-78.1664420786726
506.046848056671,6.37640190385255
685.482994453284,-338.326430884321
606.638222864469,-310.619914472232
374.223759298103,-287.062199758336
352.360058956436,-122.214006927997
342.787836610798,-288.98010593443
261.524090420022,-97.8431096868391
362.564517898163,-80.9102557428787
333.473634513059,37.2247711087416
509.781062086841,118.183826128664
282.628304616878,204.565944015509
-669.780542036803,-334.761091851119
-583.664742751199,-278.993393632826
-465.030149486034,-249.90333316749
-393.961647750483,-162.669749594715
-357.007480311863,-259.971261666372
-148.054940668975,64.8187602332122
-156.290536513821,-61.8848297887303
-240.126813177607,-143.57502912893
-350.83959471757,-158.082488140821
-344.087636238103,-239.3450682194
-163.833648844201,-152.476109062405
-129.966527880841,-146.636877514388
26.9332089208496,-41.1421366889702
27.1605390612894,-48.0412533127913
128.821059581481,55.016647302771
-105.879145960877,-277.202947956577
-56.298427347337,-223.554668854868
96.0994319461666,-292.667642071142
34.380361815274,-119.335789964809
169.156004988102,-271.683019548053
72.4067106889647,-143.441512307225
212.410795457348,-35.7749979116286
129.186686290764,89.6544288124218
105.088981939532,81.5467727702079
172.870465520198,232.368512172329
75.9672605761668,150.819997276691
31.4934844397185,207.58621382506
-166.988131889807,122.094744278771
-122.361665219861,109.513302166751
-245.019420230099,188.533241311521
-535.044804450251,-51.2687362202382
-472.996537765324,38.0015286023732
-407.154131338753,119.718801237776
-348.260983036803,58.2333455334315
-281.318511902405,198.978070974182
-405.708448332808,128.948550507927
-529.93130761894,135.455632176923
-659.726833583916,49.4317810384401
-708.314636471316,-16.2439693497238
-723.78218692569,-111.724902254771
-499.360818710601,238.396351775866
-534.926519762368,201.22223463902
-767.238301449586,146.639589136574
-689.617024686507,78.0257256867723
-850.593018735527,287.885758058882
-851.187172341902,105.265424677256
-901.271014139374,-81.9834909483629
-841.19754459231,-196.192293503105
-739.92842739912,-162.168929269191
-868.541914022102,-261.04620035333
86.480040553836,376.123359942781
33.8946529121322,335.659268729791
-177.211492844383,363.017766843849
-128.135532104849,371.21651878967
-252.5180083119,321.397913554488
-471.295076472515,574.994857188517
-479.585384271045,524.551008174613
-337.363481166149,416.307253785821
-281.668116469453,407.979887409332
-294.798645344979,361.805171659999
-471.757612376777,330.366057359536
-489.722349100149,480.625943136854
-619.683097566815,523.725017592135
-710.407590899202,561.989904594128
-598.244242482069,598.501581708913
-490.19081760461,311.02372094211
-604.895794893545,315.337319706657
-723.075803129432,269.64108771903
-817.304749985768,464.700207332545
-849.830902558234,364.701061880659
-814.5389411952,464.325742348412
-938.869950985617,509.874150547532
-936.080696767238,742.083177058965
-781.839326473356,760.017992779112
-932.651129251266,924.181187650292
-998.217736199359,721.58594400421
-972.341098503246,630.575012632354
-1022.37149657795,524.489905422283
-1116.23262880366,510.072263749709
-1022.24231776453,265.738248221876
-1530.890884063,69.671901525443
-1315.72677687263,98.9986208919043
-1194.99823190434,208.411840346842
-1280.02189069675,253.942405835085
-1017.91389287585,272.616708823535
-1102.00808792478,100.986982809418
-1159.52610270716,68.3527083919891
-1363.75223643063,-66.6018524979096
-1288.82103136436,-171.650535058116
-1530.26952498054,-66.4571033766005
-994.174295687118,37.6481308736562
-1046.02394997472,-31.5346616783498
-1095.53980277298,-173.244403682344
-1114.38301231116,-91.4363489004792
-974.706308805073,-166.048562894209
-1139.77183417893,-312.441837279516
-1339.33046632509,-278.751875933458
-1657.16449470024,-338.293291915973
-1587.82846716658,-111.391977745665
-1841.59401745625,-276.077636097702
1504.76830683334,-220.753929141152
1310.60949673464,-89.6154081188521
1257.29997721905,-65.7205736882585
1035.67504119562,-136.935817176321
1131.13703787989,89.9344119595168
733.686346231598,66.0433334622517
765.336839528502,94.5596284061296
988.333398369528,-1.66026630050777
960.959432828835,-52.0148575808568
1036.79236349283,132.185793681606
924.706050380897,195.206388222973
787.08789181601,148.006768238479
698.781308351024,211.925166414379
678.905305343555,293.998761703774
514.471227163722,138.455926249063
990.180657477972,235.967906947016
897.51808144244,365.393785022355
747.160422431065,391.739559539416
727.346664296335,320.250854362191
731.842202020048,506.391134326975
615.475371760036,473.313537148889
638.901443110309,466.892627603968
332.397216519624,323.184423377655
575.81052564796,258.94242808774
382.078378175875,264.441090150694
148.67911391025,1622.39083576952
132.110964594357,1523.01936094682
182.325674744007,1294.23974659482
140.183015220408,1245.61197249953
369.41114818146,1279.51173849374
165.30292717572,768.426235185081
289.498545990186,820.536677937926
227.583864481246,948.284669852714
249.199160373186,1069.58298276564
373.097165298494,1120.28231155414
390.253257706856,884.758761542746
376.701399517754,786.567092046368
346.494991862817,706.338657142523
384.85150159743,629.237959284571
192.894104891749,524.019112742748
521.706161074134,945.112195228605
577.664171319657,872.942081972074
615.128881825695,643.126426426518
555.30162339415,692.457757495663
696.325504947988,636.402223916556
603.638810707072,549.573809823209
453.417454258655,484.542680277537
289.947836381813,418.875206176865
330.572411436365,496.588522795527
253.567139358799,361.441015704007
143.024418155089,430.618419957724
98.3200344790221,550.386459127021
52.2116423373422,681.504274418979
81.369590833437,646.220386952754
37.2013395833124,675.123380539228
44.926823070709,1194.12609661308
58.1301225680968,1070.90693782976
-34.255639913363,782.76399560635
81.1514666674261,820.300790287079
114.157155568435,793.108935949115
-128.802151794134,929.51597977462
-68.3113604119957,1126.31959653507
-32.9599069239702,1336.52327622768
-175.476358257212,1313.599906237
71.7813825303728,1430.211247682
-149.418695560058,863.737831905033
-215.320043194171,1023.64614199583
-290.301787698772,1178.21202971657
-222.845968100203,1365.1781201461
-458.222452096711,1325.39392074316
-352.438374308025,1521.89723928505
-159.798846582932,1617.68948687568
-106.192943308583,1708.04864254912
35.5461180895083,1586.69340372367
-18.6047433867044,1864.33839376763
119.892588608446,387.511162750066
92.1548538938399,542.804433063682
-18.9028655481953,559.898289154834
-111.866483729027,545.841083928129
-162.329611636249,717.428365944617
-509.936384447329,672.982868291433
-390.96182428346,730.921820824791
-208.400238220138,650.29476362866
-254.602421047836,595.709332129579
-171.58916680488,640.092809746355
-270.727042197465,811.968492188471
-371.96982673307,856.332897250885
-489.336374122119,842.098580423687
-564.864674884437,937.628584679252
-656.784690067271,777.40183833685
-233.903953017514,888.343784390653
-279.163982004481,970.9405877545
-500.793383626151,1104.2817625221
-507.984846760447,978.517103740033
-444.04289437747,1270.00895404647
-562.914870744606,1137.3174103826
-607.799843797459,1051.88226330316
-843.825029349996,946.528203706186
-682.719237120014,919.829717030942
-807.970030540207,1020.26228858657
-867.862355959728,1121.67469974003
-838.394300626129,1268.92554760425
-720.490146353854,1468.39436947494
-847.48947108275,1516.53608925803
-547.874837981596,1474.71543000806
-690.51625325125,2615.69653696078
-760.258876765598,2150.71269481702
-644.925809223303,1781.25297851859
-752.590121450093,1862.61230831863
-517.041472822639,1542.12122261916
-522.635533398174,1885.94129459546
-594.874158141804,2106.25248152428
-524.651942892633,2538.80013461109
-439.223781135317,2511.53044692519
-767.702818537517,3111.73556818602
-339.638059944348,1627.44194265431
-325.375312074849,1683.32904444208
-182.731421800631,2113.86370336335
-345.403966638567,2424.57198013621
-125.765683716911,2231.84004773634
-215.901093817986,2751.29442564107
-277.162608334091,3092.33104178241
-597.829881417659,4124.12232823062
-605.96163642813,3645.79696955105
-694.122215697564,4902.58589695755
-1001.73884035227,4278.85614434129
-1206.87504170528,4020.98501156296
-1350.46002639941,3291.73637262336
-1006.22913574595,2745.6420801193
-1409.90322693033,3403.58466195378
-1070.69065686217,1674.92784669117
-1099.67780696187,1950.23574906202
-1184.38054426871,2439.18723654783
-918.032839722543,2276.16959194617
-1375.67377713294,2844.23589742332
-1395.92242831522,2361.35656927935
-1268.78931466697,2132.77705038904
-1160.51207078598,1729.28229294029
-1348.36067839482,1856.24606101662
-1030.08649605784,1509.3164107574
-1681.65982027424,2740.7902495883
-1853.19541181095,2617.91933260747
-1937.49054393806,2390.82615085311
-1635.86258526503,1998.47667579836
-2222.8214586219,2363.96383988267
-1747.17986906713,1847.41247218496
-1428.1951615842,1548.19378564951
-1154.25007448126,1253.00185997176
-1093.56899848468,1379.42592604169
-1064.37250644551,1007.00057062274
-6283.0982817671,2409.66614135515
-4752.53365561441,2037.41742279416
-4032.15993309568,1699.55661955933
-4357.8555700359,2170.36579331971
-1904.08935334539,1222.03173523343
-2371.37701253823,1338.37370792862
-3079.92851213649,1597.52099989805
-3044.91324290844,1470.78815166764
-3705.05248714978,2112.19480220069
-2985.55943532759,1909.97987082931
-2541.14930085593,1668.85003263285
-1854.417282641,1363.11225305476
-1959.48320922428,1494.52313897217
-1627.54400572784,1222.80481820542
-3223.55467893803,2305.686899897
-3039.57411112014,2175.71345027268
-2410.94299952201,2097.35437645055
-2088.94866661406,1794.67215267792
-2483.59798352709,2313.53166316497
-1854.18710032115,1799.11895044218
-1562.67983643933,1570.9748153175
-1334.32083489978,1119.54530667229
-1537.17430844811,1146.90648842098
-1236.42822264765,1023.20727848263
-1271.96341688281,921.601675985366
-1402.27091372389,806.245977453352
-1606.44390210803,854.665733714966
-1799.16895175031,1027.57401516373
-1738.07803210879,702.099251561586
-3661.04912008015,1433.71546168485
-3142.57035019167,1126.68790103096
-2378.22960001433,930.994387124103
-2337.05376777867,1107.21264401375
-2032.1422453859,777.989088732608
-2325.72885125661,782.774921738532
-2846.00926708705,1008.5894828299
-3814.95920619211,1210.7396380105
-4054.26041154652,950.868178315727
-4774.7234576027,1488.39472050655
-2325.95230004274,661.786292708301
-2560.35011294764,539.162596294016
-3293.93617568509,508.713590680839
-3652.52117862408,815.266128013088
-3679.89472540448,546.27407131677
-4631.98832346152,834.665003363408
-5412.76434904388,1198.41661755218
-6964.29719365982,1738.78136261852
-5858.46548562577,1802.67760943398
-1226.16437807335,835.977248820953
-1300.17581208814,714.023453098817
-1436.40454664421,602.827833381203
-1393.94547397484,537.197575158566
-1565.69195155449,607.230362524472
-1622.81705257641,168.846157502602
-1547.10637690536,217.594491972123
-1505.47297394538,387.946673082766
-1357.6281241524,342.607654807511
-1689.84869204969,474.00524378934
-1773.65454777882,371.136834189794
-1839.28706341678,336.148881285137
-1844.14658457578,154.935359848315
-2139.48164255765,37.5200090623473
-1849.10399304467,-110.202583496225
-2176.47159895908,481.73300173983
-2297.81253079729,385.092586623007
-2670.29812311182,366.646966137084
-2448.2506691157,198.401242780413
-3152.16910813634,238.989343941867
-2828.21916686087,-8.77781551391227
-2618.59779858315,-78.1887901457072
-2169.729660155,-178.276481740583
-1852.16305380347,-136.532318331785
-2031.63324603789,-316.604882968065
-2551.78207737545,-225.556022871018
-2776.54790895101,-199.040401618993
-3550.45933908389,8.63064369465678
-4107.63892233494,-111.725994534117
-3811.52842565346,121.506171663544
-5692.05734315386,298.401430502181
-5623.19878167416,17.1464905984488
-4401.04098846107,212.844520639913
-5885.32839353368,705.048597308488
-5538.41443130154,801.856694023895
-6439.58886570639,1016.62197244083
-6686.4725945869,3238.67656498467
-5352.61362763724,2931.97254986293
-1990.93756911665,3331.46821667885
-2182.15569118307,3117.58335047078
-2573.89477627426,3149.27995701187
-3220.50520422386,3995.01294993591
-2654.92606063089,2865.49031098724
-5296.65905048655,4905.90111854382
-3690.52043567067,3963.05908997297
-4121.93450046317,4741.16847499835
-2982.86393562129,3082.55538844275
-3654.89282027575,3471.98103757705
-4713.00766483157,4202.5005669485
-3101.62396478803,2726.80064723304
-3575.46035838895,2833.36592779718
-4560.76978480283,2901.50579195687
-5231.7286958719,3803.09571108471
-4503.27263403143,2712.60216445771
-3685.56799065626,5055.27207478561
-3980.48359427853,5841.32410385734
-3074.15866199988,4721.22664293534
-2549.63358865352,4808.38540045174
-2645.64051873297,4486.53312337471
-1936.3695134796,3779.23410209112
-2516.30369900154,6804.3151987043
-2415.86723247276,5255.24561754051
-2126.43763135644,5621.09769940078
-1867.09353509067,4184.68427105144
-1628.0581166094,4440.5434189102
-1576.57082521129,4656.8605057458
-1449.26234273676,6057.50218119661
-1246.59396842882,6192.24908089352
3788.6047543826,-6068.16507928787
3752.85592993413,-6550.47205789883
3045.96729745673,-4650.08152639188
3152.22191146957,-6147.52574371497
2529.53691646666,-4938.81592254242
2124.0739561121,-3756.74419948065
2443.74633275301,-3852.18352222989
1706.14224959807,-3082.02758955727
1631.28576300723,-3590.95690674388
1963.57927255673,-4379.39096535079
2569.84348525177,-5963.19273198853
1997.5153603866,-5609.59485875157
-1663.45968633286,-567.008910292815
-1634.48873096657,-663.247150272092
-1426.8209891651,-715.377099899674
-1284.12794327475,-629.345045012735
-1315.60647713625,-841.229410855074
-789.228135655356,-858.985438192441
-877.049212647021,-779.800572293256
-1051.57342934236,-834.319422024278
-1006.69548811173,-678.061395530271
-1249.17881489345,-861.903636239359
-1123.79621265396,-965.406612048618
-1012.29503799924,-952.434902807321
-787.795110987905,-950.256280962905
-801.107312615804,-1085.75825887381
-651.439006420096,-905.172114542737
-1136.12374962856,-1127.86679839255
-1146.58463139419,-1280.89145088011
-950.33109060268,-1353.74312800945
-941.357264240687,-1241.60377756866
-934.043949805319,-1505.12416601341
-784.986897981665,-1274.56820469956
-685.107351027036,-1187.62532927601
-497.875153268724,-999.26199193813
-554.654670416492,-885.891053699458
-476.751775947987,-985.258284977697
-353.630033178316,-5837.05550934387
-535.702523684919,-4862.20140232877
-661.709418816014,-3713.58648233315
-349.990642565222,-3209.05671295987
-670.60019066288,-3338.17134878858
-391.151777188646,-1652.10747507643
-426.589850512417,-1892.57313346347
-401.715561109455,-2318.66025377935
-284.358448598534,-2526.66590871671
-705.036915270274,-2781.68994787265
-648.032173253024,-2183.71453429238
-616.953787792615,-1916.0800704899
-452.118941558986,-1598.0726909354
-505.936770184729,-1528.29362482501
-441.164193219221,-1382.18303698922
-702.042324850516,-2398.51526574055
-801.177609230245,-2093.48188839876
-884.109918158788,-1815.00358461323
-671.203870176835,-1575.92523729166
-948.986655311441,-1794.83646034146
-711.737657963454,-1371.51274418598
-531.982766256138,-1275.89455403021
-470.603610186347,-1180.15479675692
-332.492187552143,-1176.67209994021
-321.717516440348,-1048.66194209112
-251.980840328747,-1214.35271144906
-261.035962632445,-1308.72111693713
-239.444608878444,-1512.44419287335
-200.235919545687,-1703.07719584443
-90.2870564948881,-1610.12347697274
-311.381073986323,-3159.46567473627
-90.6066137134682,-2632.97749185373
-137.872924571486,-2070.75797300754
-207.452004489509,-2062.49471006371
-58.2038160028507,-1884.62928076646
29.0544897499901,-2274.04425493388
66.9041741569205,-2549.89072472472
-108.28080276084,-3355.5175628433
157.057390188392,-3522.24504518206
-186.846111489679,-4105.34915142792
185.726865251893,-2177.38816697046
313.178395532242,-2544.9508138528
474.796337556385,-3150.05074236798
322.562883149766,-3553.81327469978
699.077500946936,-3620.5619409297
354.973702147131,-4650.9058635566
481.255746786777,-5155.83115418903
129.906196821985,-5976.20482565999
-140.414770276601,-5124.5700433264
-346.80889173993,-7590.79064037846
-204.172638667936,-1161.51876717739
-174.001627287297,-1172.01247908661
44.2449201228402,-1396.61293621957
41.4806646522785,-1258.29458282742
98.8809492831474,-1516.16714948717
458.225674749045,-1618.60640440126
368.044795396125,-1682.83484593164
183.479897320448,-1644.90708227197
228.609582419133,-1445.35782694057
162.737899377219,-1568.7227637728
248.563037045763,-1855.998204145
352.487747390541,-1766.08288919156
562.710137942383,-2023.48385214613
702.280818741897,-2337.17207790913
789.285605325677,-1969.2914546236
231.685201984066,-2042.46512041948
346.458265628041,-2327.45545817031
624.953111683171,-2826.65034860756
662.966066770631,-2660.50226924718
728.872126177587,-3405.26231683982
838.989639205606,-3134.65335210351
976.460763579553,-2917.67904141002
1090.6276392032,-2534.73934247931
876.268983905746,-2195.67260517172
1221.88853898466,-2365.40160634719
1314.52744306713,-3095.73929250403
1172.25777276179,-3317.9512448759
1236.89252770572,-4005.11871359029
1653.39452492237,-4917.42365607502
1152.0930312701,-4150.91878586801
1384.25745804539,-6148.80306925226
1741.47375804427,-6531.81786834713
1157.47012711697,-4790.01334923752
969.206067185608,-6180.31378025383
697.021975033857,-5671.13667774781
654.546434100133,-6321.44764471622
-1595.93004980424,-6752.06382009575
-889.910851551962,-6723.57827700238
-849.478848969902,-5677.79184273361
-999.086926350122,-4596.42915335642
-1400.66756701886,-5348.28554363377
-1021.16076315442,-3782.87818707545
-1367.5168434387,-4661.39768434084
-1939.12050881018,-5535.91915121846
-1391.58644446733,-1285.79730623991
-1262.44480472011,-1393.87383133124
-1175.08271209313,-1607.34345135092
-1484.29495002973,-1867.96692600749
-1095.1123612996,-1629.66340396989
-2103.35022642585,-3473.5542001579
-1700.49455128088,-2926.65166475232
-1461.3399658676,-2222.28665288169
-1667.64496342,-2286.11279343494
-1308.84405713356,-1854.01930465318
-1300.79633369656,-2354.18188767266
-1427.09724152121,-2756.30526971247
-1854.35556580184,-3692.51304979832
-1710.25079768456,-3735.70872001525
-2257.46328764668,-4586.49742387229
-1036.40475663088,-2123.72669635046
-1101.95935277093,-2347.17175181485
-1011.88020822151,-2825.23713331524
-1358.15090604359,-3420.72591508789
-971.77362419465,-3221.55115109317
-1407.36720476012,-4161.03304665215
-1627.849283796,-4771.3443086429
-2970.49176518319,-6421.51998256581
-2558.99034923058,-5581.05567369301
-3539.0750041132,-6225.43098138989
-3190.95304253685,-4842.89110695286
-2428.67540497188,-3886.84024337556
-3453.75674060423,-4638.79778372663
-1670.3430430041,-1877.73704049534
-2004.36349688826,-2231.26009352793
-2363.64503750057,-3022.21054323874
-2220.58063503651,-2927.00224296375
-2950.94945832146,-3720.56150613385
-2856.55136282258,-3169.48909078009
-2278.02795134502,-2572.75911371382
-1977.16900797597,-1949.082300039
-2286.74237920488,-1913.88488013223
-1732.8001372838,-1716.26353440342
-3491.57552864934,-3590.09170021623
-3347.98705037555,-3401.91403436708
-3363.13542304834,-2848.85536219251
-2761.06419959498,-2313.15745591781
-3570.98354491733,-2750.27157973191
-2655.66880384659,-2066.3127834749
-2183.17953243014,-1688.8624786045
-1706.97169376158,-1302.55385440276
-1600.76731304698,-1358.47281477748
-1569.13841917959,-1093.12298988306
-4336.86539879806,-5725.48446879308
-4405.36793020709,-4391.19823491864
-4307.409892856,-4193.77954927324
-4661.911438639,-3872.03563759052
-4396.23003667274,-3435.72783434293
-5047.75349669982,-3260.75450990732
-3245.64696135686,-1353.29583566806
-3378.93112758363,-1815.40637955543
-4004.77173412896,-2407.75189232322
-4919.19652303617,-2759.5206373836
-4146.92407937716,-2872.05805615049
-3183.35443221685,-2014.56059398137
-3000.86460567747,-1504.6762174327
-2535.68799961982,-1075.48185824478
-2195.53089644186,-1036.37360000714
-2679.43581108907,-1056.34735933542
-2864.33977012224,-1924.94904049854
-2387.21991809978,-1626.82261455526
-1798.02008476376,-1153.41703746588
-1923.56574096388,-1017.52242532204
-1626.74213605745,-1011.13886057607
-1628.30941165032,-836.423254293029
-1825.24398730307,-765.423993183209
-2071.20375161795,-767.650911279235
-2290.37846513664,-762.645663036511
-2104.79333394182,-512.455940725135
-3771.38616564585,-1558.46159737644
-4577.03738083129,-1883.3279907936
-6255.75908180224,-2713.22189195959
-6063.35728256745,-2938.99225128963
-6445.21557613008,-2410.29491042995
-5088.54346566846,-1980.20421482154
-3942.76974918064,-1332.44869950461
-4242.43302940337,-1193.1299415402
-3170.62525213398,-1056.12880890495
-6194.76734977444,-1629.88869445257
-4991.09298593475,-1158.55679591068
-6436.8337417806,-1233.54618946046
-4502.9930767824,-874.028257675873
-3611.19281813013,-906.12889983599
-2788.91842921939,-666.91810958799
-2848.79504357394,-804.004768632962
-2369.39703888261,-641.40613626761
-2788.84402679541,-394.732237933203
-3457.70089417351,-516.871744928182
-4497.60875211809,-567.401287669149
-4463.49868633082,-446.945651599272
-5718.85500604025,-755.154782753435
-6076.1591526391,-223.91418783324
-6885.26433435374,-924.503375372828
